
> @turnos/api@0.0.1 dev
> nest start --watch

[2J[3J[H[[90m15:58:27[0m] Starting compilation in watch mode...

[[90m15:59:08[0m] Found 0 errors. Watching for file changes.

(node:13488) [DEP0190] DeprecationWarning: Passing args to a child process with shell option true can lead to security vulnerabilities, as the arguments are not escaped, only concatenated.
(Use `node --trace-deprecation ...` to show where the warning was created)
[32m[Nest] 3816  - [39m29/05/2026 15:59:27 [32m    LOG[39m [38;5;3m[NestFactory] [39m[32mStarting Nest application...[39m
[32m[Nest] 3816  - [39m29/05/2026 15:59:27 [32m    LOG[39m [38;5;3m[InstanceLoader] [39m[32mTypeOrmModule dependencies initialized[39m[38;5;3m +130ms[39m
[32m[Nest] 3816  - [39m29/05/2026 15:59:27 [32m    LOG[39m [38;5;3m[InstanceLoader] [39m[32mPassportModule dependencies initialized[39m[38;5;3m +1ms[39m
[32m[Nest] 3816  - [39m29/05/2026 15:59:27 [32m    LOG[39m [38;5;3m[InstanceLoader] [39m[32mMulterModule dependencies initialized[39m[38;5;3m +1ms[39m
[32m[Nest] 3816  - [39m29/05/2026 15:59:27 [32m    LOG[39m [38;5;3m[InstanceLoader] [39m[32mThrottlerModule dependencies initialized[39m[38;5;3m +2ms[39m
[32m[Nest] 3816  - [39m29/05/2026 15:59:27 [32m    LOG[39m [38;5;3m[InstanceLoader] [39m[32mJwtModule dependencies initialized[39m[38;5;3m +0ms[39m
[32m[Nest] 3816  - [39m29/05/2026 15:59:27 [32m    LOG[39m [38;5;3m[InstanceLoader] [39m[32mConfigHostModule dependencies initialized[39m[38;5;3m +0ms[39m
[32m[Nest] 3816  - [39m29/05/2026 15:59:27 [32m    LOG[39m [38;5;3m[InstanceLoader] [39m[32mDiscoveryModule dependencies initialized[39m[38;5;3m +1ms[39m
[32m[Nest] 3816  - [39m29/05/2026 15:59:27 [32m    LOG[39m [38;5;3m[InstanceLoader] [39m[32mServeStaticModule dependencies initialized[39m[38;5;3m +6ms[39m
[32m[Nest] 3816  - [39m29/05/2026 15:59:27 [32m    LOG[39m [38;5;3m[InstanceLoader] [39m[32mConfigModule dependencies initialized[39m[38;5;3m +0ms[39m
[32m[Nest] 3816  - [39m29/05/2026 15:59:27 [32m    LOG[39m [38;5;3m[InstanceLoader] [39m[32mConfigModule dependencies initialized[39m[38;5;3m +1ms[39m
[33m[Nest] 3816  - [39m29/05/2026 15:59:27 [33m   WARN[39m [38;5;3m[MailService] [39m[33mMAIL_HOST/MAIL_USER not set — emails will be logged to console only[39m
[33m[Nest] 3816  - [39m29/05/2026 15:59:27 [33m   WARN[39m [38;5;3m[StorageService] [39m[33mR2 credentials absent — using local disk storage[39m
[32m[Nest] 3816  - [39m29/05/2026 15:59:27 [32m    LOG[39m [38;5;3m[InstanceLoader] [39m[32mHealthModule dependencies initialized[39m[38;5;3m +2ms[39m
[32m[Nest] 3816  - [39m29/05/2026 15:59:27 [32m    LOG[39m [38;5;3m[InstanceLoader] [39m[32mAppModule dependencies initialized[39m[38;5;3m +0ms[39m
[32m[Nest] 3816  - [39m29/05/2026 15:59:27 [32m    LOG[39m [38;5;3m[InstanceLoader] [39m[32mBullModule dependencies initialized[39m[38;5;3m +240ms[39m
[32m[Nest] 3816  - [39m29/05/2026 15:59:27 [32m    LOG[39m [38;5;3m[InstanceLoader] [39m[32mBullModule dependencies initialized[39m[38;5;3m +1ms[39m
[32m[Nest] 3816  - [39m29/05/2026 15:59:27 [32m    LOG[39m [38;5;3m[InstanceLoader] [39m[32mRedisModule dependencies initialized[39m[38;5;3m +29ms[39m
[32m[Nest] 3816  - [39m29/05/2026 15:59:27 [32m    LOG[39m [38;5;3m[InstanceLoader] [39m[32mMailModule dependencies initialized[39m[38;5;3m +1ms[39m
[32m[Nest] 3816  - [39m29/05/2026 15:59:27 [32m    LOG[39m [38;5;3m[InstanceLoader] [39m[32mStorageModule dependencies initialized[39m[38;5;3m +0ms[39m
[32m[Nest] 3816  - [39m29/05/2026 15:59:27 [32m    LOG[39m [38;5;3m[InstanceLoader] [39m[32mJwtModule dependencies initialized[39m[38;5;3m +0ms[39m
[32m[Nest] 3816  - [39m29/05/2026 15:59:27 [32m    LOG[39m [38;5;3m[InstanceLoader] [39m[32mBullModule dependencies initialized[39m[38;5;3m +14ms[39m
[32m[Nest] 3816  - [39m29/05/2026 15:59:27 [32m    LOG[39m [38;5;3m[InstanceLoader] [39m[32mBullModule dependencies initialized[39m[38;5;3m +0ms[39m
[32m[Nest] 3816  - [39m29/05/2026 15:59:27 [32m    LOG[39m [38;5;3m[InstanceLoader] [39m[32mBullModule dependencies initialized[39m[38;5;3m +0ms[39m
[32m[Nest] 3816  - [39m29/05/2026 15:59:27 [32m    LOG[39m [38;5;3m[InstanceLoader] [39m[32mBullModule dependencies initialized[39m[38;5;3m +0ms[39m
[32m[Nest] 3816  - [39m29/05/2026 15:59:27 [32m    LOG[39m [38;5;3m[InstanceLoader] [39m[32mBullModule dependencies initialized[39m[38;5;3m +0ms[39m
IMPORTANT! Eviction policy is allkeys-lru. It should be "noeviction"
IMPORTANT! Eviction policy is allkeys-lru. It should be "noeviction"
IMPORTANT! Eviction policy is allkeys-lru. It should be "noeviction"
IMPORTANT! Eviction policy is allkeys-lru. It should be "noeviction"
IMPORTANT! Eviction policy is allkeys-lru. It should be "noeviction"
(node:3816) DeprecationWarning: Calling client.query() when the client is already executing a query is deprecated and will be removed in pg@9.0. Use async/await or an external async flow control mechanism instead.
(Use `node --trace-deprecation ...` to show where the warning was created)
[32m[Nest] 3816  - [39m29/05/2026 15:59:28 [32m    LOG[39m [38;5;3m[InstanceLoader] [39m[32mTypeOrmCoreModule dependencies initialized[39m[38;5;3m +1182ms[39m
[32m[Nest] 3816  - [39m29/05/2026 15:59:28 [32m    LOG[39m [38;5;3m[InstanceLoader] [39m[32mTypeOrmModule dependencies initialized[39m[38;5;3m +0ms[39m
[32m[Nest] 3816  - [39m29/05/2026 15:59:28 [32m    LOG[39m [38;5;3m[InstanceLoader] [39m[32mTypeOrmModule dependencies initialized[39m[38;5;3m +1ms[39m
[32m[Nest] 3816  - [39m29/05/2026 15:59:28 [32m    LOG[39m [38;5;3m[InstanceLoader] [39m[32mTypeOrmModule dependencies initialized[39m[38;5;3m +0ms[39m
[32m[Nest] 3816  - [39m29/05/2026 15:59:28 [32m    LOG[39m [38;5;3m[InstanceLoader] [39m[32mTypeOrmModule dependencies initialized[39m[38;5;3m +0ms[39m
[32m[Nest] 3816  - [39m29/05/2026 15:59:28 [32m    LOG[39m [38;5;3m[InstanceLoader] [39m[32mTypeOrmModule dependencies initialized[39m[38;5;3m +0ms[39m
[32m[Nest] 3816  - [39m29/05/2026 15:59:28 [32m    LOG[39m [38;5;3m[InstanceLoader] [39m[32mTypeOrmModule dependencies initialized[39m[38;5;3m +0ms[39m
[32m[Nest] 3816  - [39m29/05/2026 15:59:28 [32m    LOG[39m [38;5;3m[InstanceLoader] [39m[32mTypeOrmModule dependencies initialized[39m[38;5;3m +0ms[39m
[32m[Nest] 3816  - [39m29/05/2026 15:59:28 [32m    LOG[39m [38;5;3m[InstanceLoader] [39m[32mUsersModule dependencies initialized[39m[38;5;3m +10ms[39m
[32m[Nest] 3816  - [39m29/05/2026 15:59:28 [32m    LOG[39m [38;5;3m[InstanceLoader] [39m[32mGatewayModule dependencies initialized[39m[38;5;3m +1ms[39m
[33m[Nest] 3816  - [39m29/05/2026 15:59:28 [33m   WARN[39m [38;5;3m[AuthService] [39m[33mTwilio credentials absent — using Mock OTP (code: 123456)[39m
[32m[Nest] 3816  - [39m29/05/2026 15:59:28 [32m    LOG[39m [38;5;3m[InstanceLoader] [39m[32mNotificationsModule dependencies initialized[39m[38;5;3m +2ms[39m
[32m[Nest] 3816  - [39m29/05/2026 15:59:28 [32m    LOG[39m [38;5;3m[InstanceLoader] [39m[32mAdminModule dependencies initialized[39m[38;5;3m +0ms[39m
[32m[Nest] 3816  - [39m29/05/2026 15:59:28 [32m    LOG[39m [38;5;3m[InstanceLoader] [39m[32mPaymentsModule dependencies initialized[39m[38;5;3m +3ms[39m
[32m[Nest] 3816  - [39m29/05/2026 15:59:28 [32m    LOG[39m [38;5;3m[InstanceLoader] [39m[32mComplianceModule dependencies initialized[39m[38;5;3m +0ms[39m
[32m[Nest] 3816  - [39m29/05/2026 15:59:28 [32m    LOG[39m [38;5;3m[InstanceLoader] [39m[32mAttendanceModule dependencies initialized[39m[38;5;3m +0ms[39m
[32m[Nest] 3816  - [39m29/05/2026 15:59:28 [32m    LOG[39m [38;5;3m[InstanceLoader] [39m[32mAuthModule dependencies initialized[39m[38;5;3m +1ms[39m
[32m[Nest] 3816  - [39m29/05/2026 15:59:28 [32m    LOG[39m [38;5;3m[InstanceLoader] [39m[32mShiftsModule dependencies initialized[39m[38;5;3m +0ms[39m
[32m[Nest] 3816  - [39m29/05/2026 15:59:31 [32m    LOG[39m [38;5;3m[RoutesResolver] [39m[32mAppController {/api}:[39m[38;5;3m +2462ms[39m
[32m[Nest] 3816  - [39m29/05/2026 15:59:31 [32m    LOG[39m [38;5;3m[RouterExplorer] [39m[32mMapped {/api, GET} route[39m[38;5;3m +3ms[39m
[32m[Nest] 3816  - [39m29/05/2026 15:59:31 [32m    LOG[39m [38;5;3m[RoutesResolver] [39m[32mHealthController {/api/health}:[39m[38;5;3m +1ms[39m
[32m[Nest] 3816  - [39m29/05/2026 15:59:31 [32m    LOG[39m [38;5;3m[RouterExplorer] [39m[32mMapped {/api/health, GET} route[39m[38;5;3m +0ms[39m
[32m[Nest] 3816  - [39m29/05/2026 15:59:31 [32m    LOG[39m [38;5;3m[RoutesResolver] [39m[32mAuthController {/api/auth}:[39m[38;5;3m +0ms[39m
[32m[Nest] 3816  - [39m29/05/2026 15:59:31 [32m    LOG[39m [38;5;3m[RouterExplorer] [39m[32mMapped {/api/auth/send-otp, POST} route[39m[38;5;3m +1ms[39m
[32m[Nest] 3816  - [39m29/05/2026 15:59:31 [32m    LOG[39m [38;5;3m[RouterExplorer] [39m[32mMapped {/api/auth/verify-otp, POST} route[39m[38;5;3m +1ms[39m
[32m[Nest] 3816  - [39m29/05/2026 15:59:31 [32m    LOG[39m [38;5;3m[RouterExplorer] [39m[32mMapped {/api/auth/register/employer, POST} route[39m[38;5;3m +0ms[39m
[32m[Nest] 3816  - [39m29/05/2026 15:59:31 [32m    LOG[39m [38;5;3m[RouterExplorer] [39m[32mMapped {/api/auth/login/employer, POST} route[39m[38;5;3m +0ms[39m
[32m[Nest] 3816  - [39m29/05/2026 15:59:31 [32m    LOG[39m [38;5;3m[RouterExplorer] [39m[32mMapped {/api/auth/verify-email/:token, GET} route[39m[38;5;3m +1ms[39m
[32m[Nest] 3816  - [39m29/05/2026 15:59:31 [32m    LOG[39m [38;5;3m[RouterExplorer] [39m[32mMapped {/api/auth/google/verify-token, POST} route[39m[38;5;3m +0ms[39m
[32m[Nest] 3816  - [39m29/05/2026 15:59:31 [32m    LOG[39m [38;5;3m[RouterExplorer] [39m[32mMapped {/api/auth/refresh, POST} route[39m[38;5;3m +0ms[39m
[32m[Nest] 3816  - [39m29/05/2026 15:59:31 [32m    LOG[39m [38;5;3m[RouterExplorer] [39m[32mMapped {/api/auth/logout, POST} route[39m[38;5;3m +1ms[39m
[32m[Nest] 3816  - [39m29/05/2026 15:59:31 [32m    LOG[39m [38;5;3m[RouterExplorer] [39m[32mMapped {/api/auth/worker/profile, POST} route[39m[38;5;3m +0ms[39m
[32m[Nest] 3816  - [39m29/05/2026 15:59:31 [32m    LOG[39m [38;5;3m[RouterExplorer] [39m[32mMapped {/api/auth/worker/photo, POST} route[39m[38;5;3m +0ms[39m
[32m[Nest] 3816  - [39m29/05/2026 15:59:31 [32m    LOG[39m [38;5;3m[RouterExplorer] [39m[32mMapped {/api/auth/me, GET} route[39m[38;5;3m +0ms[39m
[32m[Nest] 3816  - [39m29/05/2026 15:59:31 [32m    LOG[39m [38;5;3m[RouterExplorer] [39m[32mMapped {/api/auth/worker/push-token, POST} route[39m[38;5;3m +0ms[39m
[32m[Nest] 3816  - [39m29/05/2026 15:59:31 [32m    LOG[39m [38;5;3m[RoutesResolver] [39m[32mComplianceController {/api/compliance}:[39m[38;5;3m +1ms[39m
[32m[Nest] 3816  - [39m29/05/2026 15:59:31 [32m    LOG[39m [38;5;3m[RouterExplorer] [39m[32mMapped {/api/compliance/employer/tsu-report, GET} route[39m[38;5;3m +0ms[39m
[32m[Nest] 3816  - [39m29/05/2026 15:59:31 [32m    LOG[39m [38;5;3m[RouterExplorer] [39m[32mMapped {/api/compliance/employer/mcd-contracts, GET} route[39m[38;5;3m +0ms[39m
[32m[Nest] 3816  - [39m29/05/2026 15:59:31 [32m    LOG[39m [38;5;3m[RouterExplorer] [39m[32mMapped {/api/compliance/employer/audit-log, GET} route[39m[38;5;3m +0ms[39m
[32m[Nest] 3816  - [39m29/05/2026 15:59:31 [32m    LOG[39m [38;5;3m[RouterExplorer] [39m[32mMapped {/api/compliance/worker/dependency, GET} route[39m[38;5;3m +0ms[39m
[32m[Nest] 3816  - [39m29/05/2026 15:59:31 [32m    LOG[39m [38;5;3m[RouterExplorer] [39m[32mMapped {/api/compliance/worker/external-income, PATCH} route[39m[38;5;3m +0ms[39m
[32m[Nest] 3816  - [39m29/05/2026 15:59:31 [32m    LOG[39m [38;5;3m[RoutesResolver] [39m[32mAttendanceController {/api/attendance}:[39m[38;5;3m +1ms[39m
[32m[Nest] 3816  - [39m29/05/2026 15:59:31 [32m    LOG[39m [38;5;3m[RouterExplorer] [39m[32mMapped {/api/attendance/employer-qr, GET} route[39m[38;5;3m +0ms[39m
[32m[Nest] 3816  - [39m29/05/2026 15:59:31 [32m    LOG[39m [38;5;3m[RouterExplorer] [39m[32mMapped {/api/attendance/:shiftId/manual-confirm, POST} route[39m[38;5;3m +0ms[39m
[32m[Nest] 3816  - [39m29/05/2026 15:59:31 [32m    LOG[39m [38;5;3m[RouterExplorer] [39m[32mMapped {/api/attendance/:shiftId/dispute/employer, POST} route[39m[38;5;3m +0ms[39m
[32m[Nest] 3816  - [39m29/05/2026 15:59:31 [32m    LOG[39m [38;5;3m[RouterExplorer] [39m[32mMapped {/api/attendance/check-in, POST} route[39m[38;5;3m +0ms[39m
[32m[Nest] 3816  - [39m29/05/2026 15:59:31 [32m    LOG[39m [38;5;3m[RouterExplorer] [39m[32mMapped {/api/attendance/check-out, POST} route[39m[38;5;3m +0ms[39m
[32m[Nest] 3816  - [39m29/05/2026 15:59:31 [32m    LOG[39m [38;5;3m[RouterExplorer] [39m[32mMapped {/api/attendance/:shiftId/dispute/worker, POST} route[39m[38;5;3m +0ms[39m
[32m[Nest] 3816  - [39m29/05/2026 15:59:31 [32m    LOG[39m [38;5;3m[RouterExplorer] [39m[32mMapped {/api/attendance/:shiftId, GET} route[39m[38;5;3m +1ms[39m
[32m[Nest] 3816  - [39m29/05/2026 15:59:31 [32m    LOG[39m [38;5;3m[RoutesResolver] [39m[32mPaymentsController {/api/payments}:[39m[38;5;3m +0ms[39m
[32m[Nest] 3816  - [39m29/05/2026 15:59:31 [32m    LOG[39m [38;5;3m[RouterExplorer] [39m[32mMapped {/api/payments/employer/setup-intent, POST} route[39m[38;5;3m +0ms[39m
[32m[Nest] 3816  - [39m29/05/2026 15:59:31 [32m    LOG[39m [38;5;3m[RouterExplorer] [39m[32mMapped {/api/payments/employer/save-payment-method, POST} route[39m[38;5;3m +0ms[39m
[32m[Nest] 3816  - [39m29/05/2026 15:59:31 [32m    LOG[39m [38;5;3m[RouterExplorer] [39m[32mMapped {/api/payments/employer/subscribe, POST} route[39m[38;5;3m +0ms[39m
[32m[Nest] 3816  - [39m29/05/2026 15:59:31 [32m    LOG[39m [38;5;3m[RouterExplorer] [39m[32mMapped {/api/payments/employer/cancel-subscription, POST} route[39m[38;5;3m +0ms[39m
[32m[Nest] 3816  - [39m29/05/2026 15:59:31 [32m    LOG[39m [38;5;3m[RouterExplorer] [39m[32mMapped {/api/payments/employer/spending, GET} route[39m[38;5;3m +0ms[39m
[32m[Nest] 3816  - [39m29/05/2026 15:59:31 [32m    LOG[39m [38;5;3m[RouterExplorer] [39m[32mMapped {/api/payments/worker/connect, POST} route[39m[38;5;3m +1ms[39m
[32m[Nest] 3816  - [39m29/05/2026 15:59:31 [32m    LOG[39m [38;5;3m[RouterExplorer] [39m[32mMapped {/api/payments/worker/dashboard-link, GET} route[39m[38;5;3m +0ms[39m
[32m[Nest] 3816  - [39m29/05/2026 15:59:31 [32m    LOG[39m [38;5;3m[RouterExplorer] [39m[32mMapped {/api/payments/worker/earnings, GET} route[39m[38;5;3m +0ms[39m
[32m[Nest] 3816  - [39m29/05/2026 15:59:31 [32m    LOG[39m [38;5;3m[RouterExplorer] [39m[32mMapped {/api/payments/webhook, POST} route[39m[38;5;3m +0ms[39m
[32m[Nest] 3816  - [39m29/05/2026 15:59:31 [32m    LOG[39m [38;5;3m[RoutesResolver] [39m[32mShiftsController {/api/shifts}:[39m[38;5;3m +0ms[39m
[32m[Nest] 3816  - [39m29/05/2026 15:59:31 [32m    LOG[39m [38;5;3m[RouterExplorer] [39m[32mMapped {/api/shifts, POST} route[39m[38;5;3m +0ms[39m
[32m[Nest] 3816  - [39m29/05/2026 15:59:31 [32m    LOG[39m [38;5;3m[RouterExplorer] [39m[32mMapped {/api/shifts/employer/mine, GET} route[39m[38;5;3m +0ms[39m
[32m[Nest] 3816  - [39m29/05/2026 15:59:31 [32m    LOG[39m [38;5;3m[RouterExplorer] [39m[32mMapped {/api/shifts/employer/workers, GET} route[39m[38;5;3m +1ms[39m
[32m[Nest] 3816  - [39m29/05/2026 15:59:31 [32m    LOG[39m [38;5;3m[RouterExplorer] [39m[32mMapped {/api/shifts/:id, PATCH} route[39m[38;5;3m +0ms[39m
[32m[Nest] 3816  - [39m29/05/2026 15:59:31 [32m    LOG[39m [38;5;3m[RouterExplorer] [39m[32mMapped {/api/shifts/:id/cancel, POST} route[39m[38;5;3m +0ms[39m
[32m[Nest] 3816  - [39m29/05/2026 15:59:31 [32m    LOG[39m [38;5;3m[RouterExplorer] [39m[32mMapped {/api/shifts/:id/applications, GET} route[39m[38;5;3m +0ms[39m
[32m[Nest] 3816  - [39m29/05/2026 15:59:31 [32m    LOG[39m [38;5;3m[RouterExplorer] [39m[32mMapped {/api/shifts/:id/applications/:appId/approve, POST} route[39m[38;5;3m +0ms[39m
[32m[Nest] 3816  - [39m29/05/2026 15:59:31 [32m    LOG[39m [38;5;3m[RouterExplorer] [39m[32mMapped {/api/shifts/search, GET} route[39m[38;5;3m +1ms[39m
[32m[Nest] 3816  - [39m29/05/2026 15:59:31 [32m    LOG[39m [38;5;3m[RouterExplorer] [39m[32mMapped {/api/shifts/:id/apply, POST} route[39m[38;5;3m +0ms[39m
[32m[Nest] 3816  - [39m29/05/2026 15:59:31 [32m    LOG[39m [38;5;3m[RouterExplorer] [39m[32mMapped {/api/shifts/worker/applied, GET} route[39m[38;5;3m +0ms[39m
[32m[Nest] 3816  - [39m29/05/2026 15:59:31 [32m    LOG[39m [38;5;3m[RouterExplorer] [39m[32mMapped {/api/shifts/:id, GET} route[39m[38;5;3m +0ms[39m
[32m[Nest] 3816  - [39m29/05/2026 15:59:31 [32m    LOG[39m [38;5;3m[RoutesResolver] [39m[32mAdminController {/api/admin}:[39m[38;5;3m +0ms[39m
[32m[Nest] 3816  - [39m29/05/2026 15:59:31 [32m    LOG[39m [38;5;3m[RouterExplorer] [39m[32mMapped {/api/admin/workers/pending, GET} route[39m[38;5;3m +0ms[39m
[32m[Nest] 3816  - [39m29/05/2026 15:59:31 [32m    LOG[39m [38;5;3m[RouterExplorer] [39m[32mMapped {/api/admin/workers/:id/approve, POST} route[39m[38;5;3m +0ms[39m
[32m[Nest] 3816  - [39m29/05/2026 15:59:31 [32m    LOG[39m [38;5;3m[RouterExplorer] [39m[32mMapped {/api/admin/workers/:id/reject, POST} route[39m[38;5;3m +0ms[39m
[32m[Nest] 3816  - [39m29/05/2026 15:59:31 [32m    LOG[39m [38;5;3m[RedisService] [39m[32mRedis client initialized[39m
IMPORTANT! Eviction policy is allkeys-lru. It should be "noeviction"
IMPORTANT! Eviction policy is allkeys-lru. It should be "noeviction"
IMPORTANT! Eviction policy is allkeys-lru. It should be "noeviction"
IMPORTANT! Eviction policy is allkeys-lru. It should be "noeviction"
IMPORTANT! Eviction policy is allkeys-lru. It should be "noeviction"
IMPORTANT! Eviction policy is allkeys-lru. It should be "noeviction"
IMPORTANT! Eviction policy is allkeys-lru. It should be "noeviction"
IMPORTANT! Eviction policy is allkeys-lru. It should be "noeviction"
IMPORTANT! Eviction policy is allkeys-lru. It should be "noeviction"
[32m[Nest] 3816  - [39m29/05/2026 15:59:31 [32m    LOG[39m [38;5;3m[QuarterlySsSchedulerService] [39m[32m[SS Scheduler] Quarterly SS reminder cron registered: 0 9 1 3,6,9,12 *[39m
[32m[Nest] 3816  - [39m29/05/2026 15:59:31 [32m    LOG[39m [38;5;3m[NestApplication] [39m[32mNest application successfully started[39m[38;5;3m +2ms[39m
[32m[Nest] 3816  - [39m29/05/2026 15:59:31 [32m    LOG[39m [38;5;3m[Bootstrap] [39m[32m🚀 Turnos API running at http://localhost:3001/api[39m
[32m[Nest] 3816  - [39m29/05/2026 15:59:31 [32m    LOG[39m [38;5;3m[Bootstrap] [39m[32m🏥 Health check: http://localhost:3001/api/health[39m
[32m[Nest] 3816  - [39m29/05/2026 15:59:31 [32m    LOG[39m [38;5;3m[Bootstrap] [39m[32m📦 Environment: development[39m
[32m[Nest] 3816  - [39m29/05/2026 16:00:13 [32m    LOG[39m [38;5;3m[PaymentsService] [39m[32m[Payments] Webhook received: customer.created[39m
[95m[Nest] 3816  - [39m29/05/2026 16:00:13 [95m  DEBUG[39m [38;5;3m[PaymentsService] [39m[95m[Payments] Unhandled webhook event: customer.created[39m
[32m[Nest] 3816  - [39m29/05/2026 16:00:13 [32m    LOG[39m [38;5;3m[PaymentsService] [39m[32m[Payments] Webhook received: customer.created[39m
[95m[Nest] 3816  - [39m29/05/2026 16:00:13 [95m  DEBUG[39m [38;5;3m[PaymentsService] [39m[95m[Payments] Unhandled webhook event: customer.created[39m
[32m[Nest] 3816  - [39m29/05/2026 16:00:14 [32m    LOG[39m [38;5;3m[PaymentsService] [39m[32m[Payments] Webhook received: payment_method.attached[39m
[95m[Nest] 3816  - [39m29/05/2026 16:00:14 [95m  DEBUG[39m [38;5;3m[PaymentsService] [39m[95m[Payments] Unhandled webhook event: payment_method.attached[39m
[32m[Nest] 3816  - [39m29/05/2026 16:00:14 [32m    LOG[39m [38;5;3m[PaymentsService] [39m[32m[Payments] Webhook received: payment_method.attached[39m
[95m[Nest] 3816  - [39m29/05/2026 16:00:14 [95m  DEBUG[39m [38;5;3m[PaymentsService] [39m[95m[Payments] Unhandled webhook event: payment_method.attached[39m
[32m[Nest] 3816  - [39m29/05/2026 16:00:15 [32m    LOG[39m [38;5;3m[PaymentsService] [39m[32m[Payments] Webhook received: customer.updated[39m
[95m[Nest] 3816  - [39m29/05/2026 16:00:15 [95m  DEBUG[39m [38;5;3m[PaymentsService] [39m[95m[Payments] Unhandled webhook event: customer.updated[39m
[32m[Nest] 3816  - [39m29/05/2026 16:00:15 [32m    LOG[39m [38;5;3m[PaymentsService] [39m[32m[Payments] Webhook received: customer.updated[39m
[95m[Nest] 3816  - [39m29/05/2026 16:00:15 [95m  DEBUG[39m [38;5;3m[PaymentsService] [39m[95m[Payments] Unhandled webhook event: customer.updated[39m
[32m[Nest] 3816  - [39m29/05/2026 16:00:15 [32m    LOG[39m [38;5;3m[PaymentsService] [39m[32m[Payments] Webhook received: invoiceitem.created[39m
[95m[Nest] 3816  - [39m29/05/2026 16:00:15 [95m  DEBUG[39m [38;5;3m[PaymentsService] [39m[95m[Payments] Unhandled webhook event: invoiceitem.created[39m
[32m[Nest] 3816  - [39m29/05/2026 16:00:15 [32m    LOG[39m [38;5;3m[PaymentsService] [39m[32m[Payments] Webhook received: invoiceitem.created[39m
[95m[Nest] 3816  - [39m29/05/2026 16:00:15 [95m  DEBUG[39m [38;5;3m[PaymentsService] [39m[95m[Payments] Unhandled webhook event: invoiceitem.created[39m
[32m[Nest] 3816  - [39m29/05/2026 16:00:15 [32m    LOG[39m [38;5;3m[PaymentsService] [39m[32m[Payments] Webhook received: invoice.created[39m
[95m[Nest] 3816  - [39m29/05/2026 16:00:15 [95m  DEBUG[39m [38;5;3m[PaymentsService] [39m[95m[Payments] Unhandled webhook event: invoice.created[39m
[32m[Nest] 3816  - [39m29/05/2026 16:00:15 [32m    LOG[39m [38;5;3m[PaymentsService] [39m[32m[Payments] Webhook received: invoice.created[39m
[95m[Nest] 3816  - [39m29/05/2026 16:00:15 [95m  DEBUG[39m [38;5;3m[PaymentsService] [39m[95m[Payments] Unhandled webhook event: invoice.created[39m
[32m[Nest] 3816  - [39m29/05/2026 16:00:20 [32m    LOG[39m [38;5;3m[PaymentsService] [39m[32m[Payments] Webhook received: charge.succeeded[39m
[95m[Nest] 3816  - [39m29/05/2026 16:00:20 [95m  DEBUG[39m [38;5;3m[PaymentsService] [39m[95m[Payments] Unhandled webhook event: charge.succeeded[39m
[32m[Nest] 3816  - [39m29/05/2026 16:00:20 [32m    LOG[39m [38;5;3m[PaymentsService] [39m[32m[Payments] Webhook received: charge.succeeded[39m
[95m[Nest] 3816  - [39m29/05/2026 16:00:20 [95m  DEBUG[39m [38;5;3m[PaymentsService] [39m[95m[Payments] Unhandled webhook event: charge.succeeded[39m
[32m[Nest] 3816  - [39m29/05/2026 16:00:20 [32m    LOG[39m [38;5;3m[PaymentsService] [39m[32m[Payments] Webhook received: invoice.finalized[39m
[95m[Nest] 3816  - [39m29/05/2026 16:00:20 [95m  DEBUG[39m [38;5;3m[PaymentsService] [39m[95m[Payments] Unhandled webhook event: invoice.finalized[39m
[32m[Nest] 3816  - [39m29/05/2026 16:00:20 [32m    LOG[39m [38;5;3m[PaymentsService] [39m[32m[Payments] Webhook received: invoice.finalized[39m
[95m[Nest] 3816  - [39m29/05/2026 16:00:20 [95m  DEBUG[39m [38;5;3m[PaymentsService] [39m[95m[Payments] Unhandled webhook event: invoice.finalized[39m
[32m[Nest] 3816  - [39m29/05/2026 16:00:20 [32m    LOG[39m [38;5;3m[PaymentsService] [39m[32m[Payments] Webhook received: invoice.paid[39m
[95m[Nest] 3816  - [39m29/05/2026 16:00:20 [95m  DEBUG[39m [38;5;3m[PaymentsService] [39m[95m[Payments] Unhandled webhook event: invoice.paid[39m
[32m[Nest] 3816  - [39m29/05/2026 16:00:20 [32m    LOG[39m [38;5;3m[PaymentsService] [39m[32m[Payments] Webhook received: invoice.paid[39m
[95m[Nest] 3816  - [39m29/05/2026 16:00:20 [95m  DEBUG[39m [38;5;3m[PaymentsService] [39m[95m[Payments] Unhandled webhook event: invoice.paid[39m
[32m[Nest] 3816  - [39m29/05/2026 16:00:20 [32m    LOG[39m [38;5;3m[PaymentsService] [39m[32m[Payments] Webhook received: payment_intent.created[39m
[95m[Nest] 3816  - [39m29/05/2026 16:00:20 [95m  DEBUG[39m [38;5;3m[PaymentsService] [39m[95m[Payments] Unhandled webhook event: payment_intent.created[39m
[32m[Nest] 3816  - [39m29/05/2026 16:00:20 [32m    LOG[39m [38;5;3m[PaymentsService] [39m[32m[Payments] Webhook received: payment_intent.created[39m
[95m[Nest] 3816  - [39m29/05/2026 16:00:20 [95m  DEBUG[39m [38;5;3m[PaymentsService] [39m[95m[Payments] Unhandled webhook event: payment_intent.created[39m
[32m[Nest] 3816  - [39m29/05/2026 16:00:20 [32m    LOG[39m [38;5;3m[PaymentsService] [39m[32m[Payments] Webhook received: payment_intent.succeeded[39m
[95m[Nest] 3816  - [39m29/05/2026 16:00:20 [95m  DEBUG[39m [38;5;3m[PaymentsService] [39m[95m[Payments] Unhandled webhook event: payment_intent.succeeded[39m
[32m[Nest] 3816  - [39m29/05/2026 16:00:20 [32m    LOG[39m [38;5;3m[PaymentsService] [39m[32m[Payments] Webhook received: payment_intent.succeeded[39m
[95m[Nest] 3816  - [39m29/05/2026 16:00:20 [95m  DEBUG[39m [38;5;3m[PaymentsService] [39m[95m[Payments] Unhandled webhook event: payment_intent.succeeded[39m
[32m[Nest] 3816  - [39m29/05/2026 16:00:20 [32m    LOG[39m [38;5;3m[PaymentsService] [39m[32m[Payments] Webhook received: invoice.updated[39m
[95m[Nest] 3816  - [39m29/05/2026 16:00:20 [95m  DEBUG[39m [38;5;3m[PaymentsService] [39m[95m[Payments] Unhandled webhook event: invoice.updated[39m
[32m[Nest] 3816  - [39m29/05/2026 16:00:20 [32m    LOG[39m [38;5;3m[PaymentsService] [39m[32m[Payments] Webhook received: invoice.updated[39m
[95m[Nest] 3816  - [39m29/05/2026 16:00:20 [95m  DEBUG[39m [38;5;3m[PaymentsService] [39m[95m[Payments] Unhandled webhook event: invoice.updated[39m
[32m[Nest] 3816  - [39m29/05/2026 16:00:20 [32m    LOG[39m [38;5;3m[PaymentsService] [39m[32m[Payments] Webhook received: invoice.payment_succeeded[39m
[32m[Nest] 3816  - [39m29/05/2026 16:00:20 [32m    LOG[39m [38;5;3m[PaymentsService] [39m[32m[Payments] Webhook received: invoice.payment_succeeded[39m
[32m[Nest] 3816  - [39m29/05/2026 16:00:21 [32m    LOG[39m [38;5;3m[PaymentsService] [39m[32m[Payments] Subscription activated for customer cus_UbeFEyUobuWy7U[39m
[32m[Nest] 3816  - [39m29/05/2026 16:00:21 [32m    LOG[39m [38;5;3m[PaymentsService] [39m[32m[Payments] Subscription activated for customer cus_UbeFEyUobuWy7U[39m
[32m[Nest] 3816  - [39m29/05/2026 16:00:24 [32m    LOG[39m [38;5;3m[PaymentsService] [39m[32m[Payments] Webhook received: customer.created[39m
[95m[Nest] 3816  - [39m29/05/2026 16:00:24 [95m  DEBUG[39m [38;5;3m[PaymentsService] [39m[95m[Payments] Unhandled webhook event: customer.created[39m
[32m[Nest] 3816  - [39m29/05/2026 16:00:24 [32m    LOG[39m [38;5;3m[PaymentsService] [39m[32m[Payments] Webhook received: customer.created[39m
[95m[Nest] 3816  - [39m29/05/2026 16:00:24 [95m  DEBUG[39m [38;5;3m[PaymentsService] [39m[95m[Payments] Unhandled webhook event: customer.created[39m
[32m[Nest] 3816  - [39m29/05/2026 16:00:25 [32m    LOG[39m [38;5;3m[PaymentsService] [39m[32m[Payments] Webhook received: payment_method.attached[39m
[95m[Nest] 3816  - [39m29/05/2026 16:00:25 [95m  DEBUG[39m [38;5;3m[PaymentsService] [39m[95m[Payments] Unhandled webhook event: payment_method.attached[39m
[32m[Nest] 3816  - [39m29/05/2026 16:00:25 [32m    LOG[39m [38;5;3m[PaymentsService] [39m[32m[Payments] Webhook received: payment_method.attached[39m
[95m[Nest] 3816  - [39m29/05/2026 16:00:25 [95m  DEBUG[39m [38;5;3m[PaymentsService] [39m[95m[Payments] Unhandled webhook event: payment_method.attached[39m
[32m[Nest] 3816  - [39m29/05/2026 16:00:25 [32m    LOG[39m [38;5;3m[PaymentsService] [39m[32m[Payments] Webhook received: customer.updated[39m
[95m[Nest] 3816  - [39m29/05/2026 16:00:25 [95m  DEBUG[39m [38;5;3m[PaymentsService] [39m[95m[Payments] Unhandled webhook event: customer.updated[39m
[32m[Nest] 3816  - [39m29/05/2026 16:00:25 [32m    LOG[39m [38;5;3m[PaymentsService] [39m[32m[Payments] Webhook received: customer.updated[39m
[95m[Nest] 3816  - [39m29/05/2026 16:00:25 [95m  DEBUG[39m [38;5;3m[PaymentsService] [39m[95m[Payments] Unhandled webhook event: customer.updated[39m
[32m[Nest] 3816  - [39m29/05/2026 16:00:25 [32m    LOG[39m [38;5;3m[PaymentsService] [39m[32m[Payments] Webhook received: invoiceitem.created[39m
[95m[Nest] 3816  - [39m29/05/2026 16:00:25 [95m  DEBUG[39m [38;5;3m[PaymentsService] [39m[95m[Payments] Unhandled webhook event: invoiceitem.created[39m
[32m[Nest] 3816  - [39m29/05/2026 16:00:25 [32m    LOG[39m [38;5;3m[PaymentsService] [39m[32m[Payments] Webhook received: invoiceitem.created[39m
[95m[Nest] 3816  - [39m29/05/2026 16:00:25 [95m  DEBUG[39m [38;5;3m[PaymentsService] [39m[95m[Payments] Unhandled webhook event: invoiceitem.created[39m
[32m[Nest] 3816  - [39m29/05/2026 16:00:26 [32m    LOG[39m [38;5;3m[PaymentsService] [39m[32m[Payments] Webhook received: invoice.created[39m
[95m[Nest] 3816  - [39m29/05/2026 16:00:26 [95m  DEBUG[39m [38;5;3m[PaymentsService] [39m[95m[Payments] Unhandled webhook event: invoice.created[39m
[32m[Nest] 3816  - [39m29/05/2026 16:00:26 [32m    LOG[39m [38;5;3m[PaymentsService] [39m[32m[Payments] Webhook received: invoice.created[39m
[95m[Nest] 3816  - [39m29/05/2026 16:00:26 [95m  DEBUG[39m [38;5;3m[PaymentsService] [39m[95m[Payments] Unhandled webhook event: invoice.created[39m
[32m[Nest] 3816  - [39m29/05/2026 16:00:29 [32m    LOG[39m [38;5;3m[PaymentsService] [39m[32m[Payments] Webhook received: charge.failed[39m
[95m[Nest] 3816  - [39m29/05/2026 16:00:29 [95m  DEBUG[39m [38;5;3m[PaymentsService] [39m[95m[Payments] Unhandled webhook event: charge.failed[39m
[32m[Nest] 3816  - [39m29/05/2026 16:00:29 [32m    LOG[39m [38;5;3m[PaymentsService] [39m[32m[Payments] Webhook received: charge.failed[39m
[95m[Nest] 3816  - [39m29/05/2026 16:00:29 [95m  DEBUG[39m [38;5;3m[PaymentsService] [39m[95m[Payments] Unhandled webhook event: charge.failed[39m
[32m[Nest] 3816  - [39m29/05/2026 16:00:29 [32m    LOG[39m [38;5;3m[PaymentsService] [39m[32m[Payments] Webhook received: invoice.finalized[39m
[95m[Nest] 3816  - [39m29/05/2026 16:00:29 [95m  DEBUG[39m [38;5;3m[PaymentsService] [39m[95m[Payments] Unhandled webhook event: invoice.finalized[39m
[32m[Nest] 3816  - [39m29/05/2026 16:00:29 [32m    LOG[39m [38;5;3m[PaymentsService] [39m[32m[Payments] Webhook received: invoice.finalized[39m
[95m[Nest] 3816  - [39m29/05/2026 16:00:29 [95m  DEBUG[39m [38;5;3m[PaymentsService] [39m[95m[Payments] Unhandled webhook event: invoice.finalized[39m
[32m[Nest] 3816  - [39m29/05/2026 16:00:29 [32m    LOG[39m [38;5;3m[PaymentsService] [39m[32m[Payments] Webhook received: payment_intent.created[39m
[95m[Nest] 3816  - [39m29/05/2026 16:00:29 [95m  DEBUG[39m [38;5;3m[PaymentsService] [39m[95m[Payments] Unhandled webhook event: payment_intent.created[39m
[32m[Nest] 3816  - [39m29/05/2026 16:00:29 [32m    LOG[39m [38;5;3m[PaymentsService] [39m[32m[Payments] Webhook received: payment_intent.created[39m
[95m[Nest] 3816  - [39m29/05/2026 16:00:29 [95m  DEBUG[39m [38;5;3m[PaymentsService] [39m[95m[Payments] Unhandled webhook event: payment_intent.created[39m
[32m[Nest] 3816  - [39m29/05/2026 16:00:29 [32m    LOG[39m [38;5;3m[PaymentsService] [39m[32m[Payments] Webhook received: invoice.updated[39m
[95m[Nest] 3816  - [39m29/05/2026 16:00:29 [95m  DEBUG[39m [38;5;3m[PaymentsService] [39m[95m[Payments] Unhandled webhook event: invoice.updated[39m
[32m[Nest] 3816  - [39m29/05/2026 16:00:29 [32m    LOG[39m [38;5;3m[PaymentsService] [39m[32m[Payments] Webhook received: invoice.updated[39m
[95m[Nest] 3816  - [39m29/05/2026 16:00:29 [95m  DEBUG[39m [38;5;3m[PaymentsService] [39m[95m[Payments] Unhandled webhook event: invoice.updated[39m
[32m[Nest] 3816  - [39m29/05/2026 16:00:29 [32m    LOG[39m [38;5;3m[PaymentsService] [39m[32m[Payments] Webhook received: invoice.payment_failed[39m
[32m[Nest] 3816  - [39m29/05/2026 16:00:29 [32m    LOG[39m [38;5;3m[PaymentsService] [39m[32m[Payments] Webhook received: invoice.payment_failed[39m
[33m[Nest] 3816  - [39m29/05/2026 16:00:29 [33m   WARN[39m [38;5;3m[PaymentsService] [39m[33m[Payments] Subscription past due for customer cus_UbeGbfU2tkdrcE[39m
[33m[Nest] 3816  - [39m29/05/2026 16:00:29 [33m   WARN[39m [38;5;3m[PaymentsService] [39m[33m[Payments] Subscription past due for customer cus_UbeGbfU2tkdrcE[39m
[32m[Nest] 3816  - [39m29/05/2026 16:00:29 [32m    LOG[39m [38;5;3m[PaymentsService] [39m[32m[Payments] Webhook received: payment_intent.payment_failed[39m
[95m[Nest] 3816  - [39m29/05/2026 16:00:29 [95m  DEBUG[39m [38;5;3m[PaymentsService] [39m[95m[Payments] Unhandled webhook event: payment_intent.payment_failed[39m
[32m[Nest] 3816  - [39m29/05/2026 16:00:29 [32m    LOG[39m [38;5;3m[PaymentsService] [39m[32m[Payments] Webhook received: payment_intent.payment_failed[39m
[95m[Nest] 3816  - [39m29/05/2026 16:00:29 [95m  DEBUG[39m [38;5;3m[PaymentsService] [39m[95m[Payments] Unhandled webhook event: payment_intent.payment_failed[39m
[32m[Nest] 3816  - [39m29/05/2026 16:00:33 [32m    LOG[39m [38;5;3m[PaymentsService] [39m[32m[Payments] Webhook received: payment_method.attached[39m
[95m[Nest] 3816  - [39m29/05/2026 16:00:33 [95m  DEBUG[39m [38;5;3m[PaymentsService] [39m[95m[Payments] Unhandled webhook event: payment_method.attached[39m
[32m[Nest] 3816  - [39m29/05/2026 16:00:33 [32m    LOG[39m [38;5;3m[PaymentsService] [39m[32m[Payments] Webhook received: payment_method.attached[39m
[95m[Nest] 3816  - [39m29/05/2026 16:00:33 [95m  DEBUG[39m [38;5;3m[PaymentsService] [39m[95m[Payments] Unhandled webhook event: payment_method.attached[39m
[32m[Nest] 3816  - [39m29/05/2026 16:00:33 [32m    LOG[39m [38;5;3m[PaymentsService] [39m[32m[Payments] Webhook received: customer.created[39m
[95m[Nest] 3816  - [39m29/05/2026 16:00:33 [95m  DEBUG[39m [38;5;3m[PaymentsService] [39m[95m[Payments] Unhandled webhook event: customer.created[39m
[32m[Nest] 3816  - [39m29/05/2026 16:00:33 [32m    LOG[39m [38;5;3m[PaymentsService] [39m[32m[Payments] Webhook received: customer.created[39m
[95m[Nest] 3816  - [39m29/05/2026 16:00:33 [95m  DEBUG[39m [38;5;3m[PaymentsService] [39m[95m[Payments] Unhandled webhook event: customer.created[39m
[32m[Nest] 3816  - [39m29/05/2026 16:00:34 [32m    LOG[39m [38;5;3m[PaymentsService] [39m[32m[Payments] Webhook received: product.created[39m
[95m[Nest] 3816  - [39m29/05/2026 16:00:34 [95m  DEBUG[39m [38;5;3m[PaymentsService] [39m[95m[Payments] Unhandled webhook event: product.created[39m
[32m[Nest] 3816  - [39m29/05/2026 16:00:34 [32m    LOG[39m [38;5;3m[PaymentsService] [39m[32m[Payments] Webhook received: product.created[39m
[95m[Nest] 3816  - [39m29/05/2026 16:00:34 [95m  DEBUG[39m [38;5;3m[PaymentsService] [39m[95m[Payments] Unhandled webhook event: product.created[39m
[32m[Nest] 3816  - [39m29/05/2026 16:00:34 [32m    LOG[39m [38;5;3m[PaymentsService] [39m[32m[Payments] Webhook received: plan.created[39m
[95m[Nest] 3816  - [39m29/05/2026 16:00:34 [95m  DEBUG[39m [38;5;3m[PaymentsService] [39m[95m[Payments] Unhandled webhook event: plan.created[39m
[32m[Nest] 3816  - [39m29/05/2026 16:00:34 [32m    LOG[39m [38;5;3m[PaymentsService] [39m[32m[Payments] Webhook received: plan.created[39m
[95m[Nest] 3816  - [39m29/05/2026 16:00:34 [95m  DEBUG[39m [38;5;3m[PaymentsService] [39m[95m[Payments] Unhandled webhook event: plan.created[39m
[32m[Nest] 3816  - [39m29/05/2026 16:00:34 [32m    LOG[39m [38;5;3m[PaymentsService] [39m[32m[Payments] Webhook received: price.created[39m
[95m[Nest] 3816  - [39m29/05/2026 16:00:34 [95m  DEBUG[39m [38;5;3m[PaymentsService] [39m[95m[Payments] Unhandled webhook event: price.created[39m
[32m[Nest] 3816  - [39m29/05/2026 16:00:34 [32m    LOG[39m [38;5;3m[PaymentsService] [39m[32m[Payments] Webhook received: price.created[39m
[95m[Nest] 3816  - [39m29/05/2026 16:00:34 [95m  DEBUG[39m [38;5;3m[PaymentsService] [39m[95m[Payments] Unhandled webhook event: price.created[39m
[32m[Nest] 3816  - [39m29/05/2026 16:00:37 [32m    LOG[39m [38;5;3m[PaymentsService] [39m[32m[Payments] Webhook received: charge.succeeded[39m
[95m[Nest] 3816  - [39m29/05/2026 16:00:37 [95m  DEBUG[39m [38;5;3m[PaymentsService] [39m[95m[Payments] Unhandled webhook event: charge.succeeded[39m
[32m[Nest] 3816  - [39m29/05/2026 16:00:37 [32m    LOG[39m [38;5;3m[PaymentsService] [39m[32m[Payments] Webhook received: charge.succeeded[39m
[95m[Nest] 3816  - [39m29/05/2026 16:00:37 [95m  DEBUG[39m [38;5;3m[PaymentsService] [39m[95m[Payments] Unhandled webhook event: charge.succeeded[39m
[32m[Nest] 3816  - [39m29/05/2026 16:00:37 [32m    LOG[39m [38;5;3m[PaymentsService] [39m[32m[Payments] Webhook received: invoice.finalized[39m
[95m[Nest] 3816  - [39m29/05/2026 16:00:37 [95m  DEBUG[39m [38;5;3m[PaymentsService] [39m[95m[Payments] Unhandled webhook event: invoice.finalized[39m
[32m[Nest] 3816  - [39m29/05/2026 16:00:37 [32m    LOG[39m [38;5;3m[PaymentsService] [39m[32m[Payments] Webhook received: invoice.finalized[39m
[95m[Nest] 3816  - [39m29/05/2026 16:00:37 [95m  DEBUG[39m [38;5;3m[PaymentsService] [39m[95m[Payments] Unhandled webhook event: invoice.finalized[39m
[32m[Nest] 3816  - [39m29/05/2026 16:03:25 [32m    LOG[39m [38;5;3m[PaymentsService] [39m[32m[Payments] Webhook received: payment_method.attached[39m
[95m[Nest] 3816  - [39m29/05/2026 16:03:25 [95m  DEBUG[39m [38;5;3m[PaymentsService] [39m[95m[Payments] Unhandled webhook event: payment_method.attached[39m
[32m[Nest] 3816  - [39m29/05/2026 16:03:25 [32m    LOG[39m [38;5;3m[PaymentsService] [39m[32m[Payments] Webhook received: payment_method.attached[39m
[95m[Nest] 3816  - [39m29/05/2026 16:03:25 [95m  DEBUG[39m [38;5;3m[PaymentsService] [39m[95m[Payments] Unhandled webhook event: payment_method.attached[39m
[32m[Nest] 3816  - [39m29/05/2026 16:03:25 [32m    LOG[39m [38;5;3m[PaymentsService] [39m[32m[Payments] Webhook received: payment_method.attached[39m
[95m[Nest] 3816  - [39m29/05/2026 16:03:25 [95m  DEBUG[39m [38;5;3m[PaymentsService] [39m[95m[Payments] Unhandled webhook event: payment_method.attached[39m
[32m[Nest] 3816  - [39m29/05/2026 16:03:25 [32m    LOG[39m [38;5;3m[PaymentsService] [39m[32m[Payments] Webhook received: customer.created[39m
[95m[Nest] 3816  - [39m29/05/2026 16:03:25 [95m  DEBUG[39m [38;5;3m[PaymentsService] [39m[95m[Payments] Unhandled webhook event: customer.created[39m
[32m[Nest] 3816  - [39m29/05/2026 16:03:25 [32m    LOG[39m [38;5;3m[PaymentsService] [39m[32m[Payments] Webhook received: customer.created[39m
[95m[Nest] 3816  - [39m29/05/2026 16:03:25 [95m  DEBUG[39m [38;5;3m[PaymentsService] [39m[95m[Payments] Unhandled webhook event: customer.created[39m
[32m[Nest] 3816  - [39m29/05/2026 16:03:25 [32m    LOG[39m [38;5;3m[PaymentsService] [39m[32m[Payments] Webhook received: customer.created[39m
[95m[Nest] 3816  - [39m29/05/2026 16:03:25 [95m  DEBUG[39m [38;5;3m[PaymentsService] [39m[95m[Payments] Unhandled webhook event: customer.created[39m
[32m[Nest] 3816  - [39m29/05/2026 16:03:26 [32m    LOG[39m [38;5;3m[PaymentsService] [39m[32m[Payments] Webhook received: product.created[39m
[95m[Nest] 3816  - [39m29/05/2026 16:03:26 [95m  DEBUG[39m [38;5;3m[PaymentsService] [39m[95m[Payments] Unhandled webhook event: product.created[39m
[32m[Nest] 3816  - [39m29/05/2026 16:03:26 [32m    LOG[39m [38;5;3m[PaymentsService] [39m[32m[Payments] Webhook received: product.created[39m
[95m[Nest] 3816  - [39m29/05/2026 16:03:26 [95m  DEBUG[39m [38;5;3m[PaymentsService] [39m[95m[Payments] Unhandled webhook event: product.created[39m
[32m[Nest] 3816  - [39m29/05/2026 16:03:26 [32m    LOG[39m [38;5;3m[PaymentsService] [39m[32m[Payments] Webhook received: product.created[39m
[95m[Nest] 3816  - [39m29/05/2026 16:03:26 [95m  DEBUG[39m [38;5;3m[PaymentsService] [39m[95m[Payments] Unhandled webhook event: product.created[39m
[32m[Nest] 3816  - [39m29/05/2026 16:03:26 [32m    LOG[39m [38;5;3m[PaymentsService] [39m[32m[Payments] Webhook received: plan.created[39m
[95m[Nest] 3816  - [39m29/05/2026 16:03:26 [95m  DEBUG[39m [38;5;3m[PaymentsService] [39m[95m[Payments] Unhandled webhook event: plan.created[39m
[32m[Nest] 3816  - [39m29/05/2026 16:03:26 [32m    LOG[39m [38;5;3m[PaymentsService] [39m[32m[Payments] Webhook received: plan.created[39m
[95m[Nest] 3816  - [39m29/05/2026 16:03:26 [95m  DEBUG[39m [38;5;3m[PaymentsService] [39m[95m[Payments] Unhandled webhook event: plan.created[39m
[32m[Nest] 3816  - [39m29/05/2026 16:03:26 [32m    LOG[39m [38;5;3m[PaymentsService] [39m[32m[Payments] Webhook received: plan.created[39m
[95m[Nest] 3816  - [39m29/05/2026 16:03:26 [95m  DEBUG[39m [38;5;3m[PaymentsService] [39m[95m[Payments] Unhandled webhook event: plan.created[39m
[32m[Nest] 3816  - [39m29/05/2026 16:03:26 [32m    LOG[39m [38;5;3m[PaymentsService] [39m[32m[Payments] Webhook received: price.created[39m
[95m[Nest] 3816  - [39m29/05/2026 16:03:26 [95m  DEBUG[39m [38;5;3m[PaymentsService] [39m[95m[Payments] Unhandled webhook event: price.created[39m
[32m[Nest] 3816  - [39m29/05/2026 16:03:26 [32m    LOG[39m [38;5;3m[PaymentsService] [39m[32m[Payments] Webhook received: price.created[39m
[95m[Nest] 3816  - [39m29/05/2026 16:03:26 [95m  DEBUG[39m [38;5;3m[PaymentsService] [39m[95m[Payments] Unhandled webhook event: price.created[39m
[32m[Nest] 3816  - [39m29/05/2026 16:03:26 [32m    LOG[39m [38;5;3m[PaymentsService] [39m[32m[Payments] Webhook received: price.created[39m
[95m[Nest] 3816  - [39m29/05/2026 16:03:26 [95m  DEBUG[39m [38;5;3m[PaymentsService] [39m[95m[Payments] Unhandled webhook event: price.created[39m
[32m[Nest] 3816  - [39m29/05/2026 16:03:30 [32m    LOG[39m [38;5;3m[PaymentsService] [39m[32m[Payments] Webhook received: charge.succeeded[39m
[95m[Nest] 3816  - [39m29/05/2026 16:03:30 [95m  DEBUG[39m [38;5;3m[PaymentsService] [39m[95m[Payments] Unhandled webhook event: charge.succeeded[39m
[32m[Nest] 3816  - [39m29/05/2026 16:03:30 [32m    LOG[39m [38;5;3m[PaymentsService] [39m[32m[Payments] Webhook received: charge.succeeded[39m
[95m[Nest] 3816  - [39m29/05/2026 16:03:30 [95m  DEBUG[39m [38;5;3m[PaymentsService] [39m[95m[Payments] Unhandled webhook event: charge.succeeded[39m
[32m[Nest] 3816  - [39m29/05/2026 16:03:30 [32m    LOG[39m [38;5;3m[PaymentsService] [39m[32m[Payments] Webhook received: charge.succeeded[39m
[95m[Nest] 3816  - [39m29/05/2026 16:03:30 [95m  DEBUG[39m [38;5;3m[PaymentsService] [39m[95m[Payments] Unhandled webhook event: charge.succeeded[39m
[32m[Nest] 3816  - [39m29/05/2026 16:03:30 [32m    LOG[39m [38;5;3m[PaymentsService] [39m[32m[Payments] Webhook received: invoice.finalized[39m
[95m[Nest] 3816  - [39m29/05/2026 16:03:30 [95m  DEBUG[39m [38;5;3m[PaymentsService] [39m[95m[Payments] Unhandled webhook event: invoice.finalized[39m
[32m[Nest] 3816  - [39m29/05/2026 16:03:30 [32m    LOG[39m [38;5;3m[PaymentsService] [39m[32m[Payments] Webhook received: invoice.finalized[39m
[95m[Nest] 3816  - [39m29/05/2026 16:03:30 [95m  DEBUG[39m [38;5;3m[PaymentsService] [39m[95m[Payments] Unhandled webhook event: invoice.finalized[39m
[32m[Nest] 3816  - [39m29/05/2026 16:03:30 [32m    LOG[39m [38;5;3m[PaymentsService] [39m[32m[Payments] Webhook received: invoice.finalized[39m
[95m[Nest] 3816  - [39m29/05/2026 16:03:30 [95m  DEBUG[39m [38;5;3m[PaymentsService] [39m[95m[Payments] Unhandled webhook event: invoice.finalized[39m
[32m[Nest] 3816  - [39m29/05/2026 16:03:30 [32m    LOG[39m [38;5;3m[PaymentsService] [39m[32m[Payments] Webhook received: invoice.paid[39m
[95m[Nest] 3816  - [39m29/05/2026 16:03:30 [95m  DEBUG[39m [38;5;3m[PaymentsService] [39m[95m[Payments] Unhandled webhook event: invoice.paid[39m
[32m[Nest] 3816  - [39m29/05/2026 16:03:30 [32m    LOG[39m [38;5;3m[PaymentsService] [39m[32m[Payments] Webhook received: invoice.paid[39m
[95m[Nest] 3816  - [39m29/05/2026 16:03:30 [95m  DEBUG[39m [38;5;3m[PaymentsService] [39m[95m[Payments] Unhandled webhook event: invoice.paid[39m
[32m[Nest] 3816  - [39m29/05/2026 16:03:30 [32m    LOG[39m [38;5;3m[PaymentsService] [39m[32m[Payments] Webhook received: invoice.paid[39m
[95m[Nest] 3816  - [39m29/05/2026 16:03:30 [95m  DEBUG[39m [38;5;3m[PaymentsService] [39m[95m[Payments] Unhandled webhook event: invoice.paid[39m
[32m[Nest] 3816  - [39m29/05/2026 16:03:30 [32m    LOG[39m [38;5;3m[PaymentsService] [39m[32m[Payments] Webhook received: customer.subscription.created[39m
[95m[Nest] 3816  - [39m29/05/2026 16:03:30 [95m  DEBUG[39m [38;5;3m[PaymentsService] [39m[95m[Payments] Unhandled webhook event: customer.subscription.created[39m
[32m[Nest] 3816  - [39m29/05/2026 16:03:30 [32m    LOG[39m [38;5;3m[PaymentsService] [39m[32m[Payments] Webhook received: customer.subscription.created[39m
[95m[Nest] 3816  - [39m29/05/2026 16:03:30 [95m  DEBUG[39m [38;5;3m[PaymentsService] [39m[95m[Payments] Unhandled webhook event: customer.subscription.created[39m
[32m[Nest] 3816  - [39m29/05/2026 16:03:30 [32m    LOG[39m [38;5;3m[PaymentsService] [39m[32m[Payments] Webhook received: customer.subscription.created[39m
[95m[Nest] 3816  - [39m29/05/2026 16:03:30 [95m  DEBUG[39m [38;5;3m[PaymentsService] [39m[95m[Payments] Unhandled webhook event: customer.subscription.created[39m
[32m[Nest] 3816  - [39m29/05/2026 16:03:30 [32m    LOG[39m [38;5;3m[PaymentsService] [39m[32m[Payments] Webhook received: customer.updated[39m
[95m[Nest] 3816  - [39m29/05/2026 16:03:30 [95m  DEBUG[39m [38;5;3m[PaymentsService] [39m[95m[Payments] Unhandled webhook event: customer.updated[39m
[32m[Nest] 3816  - [39m29/05/2026 16:03:30 [32m    LOG[39m [38;5;3m[PaymentsService] [39m[32m[Payments] Webhook received: customer.updated[39m
[95m[Nest] 3816  - [39m29/05/2026 16:03:30 [95m  DEBUG[39m [38;5;3m[PaymentsService] [39m[95m[Payments] Unhandled webhook event: customer.updated[39m
[32m[Nest] 3816  - [39m29/05/2026 16:03:30 [32m    LOG[39m [38;5;3m[PaymentsService] [39m[32m[Payments] Webhook received: customer.updated[39m
[95m[Nest] 3816  - [39m29/05/2026 16:03:30 [95m  DEBUG[39m [38;5;3m[PaymentsService] [39m[95m[Payments] Unhandled webhook event: customer.updated[39m
[32m[Nest] 3816  - [39m29/05/2026 16:03:30 [32m    LOG[39m [38;5;3m[PaymentsService] [39m[32m[Payments] Webhook received: payment_intent.succeeded[39m
[95m[Nest] 3816  - [39m29/05/2026 16:03:30 [95m  DEBUG[39m [38;5;3m[PaymentsService] [39m[95m[Payments] Unhandled webhook event: payment_intent.succeeded[39m
[32m[Nest] 3816  - [39m29/05/2026 16:03:30 [32m    LOG[39m [38;5;3m[PaymentsService] [39m[32m[Payments] Webhook received: payment_intent.succeeded[39m
[95m[Nest] 3816  - [39m29/05/2026 16:03:30 [95m  DEBUG[39m [38;5;3m[PaymentsService] [39m[95m[Payments] Unhandled webhook event: payment_intent.succeeded[39m
[32m[Nest] 3816  - [39m29/05/2026 16:03:30 [32m    LOG[39m [38;5;3m[PaymentsService] [39m[32m[Payments] Webhook received: payment_intent.succeeded[39m
[95m[Nest] 3816  - [39m29/05/2026 16:03:30 [95m  DEBUG[39m [38;5;3m[PaymentsService] [39m[95m[Payments] Unhandled webhook event: payment_intent.succeeded[39m
[32m[Nest] 3816  - [39m29/05/2026 16:03:31 [32m    LOG[39m [38;5;3m[PaymentsService] [39m[32m[Payments] Webhook received: payment_intent.created[39m
[95m[Nest] 3816  - [39m29/05/2026 16:03:31 [95m  DEBUG[39m [38;5;3m[PaymentsService] [39m[95m[Payments] Unhandled webhook event: payment_intent.created[39m
[32m[Nest] 3816  - [39m29/05/2026 16:03:31 [32m    LOG[39m [38;5;3m[PaymentsService] [39m[32m[Payments] Webhook received: payment_intent.created[39m
[95m[Nest] 3816  - [39m29/05/2026 16:03:31 [95m  DEBUG[39m [38;5;3m[PaymentsService] [39m[95m[Payments] Unhandled webhook event: payment_intent.created[39m
[32m[Nest] 3816  - [39m29/05/2026 16:03:31 [32m    LOG[39m [38;5;3m[PaymentsService] [39m[32m[Payments] Webhook received: payment_intent.created[39m
[95m[Nest] 3816  - [39m29/05/2026 16:03:31 [95m  DEBUG[39m [38;5;3m[PaymentsService] [39m[95m[Payments] Unhandled webhook event: payment_intent.created[39m
[32m[Nest] 3816  - [39m29/05/2026 16:03:31 [32m    LOG[39m [38;5;3m[PaymentsService] [39m[32m[Payments] Webhook received: invoice.created[39m
[95m[Nest] 3816  - [39m29/05/2026 16:03:31 [95m  DEBUG[39m [38;5;3m[PaymentsService] [39m[95m[Payments] Unhandled webhook event: invoice.created[39m
[32m[Nest] 3816  - [39m29/05/2026 16:03:31 [32m    LOG[39m [38;5;3m[PaymentsService] [39m[32m[Payments] Webhook received: invoice.created[39m
[95m[Nest] 3816  - [39m29/05/2026 16:03:31 [95m  DEBUG[39m [38;5;3m[PaymentsService] [39m[95m[Payments] Unhandled webhook event: invoice.created[39m
[32m[Nest] 3816  - [39m29/05/2026 16:03:31 [32m    LOG[39m [38;5;3m[PaymentsService] [39m[32m[Payments] Webhook received: invoice.created[39m
[95m[Nest] 3816  - [39m29/05/2026 16:03:31 [95m  DEBUG[39m [38;5;3m[PaymentsService] [39m[95m[Payments] Unhandled webhook event: invoice.created[39m
[32m[Nest] 3816  - [39m29/05/2026 16:03:31 [32m    LOG[39m [38;5;3m[PaymentsService] [39m[32m[Payments] Webhook received: invoice.payment_succeeded[39m
[32m[Nest] 3816  - [39m29/05/2026 16:03:31 [32m    LOG[39m [38;5;3m[PaymentsService] [39m[32m[Payments] Webhook received: invoice.payment_succeeded[39m
[32m[Nest] 3816  - [39m29/05/2026 16:03:31 [32m    LOG[39m [38;5;3m[PaymentsService] [39m[32m[Payments] Webhook received: invoice.payment_succeeded[39m
[32m[Nest] 3816  - [39m29/05/2026 16:03:31 [32m    LOG[39m [38;5;3m[PaymentsService] [39m[32m[Payments] Subscription activated for customer cus_UbeJarnw7NQkO9[39m
[32m[Nest] 3816  - [39m29/05/2026 16:03:31 [32m    LOG[39m [38;5;3m[PaymentsService] [39m[32m[Payments] Subscription activated for customer cus_UbeJarnw7NQkO9[39m
[32m[Nest] 3816  - [39m29/05/2026 16:03:31 [32m    LOG[39m [38;5;3m[PaymentsService] [39m[32m[Payments] Subscription activated for customer cus_UbeJarnw7NQkO9[39m
[32m[Nest] 3816  - [39m29/05/2026 16:03:31 [32m    LOG[39m [38;5;3m[PaymentsService] [39m[32m[Payments] Webhook received: customer.subscription.deleted[39m
[32m[Nest] 3816  - [39m29/05/2026 16:03:31 [32m    LOG[39m [38;5;3m[PaymentsService] [39m[32m[Payments] Webhook received: customer.subscription.deleted[39m
[32m[Nest] 3816  - [39m29/05/2026 16:03:31 [32m    LOG[39m [38;5;3m[PaymentsService] [39m[32m[Payments] Webhook received: customer.subscription.deleted[39m
[33m[Nest] 3816  - [39m29/05/2026 16:03:31 [33m   WARN[39m [38;5;3m[PaymentsService] [39m[33m[Payments] Subscription cancelled for customer cus_UbeJarnw7NQkO9[39m
[33m[Nest] 3816  - [39m29/05/2026 16:03:31 [33m   WARN[39m [38;5;3m[PaymentsService] [39m[33m[Payments] Subscription cancelled for customer cus_UbeJarnw7NQkO9[39m
[33m[Nest] 3816  - [39m29/05/2026 16:03:31 [33m   WARN[39m [38;5;3m[PaymentsService] [39m[33m[Payments] Subscription cancelled for customer cus_UbeJarnw7NQkO9[39m
[32m[Nest] 3816  - [39m29/05/2026 16:04:00 [32m    LOG[39m [38;5;3m[PaymentsService] [39m[32m[Payments] Webhook received: invoice_payment.paid[39m
[95m[Nest] 3816  - [39m29/05/2026 16:04:00 [95m  DEBUG[39m [38;5;3m[PaymentsService] [39m[95m[Payments] Unhandled webhook event: invoice_payment.paid[39m
[32m[Nest] 3816  - [39m29/05/2026 16:04:00 [32m    LOG[39m [38;5;3m[PaymentsService] [39m[32m[Payments] Webhook received: invoice_payment.paid[39m
[95m[Nest] 3816  - [39m29/05/2026 16:04:00 [95m  DEBUG[39m [38;5;3m[PaymentsService] [39m[95m[Payments] Unhandled webhook event: invoice_payment.paid[39m
[32m[Nest] 3816  - [39m29/05/2026 16:09:04 [32m    LOG[39m [38;5;3m[ShiftsGateway] [39m[32mEmployer 273d01e9-3077-4838-b59d-913a597cde87 joined WS room[39m
[32m[Nest] 3816  - [39m29/05/2026 16:10:16 [32m    LOG[39m [38;5;3m[AttendanceService] [39m[32m[Attendance] Static QR requested for employer 273d01e9-3077-4838-b59d-913a597cde87[39m
[32m[Nest] 3816  - [39m29/05/2026 16:10:16 [32m    LOG[39m [38;5;3m[AttendanceService] [39m[32m[Attendance] Static QR requested for employer 273d01e9-3077-4838-b59d-913a597cde87[39m
[95m[Nest] 3816  - [39m29/05/2026 16:10:34 [95m  DEBUG[39m [38;5;3m[ShiftsGateway] [39m[95mClient c83PabEqwFyWN2QWAAAC disconnected[39m
[32m[Nest] 3816  - [39m29/05/2026 16:10:43 [32m    LOG[39m [38;5;3m[ShiftsGateway] [39m[32mEmployer 273d01e9-3077-4838-b59d-913a597cde87 joined WS room[39m
[95m[Nest] 3816  - [39m29/05/2026 16:11:05 [95m  DEBUG[39m [38;5;3m[ShiftsGateway] [39m[95mClient UtxnWysY4K24I8NSAAAE disconnected[39m
[32m[Nest] 3816  - [39m29/05/2026 16:13:29 [32m    LOG[39m [38;5;3m[ShiftsGateway] [39m[32mEmployer 273d01e9-3077-4838-b59d-913a597cde87 joined WS room[39m
[95m[Nest] 3816  - [39m29/05/2026 16:13:33 [95m  DEBUG[39m [38;5;3m[ShiftsGateway] [39m[95mClient pNaohfjYLGk3t_ciAAAH disconnected[39m
[32m[Nest] 3816  - [39m29/05/2026 16:13:52 [32m    LOG[39m [38;5;3m[ShiftsGateway] [39m[32mEmployer 273d01e9-3077-4838-b59d-913a597cde87 joined WS room[39m
[95m[Nest] 3816  - [39m29/05/2026 17:27:27 [95m  DEBUG[39m [38;5;3m[ShiftsGateway] [39m[95mClient O4elM5kR83vatktdAAAJ disconnected[39m
[32m[Nest] 3816  - [39m29/05/2026 17:27:30 [32m    LOG[39m [38;5;3m[ShiftsGateway] [39m[32mEmployer 273d01e9-3077-4838-b59d-913a597cde87 joined WS room[39m
[2J[3J[H[[90m17:27:46[0m] File change detected. Starting incremental compilation...

[[90m17:27:48[0m] Found 0 errors. Watching for file changes.

[2J[3J[H[[90m17:27:48[0m] File change detected. Starting incremental compilation...

[[90m17:27:51[0m] Found 0 errors. Watching for file changes.

[2J[3J[H[[90m17:27:51[0m] File change detected. Starting incremental compilation...

[[90m17:27:52[0m] Found 0 errors. Watching for file changes.

[2J[3J[H[[90m17:27:53[0m] File change detected. Starting incremental compilation...

[[90m17:27:54[0m] Found 0 errors. Watching for file changes.

[2J[3J[H[[90m17:27:57[0m] File change detected. Starting incremental compilation...

[[90m17:27:58[0m] Found 0 errors. Watching for file changes.

[2J[3J[H[[90m17:27:59[0m] File change detected. Starting incremental compilation...

[[90m17:28:00[0m] Found 0 errors. Watching for file changes.

[2J[3J[H[[90m17:28:06[0m] File change detected. Starting incremental compilation...

[32m[Nest] 26680  - [39m29/05/2026 17:28:07 [32m    LOG[39m [38;5;3m[NestFactory] [39m[32mStarting Nest application...[39m
[32m[Nest] 26680  - [39m29/05/2026 17:28:07 [32m    LOG[39m [38;5;3m[InstanceLoader] [39m[32mTypeOrmModule dependencies initialized[39m[38;5;3m +38ms[39m
[32m[Nest] 26680  - [39m29/05/2026 17:28:07 [32m    LOG[39m [38;5;3m[InstanceLoader] [39m[32mPassportModule dependencies initialized[39m[38;5;3m +0ms[39m
[32m[Nest] 26680  - [39m29/05/2026 17:28:07 [32m    LOG[39m [38;5;3m[InstanceLoader] [39m[32mMulterModule dependencies initialized[39m[38;5;3m +0ms[39m
[32m[Nest] 26680  - [39m29/05/2026 17:28:07 [32m    LOG[39m [38;5;3m[InstanceLoader] [39m[32mThrottlerModule dependencies initialized[39m[38;5;3m +1ms[39m
[32m[Nest] 26680  - [39m29/05/2026 17:28:07 [32m    LOG[39m [38;5;3m[InstanceLoader] [39m[32mJwtModule dependencies initialized[39m[38;5;3m +0ms[39m
[32m[Nest] 26680  - [39m29/05/2026 17:28:07 [32m    LOG[39m [38;5;3m[InstanceLoader] [39m[32mConfigHostModule dependencies initialized[39m[38;5;3m +0ms[39m
[32m[Nest] 26680  - [39m29/05/2026 17:28:07 [32m    LOG[39m [38;5;3m[InstanceLoader] [39m[32mDiscoveryModule dependencies initialized[39m[38;5;3m +1ms[39m
[32m[Nest] 26680  - [39m29/05/2026 17:28:07 [32m    LOG[39m [38;5;3m[InstanceLoader] [39m[32mServeStaticModule dependencies initialized[39m[38;5;3m +1ms[39m
[32m[Nest] 26680  - [39m29/05/2026 17:28:07 [32m    LOG[39m [38;5;3m[InstanceLoader] [39m[32mConfigModule dependencies initialized[39m[38;5;3m +0ms[39m
[32m[Nest] 26680  - [39m29/05/2026 17:28:07 [32m    LOG[39m [38;5;3m[InstanceLoader] [39m[32mConfigModule dependencies initialized[39m[38;5;3m +0ms[39m
[33m[Nest] 26680  - [39m29/05/2026 17:28:07 [33m   WARN[39m [38;5;3m[MailService] [39m[33mMAIL_HOST/MAIL_USER not set — emails will be logged to console only[39m
[33m[Nest] 26680  - [39m29/05/2026 17:28:07 [33m   WARN[39m [38;5;3m[StorageService] [39m[33mR2 credentials absent — using local disk storage[39m
[32m[Nest] 26680  - [39m29/05/2026 17:28:07 [32m    LOG[39m [38;5;3m[InstanceLoader] [39m[32mHealthModule dependencies initialized[39m[38;5;3m +2ms[39m
[32m[Nest] 26680  - [39m29/05/2026 17:28:07 [32m    LOG[39m [38;5;3m[InstanceLoader] [39m[32mAppModule dependencies initialized[39m[38;5;3m +0ms[39m
[32m[Nest] 26680  - [39m29/05/2026 17:28:07 [32m    LOG[39m [38;5;3m[InstanceLoader] [39m[32mBullModule dependencies initialized[39m[38;5;3m +111ms[39m
[32m[Nest] 26680  - [39m29/05/2026 17:28:07 [32m    LOG[39m [38;5;3m[InstanceLoader] [39m[32mBullModule dependencies initialized[39m[38;5;3m +0ms[39m
[32m[Nest] 26680  - [39m29/05/2026 17:28:07 [32m    LOG[39m [38;5;3m[InstanceLoader] [39m[32mRedisModule dependencies initialized[39m[38;5;3m +14ms[39m
[32m[Nest] 26680  - [39m29/05/2026 17:28:07 [32m    LOG[39m [38;5;3m[InstanceLoader] [39m[32mMailModule dependencies initialized[39m[38;5;3m +0ms[39m
[32m[Nest] 26680  - [39m29/05/2026 17:28:07 [32m    LOG[39m [38;5;3m[InstanceLoader] [39m[32mStorageModule dependencies initialized[39m[38;5;3m +0ms[39m
[32m[Nest] 26680  - [39m29/05/2026 17:28:07 [32m    LOG[39m [38;5;3m[InstanceLoader] [39m[32mJwtModule dependencies initialized[39m[38;5;3m +1ms[39m
[32m[Nest] 26680  - [39m29/05/2026 17:28:07 [32m    LOG[39m [38;5;3m[InstanceLoader] [39m[32mBullModule dependencies initialized[39m[38;5;3m +7ms[39m
[32m[Nest] 26680  - [39m29/05/2026 17:28:07 [32m    LOG[39m [38;5;3m[InstanceLoader] [39m[32mBullModule dependencies initialized[39m[38;5;3m +0ms[39m
[32m[Nest] 26680  - [39m29/05/2026 17:28:07 [32m    LOG[39m [38;5;3m[InstanceLoader] [39m[32mBullModule dependencies initialized[39m[38;5;3m +0ms[39m
[32m[Nest] 26680  - [39m29/05/2026 17:28:07 [32m    LOG[39m [38;5;3m[InstanceLoader] [39m[32mBullModule dependencies initialized[39m[38;5;3m +0ms[39m
[32m[Nest] 26680  - [39m29/05/2026 17:28:07 [32m    LOG[39m [38;5;3m[InstanceLoader] [39m[32mBullModule dependencies initialized[39m[38;5;3m +0ms[39m
IMPORTANT! Eviction policy is allkeys-lru. It should be "noeviction"
IMPORTANT! Eviction policy is allkeys-lru. It should be "noeviction"
IMPORTANT! Eviction policy is allkeys-lru. It should be "noeviction"
IMPORTANT! Eviction policy is allkeys-lru. It should be "noeviction"
IMPORTANT! Eviction policy is allkeys-lru. It should be "noeviction"
(node:26680) DeprecationWarning: Calling client.query() when the client is already executing a query is deprecated and will be removed in pg@9.0. Use async/await or an external async flow control mechanism instead.
(Use `node --trace-deprecation ...` to show where the warning was created)
[32m[Nest] 26680  - [39m29/05/2026 17:28:07 [32m    LOG[39m [38;5;3m[InstanceLoader] [39m[32mTypeOrmCoreModule dependencies initialized[39m[38;5;3m +410ms[39m
[32m[Nest] 26680  - [39m29/05/2026 17:28:07 [32m    LOG[39m [38;5;3m[InstanceLoader] [39m[32mTypeOrmModule dependencies initialized[39m[38;5;3m +1ms[39m
[32m[Nest] 26680  - [39m29/05/2026 17:28:07 [32m    LOG[39m [38;5;3m[InstanceLoader] [39m[32mTypeOrmModule dependencies initialized[39m[38;5;3m +0ms[39m
[32m[Nest] 26680  - [39m29/05/2026 17:28:07 [32m    LOG[39m [38;5;3m[InstanceLoader] [39m[32mTypeOrmModule dependencies initialized[39m[38;5;3m +0ms[39m
[32m[Nest] 26680  - [39m29/05/2026 17:28:07 [32m    LOG[39m [38;5;3m[InstanceLoader] [39m[32mTypeOrmModule dependencies initialized[39m[38;5;3m +0ms[39m
[32m[Nest] 26680  - [39m29/05/2026 17:28:07 [32m    LOG[39m [38;5;3m[InstanceLoader] [39m[32mTypeOrmModule dependencies initialized[39m[38;5;3m +0ms[39m
[32m[Nest] 26680  - [39m29/05/2026 17:28:07 [32m    LOG[39m [38;5;3m[InstanceLoader] [39m[32mTypeOrmModule dependencies initialized[39m[38;5;3m +0ms[39m
[32m[Nest] 26680  - [39m29/05/2026 17:28:07 [32m    LOG[39m [38;5;3m[InstanceLoader] [39m[32mTypeOrmModule dependencies initialized[39m[38;5;3m +0ms[39m
[32m[Nest] 26680  - [39m29/05/2026 17:28:07 [32m    LOG[39m [38;5;3m[InstanceLoader] [39m[32mUsersModule dependencies initialized[39m[38;5;3m +8ms[39m
[32m[Nest] 26680  - [39m29/05/2026 17:28:07 [32m    LOG[39m [38;5;3m[InstanceLoader] [39m[32mGatewayModule dependencies initialized[39m[38;5;3m +0ms[39m
[33m[Nest] 26680  - [39m29/05/2026 17:28:07 [33m   WARN[39m [38;5;3m[AuthService] [39m[33mTwilio credentials absent — using Mock OTP (code: 123456)[39m
[32m[Nest] 26680  - [39m29/05/2026 17:28:07 [32m    LOG[39m [38;5;3m[InstanceLoader] [39m[32mNotificationsModule dependencies initialized[39m[38;5;3m +0ms[39m
[32m[Nest] 26680  - [39m29/05/2026 17:28:07 [32m    LOG[39m [38;5;3m[InstanceLoader] [39m[32mAdminModule dependencies initialized[39m[38;5;3m +1ms[39m
[32m[Nest] 26680  - [39m29/05/2026 17:28:07 [32m    LOG[39m [38;5;3m[InstanceLoader] [39m[32mPaymentsModule dependencies initialized[39m[38;5;3m +1ms[39m
[32m[Nest] 26680  - [39m29/05/2026 17:28:07 [32m    LOG[39m [38;5;3m[InstanceLoader] [39m[32mComplianceModule dependencies initialized[39m[38;5;3m +0ms[39m
[32m[Nest] 26680  - [39m29/05/2026 17:28:07 [32m    LOG[39m [38;5;3m[InstanceLoader] [39m[32mAttendanceModule dependencies initialized[39m[38;5;3m +1ms[39m
[32m[Nest] 26680  - [39m29/05/2026 17:28:07 [32m    LOG[39m [38;5;3m[InstanceLoader] [39m[32mAuthModule dependencies initialized[39m[38;5;3m +0ms[39m
[32m[Nest] 26680  - [39m29/05/2026 17:28:07 [32m    LOG[39m [38;5;3m[InstanceLoader] [39m[32mShiftsModule dependencies initialized[39m[38;5;3m +0ms[39m
[[90m17:28:08[0m] Found 0 errors. Watching for file changes.

[2J[3J[H[[90m17:28:08[0m] File change detected. Starting incremental compilation...

[[90m17:28:10[0m] Found 0 errors. Watching for file changes.

[32m[Nest] 23808  - [39m29/05/2026 17:28:15 [32m    LOG[39m [38;5;3m[NestFactory] [39m[32mStarting Nest application...[39m
[32m[Nest] 23808  - [39m29/05/2026 17:28:15 [32m    LOG[39m [38;5;3m[InstanceLoader] [39m[32mTypeOrmModule dependencies initialized[39m[38;5;3m +56ms[39m
[32m[Nest] 23808  - [39m29/05/2026 17:28:15 [32m    LOG[39m [38;5;3m[InstanceLoader] [39m[32mPassportModule dependencies initialized[39m[38;5;3m +1ms[39m
[32m[Nest] 23808  - [39m29/05/2026 17:28:15 [32m    LOG[39m [38;5;3m[InstanceLoader] [39m[32mMulterModule dependencies initialized[39m[38;5;3m +0ms[39m
[32m[Nest] 23808  - [39m29/05/2026 17:28:15 [32m    LOG[39m [38;5;3m[InstanceLoader] [39m[32mThrottlerModule dependencies initialized[39m[38;5;3m +8ms[39m
[32m[Nest] 23808  - [39m29/05/2026 17:28:15 [32m    LOG[39m [38;5;3m[InstanceLoader] [39m[32mJwtModule dependencies initialized[39m[38;5;3m +0ms[39m
[32m[Nest] 23808  - [39m29/05/2026 17:28:15 [32m    LOG[39m [38;5;3m[InstanceLoader] [39m[32mConfigHostModule dependencies initialized[39m[38;5;3m +1ms[39m
[32m[Nest] 23808  - [39m29/05/2026 17:28:15 [32m    LOG[39m [38;5;3m[InstanceLoader] [39m[32mDiscoveryModule dependencies initialized[39m[38;5;3m +2ms[39m
[32m[Nest] 23808  - [39m29/05/2026 17:28:15 [32m    LOG[39m [38;5;3m[InstanceLoader] [39m[32mServeStaticModule dependencies initialized[39m[38;5;3m +1ms[39m
[32m[Nest] 23808  - [39m29/05/2026 17:28:15 [32m    LOG[39m [38;5;3m[InstanceLoader] [39m[32mConfigModule dependencies initialized[39m[38;5;3m +1ms[39m
[32m[Nest] 23808  - [39m29/05/2026 17:28:15 [32m    LOG[39m [38;5;3m[InstanceLoader] [39m[32mConfigModule dependencies initialized[39m[38;5;3m +2ms[39m
[33m[Nest] 23808  - [39m29/05/2026 17:28:15 [33m   WARN[39m [38;5;3m[MailService] [39m[33mMAIL_HOST/MAIL_USER not set — emails will be logged to console only[39m
[33m[Nest] 23808  - [39m29/05/2026 17:28:15 [33m   WARN[39m [38;5;3m[StorageService] [39m[33mR2 credentials absent — using local disk storage[39m
[32m[Nest] 23808  - [39m29/05/2026 17:28:15 [32m    LOG[39m [38;5;3m[InstanceLoader] [39m[32mHealthModule dependencies initialized[39m[38;5;3m +1ms[39m
[32m[Nest] 23808  - [39m29/05/2026 17:28:15 [32m    LOG[39m [38;5;3m[InstanceLoader] [39m[32mAppModule dependencies initialized[39m[38;5;3m +0ms[39m
[32m[Nest] 23808  - [39m29/05/2026 17:28:15 [32m    LOG[39m [38;5;3m[InstanceLoader] [39m[32mBullModule dependencies initialized[39m[38;5;3m +86ms[39m
[32m[Nest] 23808  - [39m29/05/2026 17:28:15 [32m    LOG[39m [38;5;3m[InstanceLoader] [39m[32mBullModule dependencies initialized[39m[38;5;3m +1ms[39m
[32m[Nest] 23808  - [39m29/05/2026 17:28:15 [32m    LOG[39m [38;5;3m[InstanceLoader] [39m[32mRedisModule dependencies initialized[39m[38;5;3m +12ms[39m
[32m[Nest] 23808  - [39m29/05/2026 17:28:15 [32m    LOG[39m [38;5;3m[InstanceLoader] [39m[32mMailModule dependencies initialized[39m[38;5;3m +0ms[39m
[32m[Nest] 23808  - [39m29/05/2026 17:28:15 [32m    LOG[39m [38;5;3m[InstanceLoader] [39m[32mStorageModule dependencies initialized[39m[38;5;3m +0ms[39m
[32m[Nest] 23808  - [39m29/05/2026 17:28:15 [32m    LOG[39m [38;5;3m[InstanceLoader] [39m[32mJwtModule dependencies initialized[39m[38;5;3m +0ms[39m
[32m[Nest] 23808  - [39m29/05/2026 17:28:15 [32m    LOG[39m [38;5;3m[InstanceLoader] [39m[32mBullModule dependencies initialized[39m[38;5;3m +5ms[39m
[32m[Nest] 23808  - [39m29/05/2026 17:28:15 [32m    LOG[39m [38;5;3m[InstanceLoader] [39m[32mBullModule dependencies initialized[39m[38;5;3m +0ms[39m
[32m[Nest] 23808  - [39m29/05/2026 17:28:15 [32m    LOG[39m [38;5;3m[InstanceLoader] [39m[32mBullModule dependencies initialized[39m[38;5;3m +1ms[39m
[32m[Nest] 23808  - [39m29/05/2026 17:28:15 [32m    LOG[39m [38;5;3m[InstanceLoader] [39m[32mBullModule dependencies initialized[39m[38;5;3m +0ms[39m
[32m[Nest] 23808  - [39m29/05/2026 17:28:15 [32m    LOG[39m [38;5;3m[InstanceLoader] [39m[32mBullModule dependencies initialized[39m[38;5;3m +0ms[39m
IMPORTANT! Eviction policy is allkeys-lru. It should be "noeviction"
IMPORTANT! Eviction policy is allkeys-lru. It should be "noeviction"
IMPORTANT! Eviction policy is allkeys-lru. It should be "noeviction"
IMPORTANT! Eviction policy is allkeys-lru. It should be "noeviction"
IMPORTANT! Eviction policy is allkeys-lru. It should be "noeviction"
(node:23808) DeprecationWarning: Calling client.query() when the client is already executing a query is deprecated and will be removed in pg@9.0. Use async/await or an external async flow control mechanism instead.
(Use `node --trace-deprecation ...` to show where the warning was created)
[32m[Nest] 23808  - [39m29/05/2026 17:28:16 [32m    LOG[39m [38;5;3m[InstanceLoader] [39m[32mTypeOrmCoreModule dependencies initialized[39m[38;5;3m +418ms[39m
[32m[Nest] 23808  - [39m29/05/2026 17:28:16 [32m    LOG[39m [38;5;3m[InstanceLoader] [39m[32mTypeOrmModule dependencies initialized[39m[38;5;3m +1ms[39m
[32m[Nest] 23808  - [39m29/05/2026 17:28:16 [32m    LOG[39m [38;5;3m[InstanceLoader] [39m[32mTypeOrmModule dependencies initialized[39m[38;5;3m +0ms[39m
[32m[Nest] 23808  - [39m29/05/2026 17:28:16 [32m    LOG[39m [38;5;3m[InstanceLoader] [39m[32mTypeOrmModule dependencies initialized[39m[38;5;3m +0ms[39m
[32m[Nest] 23808  - [39m29/05/2026 17:28:16 [32m    LOG[39m [38;5;3m[InstanceLoader] [39m[32mTypeOrmModule dependencies initialized[39m[38;5;3m +0ms[39m
[32m[Nest] 23808  - [39m29/05/2026 17:28:16 [32m    LOG[39m [38;5;3m[InstanceLoader] [39m[32mTypeOrmModule dependencies initialized[39m[38;5;3m +0ms[39m
[32m[Nest] 23808  - [39m29/05/2026 17:28:16 [32m    LOG[39m [38;5;3m[InstanceLoader] [39m[32mTypeOrmModule dependencies initialized[39m[38;5;3m +0ms[39m
[32m[Nest] 23808  - [39m29/05/2026 17:28:16 [32m    LOG[39m [38;5;3m[InstanceLoader] [39m[32mTypeOrmModule dependencies initialized[39m[38;5;3m +0ms[39m
[32m[Nest] 23808  - [39m29/05/2026 17:28:16 [32m    LOG[39m [38;5;3m[InstanceLoader] [39m[32mUsersModule dependencies initialized[39m[38;5;3m +8ms[39m
[32m[Nest] 23808  - [39m29/05/2026 17:28:16 [32m    LOG[39m [38;5;3m[InstanceLoader] [39m[32mGatewayModule dependencies initialized[39m[38;5;3m +1ms[39m
[33m[Nest] 23808  - [39m29/05/2026 17:28:16 [33m   WARN[39m [38;5;3m[AuthService] [39m[33mTwilio credentials absent — using Mock OTP (code: 123456)[39m
[32m[Nest] 23808  - [39m29/05/2026 17:28:16 [32m    LOG[39m [38;5;3m[InstanceLoader] [39m[32mNotificationsModule dependencies initialized[39m[38;5;3m +1ms[39m
[32m[Nest] 23808  - [39m29/05/2026 17:28:16 [32m    LOG[39m [38;5;3m[InstanceLoader] [39m[32mAdminModule dependencies initialized[39m[38;5;3m +0ms[39m
[32m[Nest] 23808  - [39m29/05/2026 17:28:16 [32m    LOG[39m [38;5;3m[InstanceLoader] [39m[32mPaymentsModule dependencies initialized[39m[38;5;3m +2ms[39m
[32m[Nest] 23808  - [39m29/05/2026 17:28:16 [32m    LOG[39m [38;5;3m[InstanceLoader] [39m[32mComplianceModule dependencies initialized[39m[38;5;3m +0ms[39m
[32m[Nest] 23808  - [39m29/05/2026 17:28:16 [32m    LOG[39m [38;5;3m[InstanceLoader] [39m[32mAttendanceModule dependencies initialized[39m[38;5;3m +1ms[39m
[32m[Nest] 23808  - [39m29/05/2026 17:28:16 [32m    LOG[39m [38;5;3m[InstanceLoader] [39m[32mAuthModule dependencies initialized[39m[38;5;3m +0ms[39m
[32m[Nest] 23808  - [39m29/05/2026 17:28:16 [32m    LOG[39m [38;5;3m[InstanceLoader] [39m[32mShiftsModule dependencies initialized[39m[38;5;3m +0ms[39m
[32m[Nest] 23808  - [39m29/05/2026 17:28:17 [32m    LOG[39m [38;5;3m[RoutesResolver] [39m[32mAppController {/api}:[39m[38;5;3m +979ms[39m
[32m[Nest] 23808  - [39m29/05/2026 17:28:17 [32m    LOG[39m [38;5;3m[RouterExplorer] [39m[32mMapped {/api, GET} route[39m[38;5;3m +3ms[39m
[32m[Nest] 23808  - [39m29/05/2026 17:28:17 [32m    LOG[39m [38;5;3m[RoutesResolver] [39m[32mHealthController {/api/health}:[39m[38;5;3m +0ms[39m
[32m[Nest] 23808  - [39m29/05/2026 17:28:17 [32m    LOG[39m [38;5;3m[RouterExplorer] [39m[32mMapped {/api/health, GET} route[39m[38;5;3m +0ms[39m
[32m[Nest] 23808  - [39m29/05/2026 17:28:17 [32m    LOG[39m [38;5;3m[RoutesResolver] [39m[32mAuthController {/api/auth}:[39m[38;5;3m +1ms[39m
[32m[Nest] 23808  - [39m29/05/2026 17:28:17 [32m    LOG[39m [38;5;3m[RouterExplorer] [39m[32mMapped {/api/auth/send-otp, POST} route[39m[38;5;3m +0ms[39m
[32m[Nest] 23808  - [39m29/05/2026 17:28:17 [32m    LOG[39m [38;5;3m[RouterExplorer] [39m[32mMapped {/api/auth/verify-otp, POST} route[39m[38;5;3m +1ms[39m
[32m[Nest] 23808  - [39m29/05/2026 17:28:17 [32m    LOG[39m [38;5;3m[RouterExplorer] [39m[32mMapped {/api/auth/register/employer, POST} route[39m[38;5;3m +0ms[39m
[32m[Nest] 23808  - [39m29/05/2026 17:28:17 [32m    LOG[39m [38;5;3m[RouterExplorer] [39m[32mMapped {/api/auth/login/employer, POST} route[39m[38;5;3m +0ms[39m
[32m[Nest] 23808  - [39m29/05/2026 17:28:17 [32m    LOG[39m [38;5;3m[RouterExplorer] [39m[32mMapped {/api/auth/verify-email/:token, GET} route[39m[38;5;3m +0ms[39m
[32m[Nest] 23808  - [39m29/05/2026 17:28:17 [32m    LOG[39m [38;5;3m[RouterExplorer] [39m[32mMapped {/api/auth/google/verify-token, POST} route[39m[38;5;3m +1ms[39m
[32m[Nest] 23808  - [39m29/05/2026 17:28:17 [32m    LOG[39m [38;5;3m[RouterExplorer] [39m[32mMapped {/api/auth/refresh, POST} route[39m[38;5;3m +0ms[39m
[32m[Nest] 23808  - [39m29/05/2026 17:28:17 [32m    LOG[39m [38;5;3m[RouterExplorer] [39m[32mMapped {/api/auth/logout, POST} route[39m[38;5;3m +0ms[39m
[32m[Nest] 23808  - [39m29/05/2026 17:28:17 [32m    LOG[39m [38;5;3m[RouterExplorer] [39m[32mMapped {/api/auth/worker/profile, POST} route[39m[38;5;3m +0ms[39m
[32m[Nest] 23808  - [39m29/05/2026 17:28:17 [32m    LOG[39m [38;5;3m[RouterExplorer] [39m[32mMapped {/api/auth/worker/photo, POST} route[39m[38;5;3m +1ms[39m
[32m[Nest] 23808  - [39m29/05/2026 17:28:17 [32m    LOG[39m [38;5;3m[RouterExplorer] [39m[32mMapped {/api/auth/me, GET} route[39m[38;5;3m +0ms[39m
[32m[Nest] 23808  - [39m29/05/2026 17:28:17 [32m    LOG[39m [38;5;3m[RouterExplorer] [39m[32mMapped {/api/auth/worker/push-token, POST} route[39m[38;5;3m +0ms[39m
[32m[Nest] 23808  - [39m29/05/2026 17:28:17 [32m    LOG[39m [38;5;3m[RoutesResolver] [39m[32mComplianceController {/api/compliance}:[39m[38;5;3m +0ms[39m
[32m[Nest] 23808  - [39m29/05/2026 17:28:17 [32m    LOG[39m [38;5;3m[RouterExplorer] [39m[32mMapped {/api/compliance/employer/tsu-report, GET} route[39m[38;5;3m +1ms[39m
[32m[Nest] 23808  - [39m29/05/2026 17:28:17 [32m    LOG[39m [38;5;3m[RouterExplorer] [39m[32mMapped {/api/compliance/employer/mcd-contracts, GET} route[39m[38;5;3m +0ms[39m
[32m[Nest] 23808  - [39m29/05/2026 17:28:17 [32m    LOG[39m [38;5;3m[RouterExplorer] [39m[32mMapped {/api/compliance/employer/audit-log, GET} route[39m[38;5;3m +0ms[39m
[32m[Nest] 23808  - [39m29/05/2026 17:28:17 [32m    LOG[39m [38;5;3m[RouterExplorer] [39m[32mMapped {/api/compliance/worker/dependency, GET} route[39m[38;5;3m +0ms[39m
[32m[Nest] 23808  - [39m29/05/2026 17:28:17 [32m    LOG[39m [38;5;3m[RouterExplorer] [39m[32mMapped {/api/compliance/worker/external-income, PATCH} route[39m[38;5;3m +1ms[39m
[32m[Nest] 23808  - [39m29/05/2026 17:28:17 [32m    LOG[39m [38;5;3m[RoutesResolver] [39m[32mAttendanceController {/api/attendance}:[39m[38;5;3m +0ms[39m
[32m[Nest] 23808  - [39m29/05/2026 17:28:17 [32m    LOG[39m [38;5;3m[RouterExplorer] [39m[32mMapped {/api/attendance/employer-qr, GET} route[39m[38;5;3m +0ms[39m
[32m[Nest] 23808  - [39m29/05/2026 17:28:17 [32m    LOG[39m [38;5;3m[RouterExplorer] [39m[32mMapped {/api/attendance/:shiftId/manual-confirm, POST} route[39m[38;5;3m +0ms[39m
[32m[Nest] 23808  - [39m29/05/2026 17:28:17 [32m    LOG[39m [38;5;3m[RouterExplorer] [39m[32mMapped {/api/attendance/:shiftId/dispute/employer, POST} route[39m[38;5;3m +1ms[39m
[32m[Nest] 23808  - [39m29/05/2026 17:28:17 [32m    LOG[39m [38;5;3m[RouterExplorer] [39m[32mMapped {/api/attendance/check-in, POST} route[39m[38;5;3m +0ms[39m
[32m[Nest] 23808  - [39m29/05/2026 17:28:17 [32m    LOG[39m [38;5;3m[RouterExplorer] [39m[32mMapped {/api/attendance/check-out, POST} route[39m[38;5;3m +0ms[39m
[32m[Nest] 23808  - [39m29/05/2026 17:28:17 [32m    LOG[39m [38;5;3m[RouterExplorer] [39m[32mMapped {/api/attendance/:shiftId/dispute/worker, POST} route[39m[38;5;3m +0ms[39m
[32m[Nest] 23808  - [39m29/05/2026 17:28:17 [32m    LOG[39m [38;5;3m[RouterExplorer] [39m[32mMapped {/api/attendance/:shiftId, GET} route[39m[38;5;3m +0ms[39m
[32m[Nest] 23808  - [39m29/05/2026 17:28:17 [32m    LOG[39m [38;5;3m[RoutesResolver] [39m[32mPaymentsController {/api/payments}:[39m[38;5;3m +0ms[39m
[32m[Nest] 23808  - [39m29/05/2026 17:28:17 [32m    LOG[39m [38;5;3m[RouterExplorer] [39m[32mMapped {/api/payments/employer/setup-intent, POST} route[39m[38;5;3m +1ms[39m
[32m[Nest] 23808  - [39m29/05/2026 17:28:17 [32m    LOG[39m [38;5;3m[RouterExplorer] [39m[32mMapped {/api/payments/employer/save-payment-method, POST} route[39m[38;5;3m +0ms[39m
[32m[Nest] 23808  - [39m29/05/2026 17:28:17 [32m    LOG[39m [38;5;3m[RouterExplorer] [39m[32mMapped {/api/payments/employer/subscribe, POST} route[39m[38;5;3m +0ms[39m
[32m[Nest] 23808  - [39m29/05/2026 17:28:17 [32m    LOG[39m [38;5;3m[RouterExplorer] [39m[32mMapped {/api/payments/employer/cancel-subscription, POST} route[39m[38;5;3m +0ms[39m
[32m[Nest] 23808  - [39m29/05/2026 17:28:17 [32m    LOG[39m [38;5;3m[RouterExplorer] [39m[32mMapped {/api/payments/employer/spending, GET} route[39m[38;5;3m +0ms[39m
[32m[Nest] 23808  - [39m29/05/2026 17:28:17 [32m    LOG[39m [38;5;3m[RouterExplorer] [39m[32mMapped {/api/payments/worker/connect, POST} route[39m[38;5;3m +1ms[39m
[32m[Nest] 23808  - [39m29/05/2026 17:28:17 [32m    LOG[39m [38;5;3m[RouterExplorer] [39m[32mMapped {/api/payments/worker/dashboard-link, GET} route[39m[38;5;3m +0ms[39m
[32m[Nest] 23808  - [39m29/05/2026 17:28:17 [32m    LOG[39m [38;5;3m[RouterExplorer] [39m[32mMapped {/api/payments/worker/earnings, GET} route[39m[38;5;3m +0ms[39m
[32m[Nest] 23808  - [39m29/05/2026 17:28:17 [32m    LOG[39m [38;5;3m[RouterExplorer] [39m[32mMapped {/api/payments/webhook, POST} route[39m[38;5;3m +0ms[39m
[32m[Nest] 23808  - [39m29/05/2026 17:28:17 [32m    LOG[39m [38;5;3m[RoutesResolver] [39m[32mShiftsController {/api/shifts}:[39m[38;5;3m +0ms[39m
[32m[Nest] 23808  - [39m29/05/2026 17:28:17 [32m    LOG[39m [38;5;3m[RouterExplorer] [39m[32mMapped {/api/shifts, POST} route[39m[38;5;3m +1ms[39m
[32m[Nest] 23808  - [39m29/05/2026 17:28:17 [32m    LOG[39m [38;5;3m[RouterExplorer] [39m[32mMapped {/api/shifts/employer/mine, GET} route[39m[38;5;3m +0ms[39m
[32m[Nest] 23808  - [39m29/05/2026 17:28:17 [32m    LOG[39m [38;5;3m[RouterExplorer] [39m[32mMapped {/api/shifts/employer/workers, GET} route[39m[38;5;3m +0ms[39m
[32m[Nest] 23808  - [39m29/05/2026 17:28:17 [32m    LOG[39m [38;5;3m[RouterExplorer] [39m[32mMapped {/api/shifts/:id, PATCH} route[39m[38;5;3m +0ms[39m
[32m[Nest] 23808  - [39m29/05/2026 17:28:17 [32m    LOG[39m [38;5;3m[RouterExplorer] [39m[32mMapped {/api/shifts/:id/cancel, POST} route[39m[38;5;3m +0ms[39m
[32m[Nest] 23808  - [39m29/05/2026 17:28:17 [32m    LOG[39m [38;5;3m[RouterExplorer] [39m[32mMapped {/api/shifts/:id/applications, GET} route[39m[38;5;3m +1ms[39m
[32m[Nest] 23808  - [39m29/05/2026 17:28:17 [32m    LOG[39m [38;5;3m[RouterExplorer] [39m[32mMapped {/api/shifts/:id/applications/:appId/approve, POST} route[39m[38;5;3m +0ms[39m
[32m[Nest] 23808  - [39m29/05/2026 17:28:17 [32m    LOG[39m [38;5;3m[RouterExplorer] [39m[32mMapped {/api/shifts/search, GET} route[39m[38;5;3m +0ms[39m
[32m[Nest] 23808  - [39m29/05/2026 17:28:17 [32m    LOG[39m [38;5;3m[RouterExplorer] [39m[32mMapped {/api/shifts/:id/apply, POST} route[39m[38;5;3m +0ms[39m
[32m[Nest] 23808  - [39m29/05/2026 17:28:17 [32m    LOG[39m [38;5;3m[RouterExplorer] [39m[32mMapped {/api/shifts/worker/applied, GET} route[39m[38;5;3m +0ms[39m
[32m[Nest] 23808  - [39m29/05/2026 17:28:17 [32m    LOG[39m [38;5;3m[RouterExplorer] [39m[32mMapped {/api/shifts/:id, GET} route[39m[38;5;3m +0ms[39m
[32m[Nest] 23808  - [39m29/05/2026 17:28:17 [32m    LOG[39m [38;5;3m[RoutesResolver] [39m[32mAdminController {/api/admin}:[39m[38;5;3m +0ms[39m
[32m[Nest] 23808  - [39m29/05/2026 17:28:17 [32m    LOG[39m [38;5;3m[RouterExplorer] [39m[32mMapped {/api/admin/workers/pending, GET} route[39m[38;5;3m +0ms[39m
[32m[Nest] 23808  - [39m29/05/2026 17:28:17 [32m    LOG[39m [38;5;3m[RouterExplorer] [39m[32mMapped {/api/admin/workers/:id/approve, POST} route[39m[38;5;3m +0ms[39m
[32m[Nest] 23808  - [39m29/05/2026 17:28:17 [32m    LOG[39m [38;5;3m[RouterExplorer] [39m[32mMapped {/api/admin/workers/:id/reject, POST} route[39m[38;5;3m +1ms[39m
[32m[Nest] 23808  - [39m29/05/2026 17:28:17 [32m    LOG[39m [38;5;3m[RedisService] [39m[32mRedis client initialized[39m
IMPORTANT! Eviction policy is allkeys-lru. It should be "noeviction"
IMPORTANT! Eviction policy is allkeys-lru. It should be "noeviction"
IMPORTANT! Eviction policy is allkeys-lru. It should be "noeviction"
IMPORTANT! Eviction policy is allkeys-lru. It should be "noeviction"
IMPORTANT! Eviction policy is allkeys-lru. It should be "noeviction"
IMPORTANT! Eviction policy is allkeys-lru. It should be "noeviction"
IMPORTANT! Eviction policy is allkeys-lru. It should be "noeviction"
IMPORTANT! Eviction policy is allkeys-lru. It should be "noeviction"
IMPORTANT! Eviction policy is allkeys-lru. It should be "noeviction"
[32m[Nest] 23808  - [39m29/05/2026 17:28:17 [32m    LOG[39m [38;5;3m[QuarterlySsSchedulerService] [39m[32m[SS Scheduler] Quarterly SS reminder cron registered: 0 9 1 3,6,9,12 *[39m
[32m[Nest] 23808  - [39m29/05/2026 17:28:17 [32m    LOG[39m [38;5;3m[NestApplication] [39m[32mNest application successfully started[39m[38;5;3m +1ms[39m
[31m[Nest] 23808  - [39m29/05/2026 17:28:17 [31m  ERROR[39m [38;5;3m[NestApplication] [39m[31mError: listen EADDRINUSE: address already in use :::3001[39m[38;5;3m +2ms[39m
node:net:1940
    const ex = new UVExceptionWithHostPort(err, 'listen', address, port);
               ^

Error: listen EADDRINUSE: address already in use :::3001
    at Server.setupListenHandle [as _listen2] (node:net:1940:16)
    at listenInCluster (node:net:1997:12)
    at Server.listen (node:net:2102:7)
    at ExpressAdapter.listen (C:\Users\j3_19\AppData\Roaming\MetaQuotes\Terminal\0727F3F88B5F0FE006962B330B91FF37\Turnos App\node_modules\@nestjs\platform-express\adapters\express-adapter.js:95:32)
    at C:\Users\j3_19\AppData\Roaming\MetaQuotes\Terminal\0727F3F88B5F0FE006962B330B91FF37\Turnos App\node_modules\@nestjs\core\nest-application.js:183:30
    at new Promise (<anonymous>)
    at NestApplication.listen (C:\Users\j3_19\AppData\Roaming\MetaQuotes\Terminal\0727F3F88B5F0FE006962B330B91FF37\Turnos App\node_modules\@nestjs\core\nest-application.js:173:16)
    at process.processTicksAndRejections (node:internal/process/task_queues:105:5)
    at async bootstrap (C:\Users\j3_19\AppData\Roaming\MetaQuotes\Terminal\0727F3F88B5F0FE006962B330B91FF37\Turnos App\apps\api\src\main.ts:37:3) {
  code: 'EADDRINUSE',
  errno: -4091,
  syscall: 'listen',
  address: '::',
  port: 3001
}

Node.js v24.6.0
[2J[3J[H[[90m20:15:44[0m] File change detected. Starting incremental compilation...

[[90m20:15:49[0m] Found 0 errors. Watching for file changes.

[2J[3J[H[[90m20:15:50[0m] File change detected. Starting incremental compilation...

[[90m20:15:51[0m] Found 0 errors. Watching for file changes.

[2J[3J[H[[90m20:15:52[0m] File change detected. Starting incremental compilation...

[[90m20:15:54[0m] Found 0 errors. Watching for file changes.

[2J[3J[H[[90m20:15:55[0m] File change detected. Starting incremental compilation...

[[90m20:15:56[0m] Found 0 errors. Watching for file changes.

[2J[3J[H[[90m20:16:00[0m] File change detected. Starting incremental compilation...

[[90m20:16:01[0m] Found 0 errors. Watching for file changes.

[2J[3J[H[[90m20:16:07[0m] File change detected. Starting incremental compilation...

[[90m20:16:08[0m] Found 0 errors. Watching for file changes.

[2J[3J[H[[90m20:16:10[0m] File change detected. Starting incremental compilation...

[[90m20:16:11[0m] Found 0 errors. Watching for file changes.

[2J[3J[H[[90m20:16:18[0m] File change detected. Starting incremental compilation...

[32m[Nest] 27864  - [39m29/05/2026 20:16:20 [32m    LOG[39m [38;5;3m[NestFactory] [39m[32mStarting Nest application...[39m
[32m[Nest] 27864  - [39m29/05/2026 20:16:20 [32m    LOG[39m [38;5;3m[InstanceLoader] [39m[32mTypeOrmModule dependencies initialized[39m[38;5;3m +46ms[39m
[32m[Nest] 27864  - [39m29/05/2026 20:16:20 [32m    LOG[39m [38;5;3m[InstanceLoader] [39m[32mPassportModule dependencies initialized[39m[38;5;3m +0ms[39m
[32m[Nest] 27864  - [39m29/05/2026 20:16:20 [32m    LOG[39m [38;5;3m[InstanceLoader] [39m[32mMulterModule dependencies initialized[39m[38;5;3m +0ms[39m
[32m[Nest] 27864  - [39m29/05/2026 20:16:20 [32m    LOG[39m [38;5;3m[InstanceLoader] [39m[32mThrottlerModule dependencies initialized[39m[38;5;3m +1ms[39m
[32m[Nest] 27864  - [39m29/05/2026 20:16:20 [32m    LOG[39m [38;5;3m[InstanceLoader] [39m[32mJwtModule dependencies initialized[39m[38;5;3m +0ms[39m
[32m[Nest] 27864  - [39m29/05/2026 20:16:20 [32m    LOG[39m [38;5;3m[InstanceLoader] [39m[32mConfigHostModule dependencies initialized[39m[38;5;3m +1ms[39m
[32m[Nest] 27864  - [39m29/05/2026 20:16:20 [32m    LOG[39m [38;5;3m[InstanceLoader] [39m[32mDiscoveryModule dependencies initialized[39m[38;5;3m +1ms[39m
[32m[Nest] 27864  - [39m29/05/2026 20:16:20 [32m    LOG[39m [38;5;3m[InstanceLoader] [39m[32mServeStaticModule dependencies initialized[39m[38;5;3m +1ms[39m
[32m[Nest] 27864  - [39m29/05/2026 20:16:20 [32m    LOG[39m [38;5;3m[InstanceLoader] [39m[32mConfigModule dependencies initialized[39m[38;5;3m +0ms[39m
[32m[Nest] 27864  - [39m29/05/2026 20:16:20 [32m    LOG[39m [38;5;3m[InstanceLoader] [39m[32mConfigModule dependencies initialized[39m[38;5;3m +0ms[39m
[33m[Nest] 27864  - [39m29/05/2026 20:16:20 [33m   WARN[39m [38;5;3m[MailService] [39m[33mMAIL_HOST/MAIL_USER not set — emails will be logged to console only[39m
[33m[Nest] 27864  - [39m29/05/2026 20:16:20 [33m   WARN[39m [38;5;3m[StorageService] [39m[33mR2 credentials absent — using local disk storage[39m
[32m[Nest] 27864  - [39m29/05/2026 20:16:20 [32m    LOG[39m [38;5;3m[InstanceLoader] [39m[32mHealthModule dependencies initialized[39m[38;5;3m +3ms[39m
[32m[Nest] 27864  - [39m29/05/2026 20:16:20 [32m    LOG[39m [38;5;3m[InstanceLoader] [39m[32mAppModule dependencies initialized[39m[38;5;3m +0ms[39m
[32m[Nest] 27864  - [39m29/05/2026 20:16:20 [32m    LOG[39m [38;5;3m[InstanceLoader] [39m[32mBullModule dependencies initialized[39m[38;5;3m +176ms[39m
[32m[Nest] 27864  - [39m29/05/2026 20:16:20 [32m    LOG[39m [38;5;3m[InstanceLoader] [39m[32mBullModule dependencies initialized[39m[38;5;3m +0ms[39m
[32m[Nest] 27864  - [39m29/05/2026 20:16:20 [32m    LOG[39m [38;5;3m[InstanceLoader] [39m[32mRedisModule dependencies initialized[39m[38;5;3m +19ms[39m
[32m[Nest] 27864  - [39m29/05/2026 20:16:20 [32m    LOG[39m [38;5;3m[InstanceLoader] [39m[32mMailModule dependencies initialized[39m[38;5;3m +0ms[39m
[32m[Nest] 27864  - [39m29/05/2026 20:16:20 [32m    LOG[39m [38;5;3m[InstanceLoader] [39m[32mStorageModule dependencies initialized[39m[38;5;3m +0ms[39m
[32m[Nest] 27864  - [39m29/05/2026 20:16:20 [32m    LOG[39m [38;5;3m[InstanceLoader] [39m[32mJwtModule dependencies initialized[39m[38;5;3m +0ms[39m
[32m[Nest] 27864  - [39m29/05/2026 20:16:20 [32m    LOG[39m [38;5;3m[InstanceLoader] [39m[32mBullModule dependencies initialized[39m[38;5;3m +8ms[39m
[32m[Nest] 27864  - [39m29/05/2026 20:16:20 [32m    LOG[39m [38;5;3m[InstanceLoader] [39m[32mBullModule dependencies initialized[39m[38;5;3m +1ms[39m
[32m[Nest] 27864  - [39m29/05/2026 20:16:20 [32m    LOG[39m [38;5;3m[InstanceLoader] [39m[32mBullModule dependencies initialized[39m[38;5;3m +0ms[39m
[32m[Nest] 27864  - [39m29/05/2026 20:16:20 [32m    LOG[39m [38;5;3m[InstanceLoader] [39m[32mBullModule dependencies initialized[39m[38;5;3m +0ms[39m
[32m[Nest] 27864  - [39m29/05/2026 20:16:20 [32m    LOG[39m [38;5;3m[InstanceLoader] [39m[32mBullModule dependencies initialized[39m[38;5;3m +0ms[39m
IMPORTANT! Eviction policy is allkeys-lru. It should be "noeviction"
IMPORTANT! Eviction policy is allkeys-lru. It should be "noeviction"
IMPORTANT! Eviction policy is allkeys-lru. It should be "noeviction"
IMPORTANT! Eviction policy is allkeys-lru. It should be "noeviction"
IMPORTANT! Eviction policy is allkeys-lru. It should be "noeviction"
(node:27864) DeprecationWarning: Calling client.query() when the client is already executing a query is deprecated and will be removed in pg@9.0. Use async/await or an external async flow control mechanism instead.
(Use `node --trace-deprecation ...` to show where the warning was created)
[32m[Nest] 27864  - [39m29/05/2026 20:16:21 [32m    LOG[39m [38;5;3m[InstanceLoader] [39m[32mTypeOrmCoreModule dependencies initialized[39m[38;5;3m +860ms[39m
[32m[Nest] 27864  - [39m29/05/2026 20:16:21 [32m    LOG[39m [38;5;3m[InstanceLoader] [39m[32mTypeOrmModule dependencies initialized[39m[38;5;3m +1ms[39m
[32m[Nest] 27864  - [39m29/05/2026 20:16:21 [32m    LOG[39m [38;5;3m[InstanceLoader] [39m[32mTypeOrmModule dependencies initialized[39m[38;5;3m +0ms[39m
[32m[Nest] 27864  - [39m29/05/2026 20:16:21 [32m    LOG[39m [38;5;3m[InstanceLoader] [39m[32mTypeOrmModule dependencies initialized[39m[38;5;3m +1ms[39m
[32m[Nest] 27864  - [39m29/05/2026 20:16:21 [32m    LOG[39m [38;5;3m[InstanceLoader] [39m[32mTypeOrmModule dependencies initialized[39m[38;5;3m +0ms[39m
[32m[Nest] 27864  - [39m29/05/2026 20:16:21 [32m    LOG[39m [38;5;3m[InstanceLoader] [39m[32mTypeOrmModule dependencies initialized[39m[38;5;3m +0ms[39m
[32m[Nest] 27864  - [39m29/05/2026 20:16:21 [32m    LOG[39m [38;5;3m[InstanceLoader] [39m[32mTypeOrmModule dependencies initialized[39m[38;5;3m +0ms[39m
[32m[Nest] 27864  - [39m29/05/2026 20:16:21 [32m    LOG[39m [38;5;3m[InstanceLoader] [39m[32mTypeOrmModule dependencies initialized[39m[38;5;3m +0ms[39m
[32m[Nest] 27864  - [39m29/05/2026 20:16:21 [32m    LOG[39m [38;5;3m[InstanceLoader] [39m[32mUsersModule dependencies initialized[39m[38;5;3m +8ms[39m
[32m[Nest] 27864  - [39m29/05/2026 20:16:21 [32m    LOG[39m [38;5;3m[InstanceLoader] [39m[32mGatewayModule dependencies initialized[39m[38;5;3m +0ms[39m
[33m[Nest] 27864  - [39m29/05/2026 20:16:21 [33m   WARN[39m [38;5;3m[AuthService] [39m[33mTwilio credentials absent — using Mock OTP (code: 123456)[39m
[32m[Nest] 27864  - [39m29/05/2026 20:16:21 [32m    LOG[39m [38;5;3m[InstanceLoader] [39m[32mNotificationsModule dependencies initialized[39m[38;5;3m +0ms[39m
[32m[Nest] 27864  - [39m29/05/2026 20:16:21 [32m    LOG[39m [38;5;3m[InstanceLoader] [39m[32mAdminModule dependencies initialized[39m[38;5;3m +0ms[39m
[32m[Nest] 27864  - [39m29/05/2026 20:16:21 [32m    LOG[39m [38;5;3m[InstanceLoader] [39m[32mPaymentsModule dependencies initialized[39m[38;5;3m +2ms[39m
[32m[Nest] 27864  - [39m29/05/2026 20:16:21 [32m    LOG[39m [38;5;3m[InstanceLoader] [39m[32mComplianceModule dependencies initialized[39m[38;5;3m +0ms[39m
[32m[Nest] 27864  - [39m29/05/2026 20:16:21 [32m    LOG[39m [38;5;3m[InstanceLoader] [39m[32mAttendanceModule dependencies initialized[39m[38;5;3m +0ms[39m
[32m[Nest] 27864  - [39m29/05/2026 20:16:21 [32m    LOG[39m [38;5;3m[InstanceLoader] [39m[32mAuthModule dependencies initialized[39m[38;5;3m +0ms[39m
[32m[Nest] 27864  - [39m29/05/2026 20:16:21 [32m    LOG[39m [38;5;3m[InstanceLoader] [39m[32mShiftsModule dependencies initialized[39m[38;5;3m +0ms[39m
[[90m20:16:21[0m] Found 0 errors. Watching for file changes.

[2J[3J[H[[90m20:16:23[0m] File change detected. Starting incremental compilation...

[[90m20:16:27[0m] Found 0 errors. Watching for file changes.

[32m[Nest] 8752  - [39m29/05/2026 20:16:36 [32m    LOG[39m [38;5;3m[NestFactory] [39m[32mStarting Nest application...[39m
[32m[Nest] 8752  - [39m29/05/2026 20:16:36 [32m    LOG[39m [38;5;3m[InstanceLoader] [39m[32mTypeOrmModule dependencies initialized[39m[38;5;3m +44ms[39m
[32m[Nest] 8752  - [39m29/05/2026 20:16:36 [32m    LOG[39m [38;5;3m[InstanceLoader] [39m[32mPassportModule dependencies initialized[39m[38;5;3m +1ms[39m
[32m[Nest] 8752  - [39m29/05/2026 20:16:36 [32m    LOG[39m [38;5;3m[InstanceLoader] [39m[32mMulterModule dependencies initialized[39m[38;5;3m +0ms[39m
[32m[Nest] 8752  - [39m29/05/2026 20:16:36 [32m    LOG[39m [38;5;3m[InstanceLoader] [39m[32mThrottlerModule dependencies initialized[39m[38;5;3m +0ms[39m
[32m[Nest] 8752  - [39m29/05/2026 20:16:36 [32m    LOG[39m [38;5;3m[InstanceLoader] [39m[32mJwtModule dependencies initialized[39m[38;5;3m +1ms[39m
[32m[Nest] 8752  - [39m29/05/2026 20:16:36 [32m    LOG[39m [38;5;3m[InstanceLoader] [39m[32mConfigHostModule dependencies initialized[39m[38;5;3m +0ms[39m
[32m[Nest] 8752  - [39m29/05/2026 20:16:36 [32m    LOG[39m [38;5;3m[InstanceLoader] [39m[32mDiscoveryModule dependencies initialized[39m[38;5;3m +0ms[39m
[32m[Nest] 8752  - [39m29/05/2026 20:16:36 [32m    LOG[39m [38;5;3m[InstanceLoader] [39m[32mServeStaticModule dependencies initialized[39m[38;5;3m +1ms[39m
[32m[Nest] 8752  - [39m29/05/2026 20:16:36 [32m    LOG[39m [38;5;3m[InstanceLoader] [39m[32mConfigModule dependencies initialized[39m[38;5;3m +1ms[39m
[32m[Nest] 8752  - [39m29/05/2026 20:16:36 [32m    LOG[39m [38;5;3m[InstanceLoader] [39m[32mConfigModule dependencies initialized[39m[38;5;3m +0ms[39m
[33m[Nest] 8752  - [39m29/05/2026 20:16:36 [33m   WARN[39m [38;5;3m[MailService] [39m[33mMAIL_HOST/MAIL_USER not set — emails will be logged to console only[39m
[33m[Nest] 8752  - [39m29/05/2026 20:16:36 [33m   WARN[39m [38;5;3m[StorageService] [39m[33mR2 credentials absent — using local disk storage[39m
[32m[Nest] 8752  - [39m29/05/2026 20:16:36 [32m    LOG[39m [38;5;3m[InstanceLoader] [39m[32mHealthModule dependencies initialized[39m[38;5;3m +1ms[39m
[32m[Nest] 8752  - [39m29/05/2026 20:16:36 [32m    LOG[39m [38;5;3m[InstanceLoader] [39m[32mAppModule dependencies initialized[39m[38;5;3m +0ms[39m
[32m[Nest] 8752  - [39m29/05/2026 20:16:36 [32m    LOG[39m [38;5;3m[InstanceLoader] [39m[32mBullModule dependencies initialized[39m[38;5;3m +110ms[39m
[32m[Nest] 8752  - [39m29/05/2026 20:16:36 [32m    LOG[39m [38;5;3m[InstanceLoader] [39m[32mBullModule dependencies initialized[39m[38;5;3m +1ms[39m
[32m[Nest] 8752  - [39m29/05/2026 20:16:36 [32m    LOG[39m [38;5;3m[InstanceLoader] [39m[32mRedisModule dependencies initialized[39m[38;5;3m +17ms[39m
[32m[Nest] 8752  - [39m29/05/2026 20:16:36 [32m    LOG[39m [38;5;3m[InstanceLoader] [39m[32mMailModule dependencies initialized[39m[38;5;3m +0ms[39m
[32m[Nest] 8752  - [39m29/05/2026 20:16:36 [32m    LOG[39m [38;5;3m[InstanceLoader] [39m[32mStorageModule dependencies initialized[39m[38;5;3m +0ms[39m
[32m[Nest] 8752  - [39m29/05/2026 20:16:36 [32m    LOG[39m [38;5;3m[InstanceLoader] [39m[32mJwtModule dependencies initialized[39m[38;5;3m +0ms[39m
[32m[Nest] 8752  - [39m29/05/2026 20:16:36 [32m    LOG[39m [38;5;3m[InstanceLoader] [39m[32mBullModule dependencies initialized[39m[38;5;3m +20ms[39m
[32m[Nest] 8752  - [39m29/05/2026 20:16:36 [32m    LOG[39m [38;5;3m[InstanceLoader] [39m[32mBullModule dependencies initialized[39m[38;5;3m +0ms[39m
[32m[Nest] 8752  - [39m29/05/2026 20:16:36 [32m    LOG[39m [38;5;3m[InstanceLoader] [39m[32mBullModule dependencies initialized[39m[38;5;3m +0ms[39m
[32m[Nest] 8752  - [39m29/05/2026 20:16:36 [32m    LOG[39m [38;5;3m[InstanceLoader] [39m[32mBullModule dependencies initialized[39m[38;5;3m +0ms[39m
[32m[Nest] 8752  - [39m29/05/2026 20:16:36 [32m    LOG[39m [38;5;3m[InstanceLoader] [39m[32mBullModule dependencies initialized[39m[38;5;3m +1ms[39m
[2J[3J[H[[90m20:16:36[0m] File change detected. Starting incremental compilation...

IMPORTANT! Eviction policy is allkeys-lru. It should be "noeviction"
IMPORTANT! Eviction policy is allkeys-lru. It should be "noeviction"
IMPORTANT! Eviction policy is allkeys-lru. It should be "noeviction"
IMPORTANT! Eviction policy is allkeys-lru. It should be "noeviction"
IMPORTANT! Eviction policy is allkeys-lru. It should be "noeviction"
(node:8752) DeprecationWarning: Calling client.query() when the client is already executing a query is deprecated and will be removed in pg@9.0. Use async/await or an external async flow control mechanism instead.
(Use `node --trace-deprecation ...` to show where the warning was created)
[32m[Nest] 8752  - [39m29/05/2026 20:16:36 [32m    LOG[39m [38;5;3m[InstanceLoader] [39m[32mTypeOrmCoreModule dependencies initialized[39m[38;5;3m +544ms[39m
[32m[Nest] 8752  - [39m29/05/2026 20:16:36 [32m    LOG[39m [38;5;3m[InstanceLoader] [39m[32mTypeOrmModule dependencies initialized[39m[38;5;3m +0ms[39m
[32m[Nest] 8752  - [39m29/05/2026 20:16:36 [32m    LOG[39m [38;5;3m[InstanceLoader] [39m[32mTypeOrmModule dependencies initialized[39m[38;5;3m +0ms[39m
[32m[Nest] 8752  - [39m29/05/2026 20:16:36 [32m    LOG[39m [38;5;3m[InstanceLoader] [39m[32mTypeOrmModule dependencies initialized[39m[38;5;3m +0ms[39m
[32m[Nest] 8752  - [39m29/05/2026 20:16:36 [32m    LOG[39m [38;5;3m[InstanceLoader] [39m[32mTypeOrmModule dependencies initialized[39m[38;5;3m +0ms[39m
[32m[Nest] 8752  - [39m29/05/2026 20:16:36 [32m    LOG[39m [38;5;3m[InstanceLoader] [39m[32mTypeOrmModule dependencies initialized[39m[38;5;3m +0ms[39m
[32m[Nest] 8752  - [39m29/05/2026 20:16:36 [32m    LOG[39m [38;5;3m[InstanceLoader] [39m[32mTypeOrmModule dependencies initialized[39m[38;5;3m +0ms[39m
[32m[Nest] 8752  - [39m29/05/2026 20:16:36 [32m    LOG[39m [38;5;3m[InstanceLoader] [39m[32mTypeOrmModule dependencies initialized[39m[38;5;3m +0ms[39m
[32m[Nest] 8752  - [39m29/05/2026 20:16:36 [32m    LOG[39m [38;5;3m[InstanceLoader] [39m[32mUsersModule dependencies initialized[39m[38;5;3m +6ms[39m
[32m[Nest] 8752  - [39m29/05/2026 20:16:36 [32m    LOG[39m [38;5;3m[InstanceLoader] [39m[32mGatewayModule dependencies initialized[39m[38;5;3m +0ms[39m
[33m[Nest] 8752  - [39m29/05/2026 20:16:36 [33m   WARN[39m [38;5;3m[AuthService] [39m[33mTwilio credentials absent — using Mock OTP (code: 123456)[39m
[32m[Nest] 8752  - [39m29/05/2026 20:16:36 [32m    LOG[39m [38;5;3m[InstanceLoader] [39m[32mNotificationsModule dependencies initialized[39m[38;5;3m +0ms[39m
[32m[Nest] 8752  - [39m29/05/2026 20:16:36 [32m    LOG[39m [38;5;3m[InstanceLoader] [39m[32mAdminModule dependencies initialized[39m[38;5;3m +0ms[39m
[32m[Nest] 8752  - [39m29/05/2026 20:16:36 [32m    LOG[39m [38;5;3m[InstanceLoader] [39m[32mPaymentsModule dependencies initialized[39m[38;5;3m +2ms[39m
[32m[Nest] 8752  - [39m29/05/2026 20:16:36 [32m    LOG[39m [38;5;3m[InstanceLoader] [39m[32mComplianceModule dependencies initialized[39m[38;5;3m +0ms[39m
[32m[Nest] 8752  - [39m29/05/2026 20:16:36 [32m    LOG[39m [38;5;3m[InstanceLoader] [39m[32mAttendanceModule dependencies initialized[39m[38;5;3m +1ms[39m
[32m[Nest] 8752  - [39m29/05/2026 20:16:36 [32m    LOG[39m [38;5;3m[InstanceLoader] [39m[32mAuthModule dependencies initialized[39m[38;5;3m +0ms[39m
[32m[Nest] 8752  - [39m29/05/2026 20:16:36 [32m    LOG[39m [38;5;3m[InstanceLoader] [39m[32mShiftsModule dependencies initialized[39m[38;5;3m +0ms[39m
[[90m20:16:37[0m] Found 0 errors. Watching for file changes.

[2J[3J[H[[90m20:16:42[0m] File change detected. Starting incremental compilation...

[[90m20:16:43[0m] Found 0 errors. Watching for file changes.

[2J[3J[H[[90m20:16:48[0m] File change detected. Starting incremental compilation...

[[90m20:16:49[0m] Found 0 errors. Watching for file changes.

[32m[Nest] 28024  - [39m29/05/2026 20:16:57 [32m    LOG[39m [38;5;3m[NestFactory] [39m[32mStarting Nest application...[39m
[32m[Nest] 28024  - [39m29/05/2026 20:16:57 [32m    LOG[39m [38;5;3m[InstanceLoader] [39m[32mTypeOrmModule dependencies initialized[39m[38;5;3m +64ms[39m
[32m[Nest] 28024  - [39m29/05/2026 20:16:57 [32m    LOG[39m [38;5;3m[InstanceLoader] [39m[32mPassportModule dependencies initialized[39m[38;5;3m +0ms[39m
[32m[Nest] 28024  - [39m29/05/2026 20:16:57 [32m    LOG[39m [38;5;3m[InstanceLoader] [39m[32mMulterModule dependencies initialized[39m[38;5;3m +0ms[39m
[32m[Nest] 28024  - [39m29/05/2026 20:16:57 [32m    LOG[39m [38;5;3m[InstanceLoader] [39m[32mThrottlerModule dependencies initialized[39m[38;5;3m +0ms[39m
[32m[Nest] 28024  - [39m29/05/2026 20:16:57 [32m    LOG[39m [38;5;3m[InstanceLoader] [39m[32mJwtModule dependencies initialized[39m[38;5;3m +0ms[39m
[32m[Nest] 28024  - [39m29/05/2026 20:16:57 [32m    LOG[39m [38;5;3m[InstanceLoader] [39m[32mConfigHostModule dependencies initialized[39m[38;5;3m +0ms[39m
[32m[Nest] 28024  - [39m29/05/2026 20:16:57 [32m    LOG[39m [38;5;3m[InstanceLoader] [39m[32mDiscoveryModule dependencies initialized[39m[38;5;3m +1ms[39m
[32m[Nest] 28024  - [39m29/05/2026 20:16:57 [32m    LOG[39m [38;5;3m[InstanceLoader] [39m[32mServeStaticModule dependencies initialized[39m[38;5;3m +4ms[39m
[32m[Nest] 28024  - [39m29/05/2026 20:16:57 [32m    LOG[39m [38;5;3m[InstanceLoader] [39m[32mConfigModule dependencies initialized[39m[38;5;3m +1ms[39m
[32m[Nest] 28024  - [39m29/05/2026 20:16:57 [32m    LOG[39m [38;5;3m[InstanceLoader] [39m[32mConfigModule dependencies initialized[39m[38;5;3m +0ms[39m
[33m[Nest] 28024  - [39m29/05/2026 20:16:57 [33m   WARN[39m [38;5;3m[MailService] [39m[33mMAIL_HOST/MAIL_USER not set — emails will be logged to console only[39m
[33m[Nest] 28024  - [39m29/05/2026 20:16:57 [33m   WARN[39m [38;5;3m[StorageService] [39m[33mR2 credentials absent — using local disk storage[39m
[32m[Nest] 28024  - [39m29/05/2026 20:16:57 [32m    LOG[39m [38;5;3m[InstanceLoader] [39m[32mHealthModule dependencies initialized[39m[38;5;3m +2ms[39m
[32m[Nest] 28024  - [39m29/05/2026 20:16:57 [32m    LOG[39m [38;5;3m[InstanceLoader] [39m[32mAppModule dependencies initialized[39m[38;5;3m +0ms[39m
[32m[Nest] 28024  - [39m29/05/2026 20:16:57 [32m    LOG[39m [38;5;3m[InstanceLoader] [39m[32mBullModule dependencies initialized[39m[38;5;3m +154ms[39m
[32m[Nest] 28024  - [39m29/05/2026 20:16:57 [32m    LOG[39m [38;5;3m[InstanceLoader] [39m[32mBullModule dependencies initialized[39m[38;5;3m +0ms[39m
[32m[Nest] 28024  - [39m29/05/2026 20:16:57 [32m    LOG[39m [38;5;3m[InstanceLoader] [39m[32mRedisModule dependencies initialized[39m[38;5;3m +16ms[39m
[32m[Nest] 28024  - [39m29/05/2026 20:16:57 [32m    LOG[39m [38;5;3m[InstanceLoader] [39m[32mMailModule dependencies initialized[39m[38;5;3m +0ms[39m
[32m[Nest] 28024  - [39m29/05/2026 20:16:57 [32m    LOG[39m [38;5;3m[InstanceLoader] [39m[32mStorageModule dependencies initialized[39m[38;5;3m +0ms[39m
[32m[Nest] 28024  - [39m29/05/2026 20:16:57 [32m    LOG[39m [38;5;3m[InstanceLoader] [39m[32mJwtModule dependencies initialized[39m[38;5;3m +0ms[39m
[32m[Nest] 28024  - [39m29/05/2026 20:16:57 [32m    LOG[39m [38;5;3m[InstanceLoader] [39m[32mBullModule dependencies initialized[39m[38;5;3m +11ms[39m
[32m[Nest] 28024  - [39m29/05/2026 20:16:57 [32m    LOG[39m [38;5;3m[InstanceLoader] [39m[32mBullModule dependencies initialized[39m[38;5;3m +0ms[39m
[32m[Nest] 28024  - [39m29/05/2026 20:16:57 [32m    LOG[39m [38;5;3m[InstanceLoader] [39m[32mBullModule dependencies initialized[39m[38;5;3m +0ms[39m
[32m[Nest] 28024  - [39m29/05/2026 20:16:57 [32m    LOG[39m [38;5;3m[InstanceLoader] [39m[32mBullModule dependencies initialized[39m[38;5;3m +0ms[39m
[32m[Nest] 28024  - [39m29/05/2026 20:16:57 [32m    LOG[39m [38;5;3m[InstanceLoader] [39m[32mBullModule dependencies initialized[39m[38;5;3m +0ms[39m
IMPORTANT! Eviction policy is allkeys-lru. It should be "noeviction"
IMPORTANT! Eviction policy is allkeys-lru. It should be "noeviction"
IMPORTANT! Eviction policy is allkeys-lru. It should be "noeviction"
IMPORTANT! Eviction policy is allkeys-lru. It should be "noeviction"
IMPORTANT! Eviction policy is allkeys-lru. It should be "noeviction"
(node:28024) DeprecationWarning: Calling client.query() when the client is already executing a query is deprecated and will be removed in pg@9.0. Use async/await or an external async flow control mechanism instead.
(Use `node --trace-deprecation ...` to show where the warning was created)
[32m[Nest] 28024  - [39m29/05/2026 20:16:57 [32m    LOG[39m [38;5;3m[InstanceLoader] [39m[32mTypeOrmCoreModule dependencies initialized[39m[38;5;3m +536ms[39m
[32m[Nest] 28024  - [39m29/05/2026 20:16:57 [32m    LOG[39m [38;5;3m[InstanceLoader] [39m[32mTypeOrmModule dependencies initialized[39m[38;5;3m +0ms[39m
[32m[Nest] 28024  - [39m29/05/2026 20:16:57 [32m    LOG[39m [38;5;3m[InstanceLoader] [39m[32mTypeOrmModule dependencies initialized[39m[38;5;3m +0ms[39m
[32m[Nest] 28024  - [39m29/05/2026 20:16:57 [32m    LOG[39m [38;5;3m[InstanceLoader] [39m[32mTypeOrmModule dependencies initialized[39m[38;5;3m +0ms[39m
[32m[Nest] 28024  - [39m29/05/2026 20:16:57 [32m    LOG[39m [38;5;3m[InstanceLoader] [39m[32mTypeOrmModule dependencies initialized[39m[38;5;3m +0ms[39m
[32m[Nest] 28024  - [39m29/05/2026 20:16:57 [32m    LOG[39m [38;5;3m[InstanceLoader] [39m[32mTypeOrmModule dependencies initialized[39m[38;5;3m +1ms[39m
[32m[Nest] 28024  - [39m29/05/2026 20:16:57 [32m    LOG[39m [38;5;3m[InstanceLoader] [39m[32mTypeOrmModule dependencies initialized[39m[38;5;3m +0ms[39m
[32m[Nest] 28024  - [39m29/05/2026 20:16:57 [32m    LOG[39m [38;5;3m[InstanceLoader] [39m[32mTypeOrmModule dependencies initialized[39m[38;5;3m +0ms[39m
[32m[Nest] 28024  - [39m29/05/2026 20:16:57 [32m    LOG[39m [38;5;3m[InstanceLoader] [39m[32mUsersModule dependencies initialized[39m[38;5;3m +11ms[39m
[32m[Nest] 28024  - [39m29/05/2026 20:16:57 [32m    LOG[39m [38;5;3m[InstanceLoader] [39m[32mGatewayModule dependencies initialized[39m[38;5;3m +1ms[39m
[33m[Nest] 28024  - [39m29/05/2026 20:16:57 [33m   WARN[39m [38;5;3m[AuthService] [39m[33mTwilio credentials absent — using Mock OTP (code: 123456)[39m
[32m[Nest] 28024  - [39m29/05/2026 20:16:57 [32m    LOG[39m [38;5;3m[InstanceLoader] [39m[32mNotificationsModule dependencies initialized[39m[38;5;3m +2ms[39m
[32m[Nest] 28024  - [39m29/05/2026 20:16:57 [32m    LOG[39m [38;5;3m[InstanceLoader] [39m[32mAdminModule dependencies initialized[39m[38;5;3m +0ms[39m
[32m[Nest] 28024  - [39m29/05/2026 20:16:57 [32m    LOG[39m [38;5;3m[InstanceLoader] [39m[32mPaymentsModule dependencies initialized[39m[38;5;3m +2ms[39m
[32m[Nest] 28024  - [39m29/05/2026 20:16:57 [32m    LOG[39m [38;5;3m[InstanceLoader] [39m[32mComplianceModule dependencies initialized[39m[38;5;3m +0ms[39m
[32m[Nest] 28024  - [39m29/05/2026 20:16:57 [32m    LOG[39m [38;5;3m[InstanceLoader] [39m[32mAttendanceModule dependencies initialized[39m[38;5;3m +1ms[39m
[32m[Nest] 28024  - [39m29/05/2026 20:16:57 [32m    LOG[39m [38;5;3m[InstanceLoader] [39m[32mAuthModule dependencies initialized[39m[38;5;3m +0ms[39m
[32m[Nest] 28024  - [39m29/05/2026 20:16:57 [32m    LOG[39m [38;5;3m[InstanceLoader] [39m[32mShiftsModule dependencies initialized[39m[38;5;3m +0ms[39m
[32m[Nest] 28024  - [39m29/05/2026 20:16:59 [32m    LOG[39m [38;5;3m[RoutesResolver] [39m[32mAppController {/api}:[39m[38;5;3m +2007ms[39m
[32m[Nest] 28024  - [39m29/05/2026 20:16:59 [32m    LOG[39m [38;5;3m[RouterExplorer] [39m[32mMapped {/api, GET} route[39m[38;5;3m +8ms[39m
[32m[Nest] 28024  - [39m29/05/2026 20:16:59 [32m    LOG[39m [38;5;3m[RoutesResolver] [39m[32mHealthController {/api/health}:[39m[38;5;3m +0ms[39m
[32m[Nest] 28024  - [39m29/05/2026 20:16:59 [32m    LOG[39m [38;5;3m[RouterExplorer] [39m[32mMapped {/api/health, GET} route[39m[38;5;3m +1ms[39m
[32m[Nest] 28024  - [39m29/05/2026 20:16:59 [32m    LOG[39m [38;5;3m[RoutesResolver] [39m[32mAuthController {/api/auth}:[39m[38;5;3m +1ms[39m
[32m[Nest] 28024  - [39m29/05/2026 20:16:59 [32m    LOG[39m [38;5;3m[RouterExplorer] [39m[32mMapped {/api/auth/send-otp, POST} route[39m[38;5;3m +1ms[39m
[32m[Nest] 28024  - [39m29/05/2026 20:16:59 [32m    LOG[39m [38;5;3m[RouterExplorer] [39m[32mMapped {/api/auth/verify-otp, POST} route[39m[38;5;3m +0ms[39m
[32m[Nest] 28024  - [39m29/05/2026 20:16:59 [32m    LOG[39m [38;5;3m[RouterExplorer] [39m[32mMapped {/api/auth/register/employer, POST} route[39m[38;5;3m +1ms[39m
[32m[Nest] 28024  - [39m29/05/2026 20:16:59 [32m    LOG[39m [38;5;3m[RouterExplorer] [39m[32mMapped {/api/auth/login/employer, POST} route[39m[38;5;3m +0ms[39m
[32m[Nest] 28024  - [39m29/05/2026 20:16:59 [32m    LOG[39m [38;5;3m[RouterExplorer] [39m[32mMapped {/api/auth/verify-email/:token, GET} route[39m[38;5;3m +1ms[39m
[32m[Nest] 28024  - [39m29/05/2026 20:16:59 [32m    LOG[39m [38;5;3m[RouterExplorer] [39m[32mMapped {/api/auth/google/verify-token, POST} route[39m[38;5;3m +0ms[39m
[32m[Nest] 28024  - [39m29/05/2026 20:16:59 [32m    LOG[39m [38;5;3m[RouterExplorer] [39m[32mMapped {/api/auth/refresh, POST} route[39m[38;5;3m +0ms[39m
[32m[Nest] 28024  - [39m29/05/2026 20:16:59 [32m    LOG[39m [38;5;3m[RouterExplorer] [39m[32mMapped {/api/auth/logout, POST} route[39m[38;5;3m +2ms[39m
[32m[Nest] 28024  - [39m29/05/2026 20:16:59 [32m    LOG[39m [38;5;3m[RouterExplorer] [39m[32mMapped {/api/auth/worker/profile, POST} route[39m[38;5;3m +1ms[39m
[32m[Nest] 28024  - [39m29/05/2026 20:16:59 [32m    LOG[39m [38;5;3m[RouterExplorer] [39m[32mMapped {/api/auth/worker/photo, POST} route[39m[38;5;3m +0ms[39m
[32m[Nest] 28024  - [39m29/05/2026 20:16:59 [32m    LOG[39m [38;5;3m[RouterExplorer] [39m[32mMapped {/api/auth/me, GET} route[39m[38;5;3m +1ms[39m
[32m[Nest] 28024  - [39m29/05/2026 20:16:59 [32m    LOG[39m [38;5;3m[RouterExplorer] [39m[32mMapped {/api/auth/worker/push-token, POST} route[39m[38;5;3m +0ms[39m
[32m[Nest] 28024  - [39m29/05/2026 20:16:59 [32m    LOG[39m [38;5;3m[RoutesResolver] [39m[32mComplianceController {/api/compliance}:[39m[38;5;3m +1ms[39m
[32m[Nest] 28024  - [39m29/05/2026 20:16:59 [32m    LOG[39m [38;5;3m[RouterExplorer] [39m[32mMapped {/api/compliance/employer/tsu-report, GET} route[39m[38;5;3m +0ms[39m
[32m[Nest] 28024  - [39m29/05/2026 20:16:59 [32m    LOG[39m [38;5;3m[RouterExplorer] [39m[32mMapped {/api/compliance/employer/mcd-contracts, GET} route[39m[38;5;3m +1ms[39m
[32m[Nest] 28024  - [39m29/05/2026 20:16:59 [32m    LOG[39m [38;5;3m[RouterExplorer] [39m[32mMapped {/api/compliance/employer/audit-log, GET} route[39m[38;5;3m +0ms[39m
[32m[Nest] 28024  - [39m29/05/2026 20:16:59 [32m    LOG[39m [38;5;3m[RouterExplorer] [39m[32mMapped {/api/compliance/worker/dependency, GET} route[39m[38;5;3m +0ms[39m
[32m[Nest] 28024  - [39m29/05/2026 20:16:59 [32m    LOG[39m [38;5;3m[RouterExplorer] [39m[32mMapped {/api/compliance/worker/external-income, PATCH} route[39m[38;5;3m +1ms[39m
[32m[Nest] 28024  - [39m29/05/2026 20:16:59 [32m    LOG[39m [38;5;3m[RoutesResolver] [39m[32mAttendanceController {/api/attendance}:[39m[38;5;3m +0ms[39m
[32m[Nest] 28024  - [39m29/05/2026 20:16:59 [32m    LOG[39m [38;5;3m[RouterExplorer] [39m[32mMapped {/api/attendance/employer-qr, GET} route[39m[38;5;3m +1ms[39m
[32m[Nest] 28024  - [39m29/05/2026 20:16:59 [32m    LOG[39m [38;5;3m[RouterExplorer] [39m[32mMapped {/api/attendance/:shiftId/manual-confirm, POST} route[39m[38;5;3m +1ms[39m
[32m[Nest] 28024  - [39m29/05/2026 20:16:59 [32m    LOG[39m [38;5;3m[RouterExplorer] [39m[32mMapped {/api/attendance/:shiftId/dispute/employer, POST} route[39m[38;5;3m +0ms[39m
[32m[Nest] 28024  - [39m29/05/2026 20:16:59 [32m    LOG[39m [38;5;3m[RouterExplorer] [39m[32mMapped {/api/attendance/check-in, POST} route[39m[38;5;3m +1ms[39m
[32m[Nest] 28024  - [39m29/05/2026 20:16:59 [32m    LOG[39m [38;5;3m[RouterExplorer] [39m[32mMapped {/api/attendance/check-out, POST} route[39m[38;5;3m +1ms[39m
[32m[Nest] 28024  - [39m29/05/2026 20:16:59 [32m    LOG[39m [38;5;3m[RouterExplorer] [39m[32mMapped {/api/attendance/:shiftId/dispute/worker, POST} route[39m[38;5;3m +0ms[39m
[32m[Nest] 28024  - [39m29/05/2026 20:16:59 [32m    LOG[39m [38;5;3m[RouterExplorer] [39m[32mMapped {/api/attendance/:shiftId, GET} route[39m[38;5;3m +0ms[39m
[32m[Nest] 28024  - [39m29/05/2026 20:16:59 [32m    LOG[39m [38;5;3m[RoutesResolver] [39m[32mPaymentsController {/api/payments}:[39m[38;5;3m +0ms[39m
[32m[Nest] 28024  - [39m29/05/2026 20:16:59 [32m    LOG[39m [38;5;3m[RouterExplorer] [39m[32mMapped {/api/payments/employer/setup-intent, POST} route[39m[38;5;3m +1ms[39m
[32m[Nest] 28024  - [39m29/05/2026 20:16:59 [32m    LOG[39m [38;5;3m[RouterExplorer] [39m[32mMapped {/api/payments/employer/save-payment-method, POST} route[39m[38;5;3m +0ms[39m
[32m[Nest] 28024  - [39m29/05/2026 20:16:59 [32m    LOG[39m [38;5;3m[RouterExplorer] [39m[32mMapped {/api/payments/employer/subscribe, POST} route[39m[38;5;3m +0ms[39m
[32m[Nest] 28024  - [39m29/05/2026 20:16:59 [32m    LOG[39m [38;5;3m[RouterExplorer] [39m[32mMapped {/api/payments/employer/cancel-subscription, POST} route[39m[38;5;3m +0ms[39m
[32m[Nest] 28024  - [39m29/05/2026 20:16:59 [32m    LOG[39m [38;5;3m[RouterExplorer] [39m[32mMapped {/api/payments/employer/spending, GET} route[39m[38;5;3m +1ms[39m
[32m[Nest] 28024  - [39m29/05/2026 20:16:59 [32m    LOG[39m [38;5;3m[RouterExplorer] [39m[32mMapped {/api/payments/worker/connect, POST} route[39m[38;5;3m +0ms[39m
[32m[Nest] 28024  - [39m29/05/2026 20:16:59 [32m    LOG[39m [38;5;3m[RouterExplorer] [39m[32mMapped {/api/payments/worker/dashboard-link, GET} route[39m[38;5;3m +0ms[39m
[32m[Nest] 28024  - [39m29/05/2026 20:16:59 [32m    LOG[39m [38;5;3m[RouterExplorer] [39m[32mMapped {/api/payments/worker/earnings, GET} route[39m[38;5;3m +0ms[39m
[32m[Nest] 28024  - [39m29/05/2026 20:16:59 [32m    LOG[39m [38;5;3m[RouterExplorer] [39m[32mMapped {/api/payments/webhook, POST} route[39m[38;5;3m +0ms[39m
[32m[Nest] 28024  - [39m29/05/2026 20:16:59 [32m    LOG[39m [38;5;3m[RoutesResolver] [39m[32mShiftsController {/api/shifts}:[39m[38;5;3m +0ms[39m
[32m[Nest] 28024  - [39m29/05/2026 20:16:59 [32m    LOG[39m [38;5;3m[RouterExplorer] [39m[32mMapped {/api/shifts, POST} route[39m[38;5;3m +1ms[39m
[32m[Nest] 28024  - [39m29/05/2026 20:16:59 [32m    LOG[39m [38;5;3m[RouterExplorer] [39m[32mMapped {/api/shifts/employer/mine, GET} route[39m[38;5;3m +0ms[39m
[32m[Nest] 28024  - [39m29/05/2026 20:16:59 [32m    LOG[39m [38;5;3m[RouterExplorer] [39m[32mMapped {/api/shifts/employer/workers, GET} route[39m[38;5;3m +0ms[39m
[32m[Nest] 28024  - [39m29/05/2026 20:16:59 [32m    LOG[39m [38;5;3m[RouterExplorer] [39m[32mMapped {/api/shifts/:id, PATCH} route[39m[38;5;3m +0ms[39m
[32m[Nest] 28024  - [39m29/05/2026 20:16:59 [32m    LOG[39m [38;5;3m[RouterExplorer] [39m[32mMapped {/api/shifts/:id/cancel, POST} route[39m[38;5;3m +0ms[39m
[32m[Nest] 28024  - [39m29/05/2026 20:16:59 [32m    LOG[39m [38;5;3m[RouterExplorer] [39m[32mMapped {/api/shifts/:id/applications, GET} route[39m[38;5;3m +0ms[39m
[32m[Nest] 28024  - [39m29/05/2026 20:16:59 [32m    LOG[39m [38;5;3m[RouterExplorer] [39m[32mMapped {/api/shifts/:id/applications/:appId/approve, POST} route[39m[38;5;3m +0ms[39m
[32m[Nest] 28024  - [39m29/05/2026 20:16:59 [32m    LOG[39m [38;5;3m[RouterExplorer] [39m[32mMapped {/api/shifts/search, GET} route[39m[38;5;3m +1ms[39m
[32m[Nest] 28024  - [39m29/05/2026 20:16:59 [32m    LOG[39m [38;5;3m[RouterExplorer] [39m[32mMapped {/api/shifts/:id/apply, POST} route[39m[38;5;3m +0ms[39m
[32m[Nest] 28024  - [39m29/05/2026 20:16:59 [32m    LOG[39m [38;5;3m[RouterExplorer] [39m[32mMapped {/api/shifts/worker/applied, GET} route[39m[38;5;3m +0ms[39m
[32m[Nest] 28024  - [39m29/05/2026 20:16:59 [32m    LOG[39m [38;5;3m[RouterExplorer] [39m[32mMapped {/api/shifts/:id, GET} route[39m[38;5;3m +0ms[39m
[32m[Nest] 28024  - [39m29/05/2026 20:16:59 [32m    LOG[39m [38;5;3m[RoutesResolver] [39m[32mAdminController {/api/admin}:[39m[38;5;3m +0ms[39m
[32m[Nest] 28024  - [39m29/05/2026 20:16:59 [32m    LOG[39m [38;5;3m[RouterExplorer] [39m[32mMapped {/api/admin/workers/pending, GET} route[39m[38;5;3m +0ms[39m
[32m[Nest] 28024  - [39m29/05/2026 20:16:59 [32m    LOG[39m [38;5;3m[RouterExplorer] [39m[32mMapped {/api/admin/workers/:id/approve, POST} route[39m[38;5;3m +0ms[39m
[32m[Nest] 28024  - [39m29/05/2026 20:16:59 [32m    LOG[39m [38;5;3m[RouterExplorer] [39m[32mMapped {/api/admin/workers/:id/reject, POST} route[39m[38;5;3m +0ms[39m
[32m[Nest] 28024  - [39m29/05/2026 20:16:59 [32m    LOG[39m [38;5;3m[RedisService] [39m[32mRedis client initialized[39m
IMPORTANT! Eviction policy is allkeys-lru. It should be "noeviction"
IMPORTANT! Eviction policy is allkeys-lru. It should be "noeviction"
IMPORTANT! Eviction policy is allkeys-lru. It should be "noeviction"
IMPORTANT! Eviction policy is allkeys-lru. It should be "noeviction"
IMPORTANT! Eviction policy is allkeys-lru. It should be "noeviction"
IMPORTANT! Eviction policy is allkeys-lru. It should be "noeviction"
[32m[Nest] 28024  - [39m29/05/2026 20:17:00 [32m    LOG[39m [38;5;3m[QuarterlySsSchedulerService] [39m[32m[SS Scheduler] Quarterly SS reminder cron registered: 0 9 1 3,6,9,12 *[39m
[32m[Nest] 28024  - [39m29/05/2026 20:17:00 [32m    LOG[39m [38;5;3m[NestApplication] [39m[32mNest application successfully started[39m[38;5;3m +2ms[39m
[31m[Nest] 28024  - [39m29/05/2026 20:17:00 [31m  ERROR[39m [38;5;3m[NestApplication] [39m[31mError: listen EADDRINUSE: address already in use :::3001[39m[38;5;3m +3ms[39m
node:net:1940
    const ex = new UVExceptionWithHostPort(err, 'listen', address, port);
               ^

Error: listen EADDRINUSE: address already in use :::3001
    at Server.setupListenHandle [as _listen2] (node:net:1940:16)
    at listenInCluster (node:net:1997:12)
    at Server.listen (node:net:2102:7)
    at ExpressAdapter.listen (C:\Users\j3_19\AppData\Roaming\MetaQuotes\Terminal\0727F3F88B5F0FE006962B330B91FF37\Turnos App\node_modules\@nestjs\platform-express\adapters\express-adapter.js:95:32)
    at C:\Users\j3_19\AppData\Roaming\MetaQuotes\Terminal\0727F3F88B5F0FE006962B330B91FF37\Turnos App\node_modules\@nestjs\core\nest-application.js:183:30
    at new Promise (<anonymous>)
    at NestApplication.listen (C:\Users\j3_19\AppData\Roaming\MetaQuotes\Terminal\0727F3F88B5F0FE006962B330B91FF37\Turnos App\node_modules\@nestjs\core\nest-application.js:173:16)
    at process.processTicksAndRejections (node:internal/process/task_queues:105:5)
    at async bootstrap (C:\Users\j3_19\AppData\Roaming\MetaQuotes\Terminal\0727F3F88B5F0FE006962B330B91FF37\Turnos App\apps\api\src\main.ts:37:3) {
  code: 'EADDRINUSE',
  errno: -4091,
  syscall: 'listen',
  address: '::',
  port: 3001
}

Node.js v24.6.0
[2J[3J[H[[90m20:19:06[0m] File change detected. Starting incremental compilation...

[[90m20:19:07[0m] Found 0 errors. Watching for file changes.

[32m[Nest] 12080  - [39m29/05/2026 20:19:14 [32m    LOG[39m [38;5;3m[NestFactory] [39m[32mStarting Nest application...[39m
[32m[Nest] 12080  - [39m29/05/2026 20:19:14 [32m    LOG[39m [38;5;3m[InstanceLoader] [39m[32mTypeOrmModule dependencies initialized[39m[38;5;3m +55ms[39m
[32m[Nest] 12080  - [39m29/05/2026 20:19:14 [32m    LOG[39m [38;5;3m[InstanceLoader] [39m[32mPassportModule dependencies initialized[39m[38;5;3m +0ms[39m
[32m[Nest] 12080  - [39m29/05/2026 20:19:14 [32m    LOG[39m [38;5;3m[InstanceLoader] [39m[32mMulterModule dependencies initialized[39m[38;5;3m +0ms[39m
[32m[Nest] 12080  - [39m29/05/2026 20:19:14 [32m    LOG[39m [38;5;3m[InstanceLoader] [39m[32mThrottlerModule dependencies initialized[39m[38;5;3m +1ms[39m
[32m[Nest] 12080  - [39m29/05/2026 20:19:14 [32m    LOG[39m [38;5;3m[InstanceLoader] [39m[32mJwtModule dependencies initialized[39m[38;5;3m +0ms[39m
[32m[Nest] 12080  - [39m29/05/2026 20:19:14 [32m    LOG[39m [38;5;3m[InstanceLoader] [39m[32mConfigHostModule dependencies initialized[39m[38;5;3m +0ms[39m
[32m[Nest] 12080  - [39m29/05/2026 20:19:14 [32m    LOG[39m [38;5;3m[InstanceLoader] [39m[32mDiscoveryModule dependencies initialized[39m[38;5;3m +0ms[39m
[32m[Nest] 12080  - [39m29/05/2026 20:19:14 [32m    LOG[39m [38;5;3m[InstanceLoader] [39m[32mServeStaticModule dependencies initialized[39m[38;5;3m +2ms[39m
[32m[Nest] 12080  - [39m29/05/2026 20:19:14 [32m    LOG[39m [38;5;3m[InstanceLoader] [39m[32mConfigModule dependencies initialized[39m[38;5;3m +1ms[39m
[32m[Nest] 12080  - [39m29/05/2026 20:19:14 [32m    LOG[39m [38;5;3m[InstanceLoader] [39m[32mConfigModule dependencies initialized[39m[38;5;3m +0ms[39m
[33m[Nest] 12080  - [39m29/05/2026 20:19:14 [33m   WARN[39m [38;5;3m[MailService] [39m[33mMAIL_HOST/MAIL_USER not set — emails will be logged to console only[39m
[33m[Nest] 12080  - [39m29/05/2026 20:19:14 [33m   WARN[39m [38;5;3m[StorageService] [39m[33mR2 credentials absent — using local disk storage[39m
[32m[Nest] 12080  - [39m29/05/2026 20:19:14 [32m    LOG[39m [38;5;3m[InstanceLoader] [39m[32mHealthModule dependencies initialized[39m[38;5;3m +1ms[39m
[32m[Nest] 12080  - [39m29/05/2026 20:19:14 [32m    LOG[39m [38;5;3m[InstanceLoader] [39m[32mAppModule dependencies initialized[39m[38;5;3m +0ms[39m
[32m[Nest] 12080  - [39m29/05/2026 20:19:14 [32m    LOG[39m [38;5;3m[InstanceLoader] [39m[32mBullModule dependencies initialized[39m[38;5;3m +83ms[39m
[32m[Nest] 12080  - [39m29/05/2026 20:19:14 [32m    LOG[39m [38;5;3m[InstanceLoader] [39m[32mBullModule dependencies initialized[39m[38;5;3m +0ms[39m
[32m[Nest] 12080  - [39m29/05/2026 20:19:14 [32m    LOG[39m [38;5;3m[InstanceLoader] [39m[32mRedisModule dependencies initialized[39m[38;5;3m +11ms[39m
[32m[Nest] 12080  - [39m29/05/2026 20:19:14 [32m    LOG[39m [38;5;3m[InstanceLoader] [39m[32mMailModule dependencies initialized[39m[38;5;3m +1ms[39m
[32m[Nest] 12080  - [39m29/05/2026 20:19:14 [32m    LOG[39m [38;5;3m[InstanceLoader] [39m[32mStorageModule dependencies initialized[39m[38;5;3m +0ms[39m
[32m[Nest] 12080  - [39m29/05/2026 20:19:14 [32m    LOG[39m [38;5;3m[InstanceLoader] [39m[32mJwtModule dependencies initialized[39m[38;5;3m +1ms[39m
[32m[Nest] 12080  - [39m29/05/2026 20:19:14 [32m    LOG[39m [38;5;3m[InstanceLoader] [39m[32mBullModule dependencies initialized[39m[38;5;3m +6ms[39m
[32m[Nest] 12080  - [39m29/05/2026 20:19:14 [32m    LOG[39m [38;5;3m[InstanceLoader] [39m[32mBullModule dependencies initialized[39m[38;5;3m +0ms[39m
[32m[Nest] 12080  - [39m29/05/2026 20:19:14 [32m    LOG[39m [38;5;3m[InstanceLoader] [39m[32mBullModule dependencies initialized[39m[38;5;3m +0ms[39m
[32m[Nest] 12080  - [39m29/05/2026 20:19:14 [32m    LOG[39m [38;5;3m[InstanceLoader] [39m[32mBullModule dependencies initialized[39m[38;5;3m +0ms[39m
[32m[Nest] 12080  - [39m29/05/2026 20:19:14 [32m    LOG[39m [38;5;3m[InstanceLoader] [39m[32mBullModule dependencies initialized[39m[38;5;3m +0ms[39m
IMPORTANT! Eviction policy is allkeys-lru. It should be "noeviction"
IMPORTANT! Eviction policy is allkeys-lru. It should be "noeviction"
IMPORTANT! Eviction policy is allkeys-lru. It should be "noeviction"
IMPORTANT! Eviction policy is allkeys-lru. It should be "noeviction"
IMPORTANT! Eviction policy is allkeys-lru. It should be "noeviction"
(node:12080) DeprecationWarning: Calling client.query() when the client is already executing a query is deprecated and will be removed in pg@9.0. Use async/await or an external async flow control mechanism instead.
(Use `node --trace-deprecation ...` to show where the warning was created)
[32m[Nest] 12080  - [39m29/05/2026 20:19:14 [32m    LOG[39m [38;5;3m[InstanceLoader] [39m[32mTypeOrmCoreModule dependencies initialized[39m[38;5;3m +445ms[39m
[32m[Nest] 12080  - [39m29/05/2026 20:19:14 [32m    LOG[39m [38;5;3m[InstanceLoader] [39m[32mTypeOrmModule dependencies initialized[39m[38;5;3m +1ms[39m
[32m[Nest] 12080  - [39m29/05/2026 20:19:14 [32m    LOG[39m [38;5;3m[InstanceLoader] [39m[32mTypeOrmModule dependencies initialized[39m[38;5;3m +0ms[39m
[32m[Nest] 12080  - [39m29/05/2026 20:19:14 [32m    LOG[39m [38;5;3m[InstanceLoader] [39m[32mTypeOrmModule dependencies initialized[39m[38;5;3m +0ms[39m
[32m[Nest] 12080  - [39m29/05/2026 20:19:14 [32m    LOG[39m [38;5;3m[InstanceLoader] [39m[32mTypeOrmModule dependencies initialized[39m[38;5;3m +0ms[39m
[32m[Nest] 12080  - [39m29/05/2026 20:19:14 [32m    LOG[39m [38;5;3m[InstanceLoader] [39m[32mTypeOrmModule dependencies initialized[39m[38;5;3m +0ms[39m
[32m[Nest] 12080  - [39m29/05/2026 20:19:14 [32m    LOG[39m [38;5;3m[InstanceLoader] [39m[32mTypeOrmModule dependencies initialized[39m[38;5;3m +0ms[39m
[32m[Nest] 12080  - [39m29/05/2026 20:19:14 [32m    LOG[39m [38;5;3m[InstanceLoader] [39m[32mTypeOrmModule dependencies initialized[39m[38;5;3m +0ms[39m
[32m[Nest] 12080  - [39m29/05/2026 20:19:14 [32m    LOG[39m [38;5;3m[InstanceLoader] [39m[32mUsersModule dependencies initialized[39m[38;5;3m +6ms[39m
[32m[Nest] 12080  - [39m29/05/2026 20:19:14 [32m    LOG[39m [38;5;3m[InstanceLoader] [39m[32mGatewayModule dependencies initialized[39m[38;5;3m +0ms[39m
[33m[Nest] 12080  - [39m29/05/2026 20:19:14 [33m   WARN[39m [38;5;3m[AuthService] [39m[33mTwilio credentials absent — using Mock OTP (code: 123456)[39m
[32m[Nest] 12080  - [39m29/05/2026 20:19:14 [32m    LOG[39m [38;5;3m[InstanceLoader] [39m[32mNotificationsModule dependencies initialized[39m[38;5;3m +0ms[39m
[32m[Nest] 12080  - [39m29/05/2026 20:19:14 [32m    LOG[39m [38;5;3m[InstanceLoader] [39m[32mAdminModule dependencies initialized[39m[38;5;3m +1ms[39m
[32m[Nest] 12080  - [39m29/05/2026 20:19:14 [32m    LOG[39m [38;5;3m[InstanceLoader] [39m[32mPaymentsModule dependencies initialized[39m[38;5;3m +0ms[39m
[32m[Nest] 12080  - [39m29/05/2026 20:19:14 [32m    LOG[39m [38;5;3m[InstanceLoader] [39m[32mComplianceModule dependencies initialized[39m[38;5;3m +1ms[39m
[32m[Nest] 12080  - [39m29/05/2026 20:19:14 [32m    LOG[39m [38;5;3m[InstanceLoader] [39m[32mAttendanceModule dependencies initialized[39m[38;5;3m +0ms[39m
[32m[Nest] 12080  - [39m29/05/2026 20:19:14 [32m    LOG[39m [38;5;3m[InstanceLoader] [39m[32mAuthModule dependencies initialized[39m[38;5;3m +0ms[39m
[32m[Nest] 12080  - [39m29/05/2026 20:19:14 [32m    LOG[39m [38;5;3m[InstanceLoader] [39m[32mShiftsModule dependencies initialized[39m[38;5;3m +0ms[39m
[32m[Nest] 12080  - [39m29/05/2026 20:19:15 [32m    LOG[39m [38;5;3m[RoutesResolver] [39m[32mAppController {/api}:[39m[38;5;3m +1049ms[39m
[32m[Nest] 12080  - [39m29/05/2026 20:19:15 [32m    LOG[39m [38;5;3m[RouterExplorer] [39m[32mMapped {/api, GET} route[39m[38;5;3m +4ms[39m
[32m[Nest] 12080  - [39m29/05/2026 20:19:15 [32m    LOG[39m [38;5;3m[RoutesResolver] [39m[32mHealthController {/api/health}:[39m[38;5;3m +1ms[39m
[32m[Nest] 12080  - [39m29/05/2026 20:19:15 [32m    LOG[39m [38;5;3m[RouterExplorer] [39m[32mMapped {/api/health, GET} route[39m[38;5;3m +0ms[39m
[32m[Nest] 12080  - [39m29/05/2026 20:19:15 [32m    LOG[39m [38;5;3m[RoutesResolver] [39m[32mAuthController {/api/auth}:[39m[38;5;3m +0ms[39m
[32m[Nest] 12080  - [39m29/05/2026 20:19:15 [32m    LOG[39m [38;5;3m[RouterExplorer] [39m[32mMapped {/api/auth/send-otp, POST} route[39m[38;5;3m +2ms[39m
[32m[Nest] 12080  - [39m29/05/2026 20:19:15 [32m    LOG[39m [38;5;3m[RouterExplorer] [39m[32mMapped {/api/auth/verify-otp, POST} route[39m[38;5;3m +2ms[39m
[32m[Nest] 12080  - [39m29/05/2026 20:19:15 [32m    LOG[39m [38;5;3m[RouterExplorer] [39m[32mMapped {/api/auth/register/employer, POST} route[39m[38;5;3m +1ms[39m
[32m[Nest] 12080  - [39m29/05/2026 20:19:15 [32m    LOG[39m [38;5;3m[RouterExplorer] [39m[32mMapped {/api/auth/login/employer, POST} route[39m[38;5;3m +0ms[39m
[32m[Nest] 12080  - [39m29/05/2026 20:19:15 [32m    LOG[39m [38;5;3m[RouterExplorer] [39m[32mMapped {/api/auth/verify-email/:token, GET} route[39m[38;5;3m +1ms[39m
[32m[Nest] 12080  - [39m29/05/2026 20:19:15 [32m    LOG[39m [38;5;3m[RouterExplorer] [39m[32mMapped {/api/auth/google/verify-token, POST} route[39m[38;5;3m +0ms[39m
[32m[Nest] 12080  - [39m29/05/2026 20:19:15 [32m    LOG[39m [38;5;3m[RouterExplorer] [39m[32mMapped {/api/auth/refresh, POST} route[39m[38;5;3m +0ms[39m
[32m[Nest] 12080  - [39m29/05/2026 20:19:15 [32m    LOG[39m [38;5;3m[RouterExplorer] [39m[32mMapped {/api/auth/logout, POST} route[39m[38;5;3m +1ms[39m
[32m[Nest] 12080  - [39m29/05/2026 20:19:15 [32m    LOG[39m [38;5;3m[RouterExplorer] [39m[32mMapped {/api/auth/worker/profile, POST} route[39m[38;5;3m +0ms[39m
[32m[Nest] 12080  - [39m29/05/2026 20:19:15 [32m    LOG[39m [38;5;3m[RouterExplorer] [39m[32mMapped {/api/auth/worker/photo, POST} route[39m[38;5;3m +0ms[39m
[32m[Nest] 12080  - [39m29/05/2026 20:19:15 [32m    LOG[39m [38;5;3m[RouterExplorer] [39m[32mMapped {/api/auth/me, GET} route[39m[38;5;3m +1ms[39m
[32m[Nest] 12080  - [39m29/05/2026 20:19:15 [32m    LOG[39m [38;5;3m[RouterExplorer] [39m[32mMapped {/api/auth/worker/push-token, POST} route[39m[38;5;3m +0ms[39m
[32m[Nest] 12080  - [39m29/05/2026 20:19:15 [32m    LOG[39m [38;5;3m[RoutesResolver] [39m[32mComplianceController {/api/compliance}:[39m[38;5;3m +0ms[39m
[32m[Nest] 12080  - [39m29/05/2026 20:19:15 [32m    LOG[39m [38;5;3m[RouterExplorer] [39m[32mMapped {/api/compliance/employer/tsu-report, GET} route[39m[38;5;3m +0ms[39m
[32m[Nest] 12080  - [39m29/05/2026 20:19:15 [32m    LOG[39m [38;5;3m[RouterExplorer] [39m[32mMapped {/api/compliance/employer/mcd-contracts, GET} route[39m[38;5;3m +0ms[39m
[32m[Nest] 12080  - [39m29/05/2026 20:19:15 [32m    LOG[39m [38;5;3m[RouterExplorer] [39m[32mMapped {/api/compliance/employer/audit-log, GET} route[39m[38;5;3m +0ms[39m
[32m[Nest] 12080  - [39m29/05/2026 20:19:15 [32m    LOG[39m [38;5;3m[RouterExplorer] [39m[32mMapped {/api/compliance/worker/dependency, GET} route[39m[38;5;3m +1ms[39m
[32m[Nest] 12080  - [39m29/05/2026 20:19:15 [32m    LOG[39m [38;5;3m[RouterExplorer] [39m[32mMapped {/api/compliance/worker/external-income, PATCH} route[39m[38;5;3m +0ms[39m
[32m[Nest] 12080  - [39m29/05/2026 20:19:15 [32m    LOG[39m [38;5;3m[RoutesResolver] [39m[32mAttendanceController {/api/attendance}:[39m[38;5;3m +0ms[39m
[32m[Nest] 12080  - [39m29/05/2026 20:19:15 [32m    LOG[39m [38;5;3m[RouterExplorer] [39m[32mMapped {/api/attendance/employer-qr, GET} route[39m[38;5;3m +0ms[39m
[32m[Nest] 12080  - [39m29/05/2026 20:19:15 [32m    LOG[39m [38;5;3m[RouterExplorer] [39m[32mMapped {/api/attendance/:shiftId/manual-confirm, POST} route[39m[38;5;3m +0ms[39m
[32m[Nest] 12080  - [39m29/05/2026 20:19:15 [32m    LOG[39m [38;5;3m[RouterExplorer] [39m[32mMapped {/api/attendance/:shiftId/dispute/employer, POST} route[39m[38;5;3m +0ms[39m
[32m[Nest] 12080  - [39m29/05/2026 20:19:15 [32m    LOG[39m [38;5;3m[RouterExplorer] [39m[32mMapped {/api/attendance/check-in, POST} route[39m[38;5;3m +1ms[39m
[32m[Nest] 12080  - [39m29/05/2026 20:19:15 [32m    LOG[39m [38;5;3m[RouterExplorer] [39m[32mMapped {/api/attendance/check-out, POST} route[39m[38;5;3m +0ms[39m
[32m[Nest] 12080  - [39m29/05/2026 20:19:15 [32m    LOG[39m [38;5;3m[RouterExplorer] [39m[32mMapped {/api/attendance/:shiftId/dispute/worker, POST} route[39m[38;5;3m +0ms[39m
[32m[Nest] 12080  - [39m29/05/2026 20:19:15 [32m    LOG[39m [38;5;3m[RouterExplorer] [39m[32mMapped {/api/attendance/:shiftId, GET} route[39m[38;5;3m +0ms[39m
[32m[Nest] 12080  - [39m29/05/2026 20:19:15 [32m    LOG[39m [38;5;3m[RoutesResolver] [39m[32mPaymentsController {/api/payments}:[39m[38;5;3m +0ms[39m
[32m[Nest] 12080  - [39m29/05/2026 20:19:15 [32m    LOG[39m [38;5;3m[RouterExplorer] [39m[32mMapped {/api/payments/employer/setup-intent, POST} route[39m[38;5;3m +0ms[39m
[32m[Nest] 12080  - [39m29/05/2026 20:19:15 [32m    LOG[39m [38;5;3m[RouterExplorer] [39m[32mMapped {/api/payments/employer/save-payment-method, POST} route[39m[38;5;3m +0ms[39m
[32m[Nest] 12080  - [39m29/05/2026 20:19:15 [32m    LOG[39m [38;5;3m[RouterExplorer] [39m[32mMapped {/api/payments/employer/subscribe, POST} route[39m[38;5;3m +1ms[39m
[32m[Nest] 12080  - [39m29/05/2026 20:19:15 [32m    LOG[39m [38;5;3m[RouterExplorer] [39m[32mMapped {/api/payments/employer/cancel-subscription, POST} route[39m[38;5;3m +0ms[39m
[32m[Nest] 12080  - [39m29/05/2026 20:19:15 [32m    LOG[39m [38;5;3m[RouterExplorer] [39m[32mMapped {/api/payments/employer/spending, GET} route[39m[38;5;3m +0ms[39m
[32m[Nest] 12080  - [39m29/05/2026 20:19:15 [32m    LOG[39m [38;5;3m[RouterExplorer] [39m[32mMapped {/api/payments/worker/connect, POST} route[39m[38;5;3m +0ms[39m
[32m[Nest] 12080  - [39m29/05/2026 20:19:15 [32m    LOG[39m [38;5;3m[RouterExplorer] [39m[32mMapped {/api/payments/worker/dashboard-link, GET} route[39m[38;5;3m +0ms[39m
[32m[Nest] 12080  - [39m29/05/2026 20:19:15 [32m    LOG[39m [38;5;3m[RouterExplorer] [39m[32mMapped {/api/payments/worker/earnings, GET} route[39m[38;5;3m +0ms[39m
[32m[Nest] 12080  - [39m29/05/2026 20:19:15 [32m    LOG[39m [38;5;3m[RouterExplorer] [39m[32mMapped {/api/payments/webhook, POST} route[39m[38;5;3m +0ms[39m
[32m[Nest] 12080  - [39m29/05/2026 20:19:15 [32m    LOG[39m [38;5;3m[RoutesResolver] [39m[32mShiftsController {/api/shifts}:[39m[38;5;3m +1ms[39m
[32m[Nest] 12080  - [39m29/05/2026 20:19:15 [32m    LOG[39m [38;5;3m[RouterExplorer] [39m[32mMapped {/api/shifts, POST} route[39m[38;5;3m +0ms[39m
[32m[Nest] 12080  - [39m29/05/2026 20:19:15 [32m    LOG[39m [38;5;3m[RouterExplorer] [39m[32mMapped {/api/shifts/employer/mine, GET} route[39m[38;5;3m +0ms[39m
[32m[Nest] 12080  - [39m29/05/2026 20:19:15 [32m    LOG[39m [38;5;3m[RouterExplorer] [39m[32mMapped {/api/shifts/employer/workers, GET} route[39m[38;5;3m +0ms[39m
[32m[Nest] 12080  - [39m29/05/2026 20:19:15 [32m    LOG[39m [38;5;3m[RouterExplorer] [39m[32mMapped {/api/shifts/:id, PATCH} route[39m[38;5;3m +0ms[39m
[32m[Nest] 12080  - [39m29/05/2026 20:19:15 [32m    LOG[39m [38;5;3m[RouterExplorer] [39m[32mMapped {/api/shifts/:id/cancel, POST} route[39m[38;5;3m +0ms[39m
[32m[Nest] 12080  - [39m29/05/2026 20:19:15 [32m    LOG[39m [38;5;3m[RouterExplorer] [39m[32mMapped {/api/shifts/:id/applications, GET} route[39m[38;5;3m +0ms[39m
[32m[Nest] 12080  - [39m29/05/2026 20:19:15 [32m    LOG[39m [38;5;3m[RouterExplorer] [39m[32mMapped {/api/shifts/:id/applications/:appId/approve, POST} route[39m[38;5;3m +1ms[39m
[32m[Nest] 12080  - [39m29/05/2026 20:19:15 [32m    LOG[39m [38;5;3m[RouterExplorer] [39m[32mMapped {/api/shifts/search, GET} route[39m[38;5;3m +1ms[39m
[32m[Nest] 12080  - [39m29/05/2026 20:19:15 [32m    LOG[39m [38;5;3m[RouterExplorer] [39m[32mMapped {/api/shifts/:id/apply, POST} route[39m[38;5;3m +0ms[39m
[32m[Nest] 12080  - [39m29/05/2026 20:19:15 [32m    LOG[39m [38;5;3m[RouterExplorer] [39m[32mMapped {/api/shifts/worker/applied, GET} route[39m[38;5;3m +0ms[39m
[32m[Nest] 12080  - [39m29/05/2026 20:19:15 [32m    LOG[39m [38;5;3m[RouterExplorer] [39m[32mMapped {/api/shifts/:id, GET} route[39m[38;5;3m +2ms[39m
[32m[Nest] 12080  - [39m29/05/2026 20:19:15 [32m    LOG[39m [38;5;3m[RoutesResolver] [39m[32mAdminController {/api/admin}:[39m[38;5;3m +0ms[39m
[32m[Nest] 12080  - [39m29/05/2026 20:19:15 [32m    LOG[39m [38;5;3m[RouterExplorer] [39m[32mMapped {/api/admin/workers/pending, GET} route[39m[38;5;3m +0ms[39m
[32m[Nest] 12080  - [39m29/05/2026 20:19:15 [32m    LOG[39m [38;5;3m[RouterExplorer] [39m[32mMapped {/api/admin/workers/:id/approve, POST} route[39m[38;5;3m +0ms[39m
[32m[Nest] 12080  - [39m29/05/2026 20:19:15 [32m    LOG[39m [38;5;3m[RouterExplorer] [39m[32mMapped {/api/admin/workers/:id/reject, POST} route[39m[38;5;3m +1ms[39m
[32m[Nest] 12080  - [39m29/05/2026 20:19:15 [32m    LOG[39m [38;5;3m[RedisService] [39m[32mRedis client initialized[39m
IMPORTANT! Eviction policy is allkeys-lru. It should be "noeviction"
IMPORTANT! Eviction policy is allkeys-lru. It should be "noeviction"
IMPORTANT! Eviction policy is allkeys-lru. It should be "noeviction"
IMPORTANT! Eviction policy is allkeys-lru. It should be "noeviction"
IMPORTANT! Eviction policy is allkeys-lru. It should be "noeviction"
IMPORTANT! Eviction policy is allkeys-lru. It should be "noeviction"
IMPORTANT! Eviction policy is allkeys-lru. It should be "noeviction"
IMPORTANT! Eviction policy is allkeys-lru. It should be "noeviction"
IMPORTANT! Eviction policy is allkeys-lru. It should be "noeviction"
[32m[Nest] 12080  - [39m29/05/2026 20:19:15 [32m    LOG[39m [38;5;3m[QuarterlySsSchedulerService] [39m[32m[SS Scheduler] Quarterly SS reminder cron registered: 0 9 1 3,6,9,12 *[39m
[32m[Nest] 12080  - [39m29/05/2026 20:19:15 [32m    LOG[39m [38;5;3m[NestApplication] [39m[32mNest application successfully started[39m[38;5;3m +1ms[39m
[32m[Nest] 12080  - [39m29/05/2026 20:19:15 [32m    LOG[39m [38;5;3m[Bootstrap] [39m[32m🚀 Turnos API running at http://localhost:3001/api[39m
[32m[Nest] 12080  - [39m29/05/2026 20:19:15 [32m    LOG[39m [38;5;3m[Bootstrap] [39m[32m🏥 Health check: http://localhost:3001/api/health[39m
[32m[Nest] 12080  - [39m29/05/2026 20:19:15 [32m    LOG[39m [38;5;3m[Bootstrap] [39m[32m📦 Environment: development[39m
[2J[3J[H[[90m20:19:17[0m] File change detected. Starting incremental compilation...

[[90m20:19:18[0m] Found 0 errors. Watching for file changes.

[32m[Nest] 22436  - [39m29/05/2026 20:19:25 [32m    LOG[39m [38;5;3m[NestFactory] [39m[32mStarting Nest application...[39m
[32m[Nest] 22436  - [39m29/05/2026 20:19:25 [32m    LOG[39m [38;5;3m[InstanceLoader] [39m[32mTypeOrmModule dependencies initialized[39m[38;5;3m +36ms[39m
[32m[Nest] 22436  - [39m29/05/2026 20:19:25 [32m    LOG[39m [38;5;3m[InstanceLoader] [39m[32mPassportModule dependencies initialized[39m[38;5;3m +0ms[39m
[32m[Nest] 22436  - [39m29/05/2026 20:19:25 [32m    LOG[39m [38;5;3m[InstanceLoader] [39m[32mMulterModule dependencies initialized[39m[38;5;3m +0ms[39m
[32m[Nest] 22436  - [39m29/05/2026 20:19:25 [32m    LOG[39m [38;5;3m[InstanceLoader] [39m[32mThrottlerModule dependencies initialized[39m[38;5;3m +4ms[39m
[32m[Nest] 22436  - [39m29/05/2026 20:19:25 [32m    LOG[39m [38;5;3m[InstanceLoader] [39m[32mJwtModule dependencies initialized[39m[38;5;3m +1ms[39m
[32m[Nest] 22436  - [39m29/05/2026 20:19:25 [32m    LOG[39m [38;5;3m[InstanceLoader] [39m[32mConfigHostModule dependencies initialized[39m[38;5;3m +1ms[39m
[32m[Nest] 22436  - [39m29/05/2026 20:19:25 [32m    LOG[39m [38;5;3m[InstanceLoader] [39m[32mDiscoveryModule dependencies initialized[39m[38;5;3m +2ms[39m
[32m[Nest] 22436  - [39m29/05/2026 20:19:25 [32m    LOG[39m [38;5;3m[InstanceLoader] [39m[32mServeStaticModule dependencies initialized[39m[38;5;3m +1ms[39m
[32m[Nest] 22436  - [39m29/05/2026 20:19:25 [32m    LOG[39m [38;5;3m[InstanceLoader] [39m[32mConfigModule dependencies initialized[39m[38;5;3m +0ms[39m
[32m[Nest] 22436  - [39m29/05/2026 20:19:25 [32m    LOG[39m [38;5;3m[InstanceLoader] [39m[32mConfigModule dependencies initialized[39m[38;5;3m +0ms[39m
[33m[Nest] 22436  - [39m29/05/2026 20:19:25 [33m   WARN[39m [38;5;3m[MailService] [39m[33mMAIL_HOST/MAIL_USER not set — emails will be logged to console only[39m
[33m[Nest] 22436  - [39m29/05/2026 20:19:25 [33m   WARN[39m [38;5;3m[StorageService] [39m[33mR2 credentials absent — using local disk storage[39m
[32m[Nest] 22436  - [39m29/05/2026 20:19:25 [32m    LOG[39m [38;5;3m[InstanceLoader] [39m[32mHealthModule dependencies initialized[39m[38;5;3m +1ms[39m
[32m[Nest] 22436  - [39m29/05/2026 20:19:25 [32m    LOG[39m [38;5;3m[InstanceLoader] [39m[32mAppModule dependencies initialized[39m[38;5;3m +1ms[39m
[32m[Nest] 22436  - [39m29/05/2026 20:19:25 [32m    LOG[39m [38;5;3m[InstanceLoader] [39m[32mBullModule dependencies initialized[39m[38;5;3m +90ms[39m
[32m[Nest] 22436  - [39m29/05/2026 20:19:25 [32m    LOG[39m [38;5;3m[InstanceLoader] [39m[32mBullModule dependencies initialized[39m[38;5;3m +1ms[39m
[32m[Nest] 22436  - [39m29/05/2026 20:19:25 [32m    LOG[39m [38;5;3m[InstanceLoader] [39m[32mRedisModule dependencies initialized[39m[38;5;3m +12ms[39m
[32m[Nest] 22436  - [39m29/05/2026 20:19:25 [32m    LOG[39m [38;5;3m[InstanceLoader] [39m[32mMailModule dependencies initialized[39m[38;5;3m +0ms[39m
[32m[Nest] 22436  - [39m29/05/2026 20:19:25 [32m    LOG[39m [38;5;3m[InstanceLoader] [39m[32mStorageModule dependencies initialized[39m[38;5;3m +0ms[39m
[32m[Nest] 22436  - [39m29/05/2026 20:19:25 [32m    LOG[39m [38;5;3m[InstanceLoader] [39m[32mJwtModule dependencies initialized[39m[38;5;3m +1ms[39m
[32m[Nest] 22436  - [39m29/05/2026 20:19:25 [32m    LOG[39m [38;5;3m[InstanceLoader] [39m[32mBullModule dependencies initialized[39m[38;5;3m +6ms[39m
[32m[Nest] 22436  - [39m29/05/2026 20:19:25 [32m    LOG[39m [38;5;3m[InstanceLoader] [39m[32mBullModule dependencies initialized[39m[38;5;3m +0ms[39m
[32m[Nest] 22436  - [39m29/05/2026 20:19:25 [32m    LOG[39m [38;5;3m[InstanceLoader] [39m[32mBullModule dependencies initialized[39m[38;5;3m +0ms[39m
[32m[Nest] 22436  - [39m29/05/2026 20:19:25 [32m    LOG[39m [38;5;3m[InstanceLoader] [39m[32mBullModule dependencies initialized[39m[38;5;3m +0ms[39m
[32m[Nest] 22436  - [39m29/05/2026 20:19:25 [32m    LOG[39m [38;5;3m[InstanceLoader] [39m[32mBullModule dependencies initialized[39m[38;5;3m +0ms[39m
IMPORTANT! Eviction policy is allkeys-lru. It should be "noeviction"
IMPORTANT! Eviction policy is allkeys-lru. It should be "noeviction"
IMPORTANT! Eviction policy is allkeys-lru. It should be "noeviction"
IMPORTANT! Eviction policy is allkeys-lru. It should be "noeviction"
IMPORTANT! Eviction policy is allkeys-lru. It should be "noeviction"
(node:22436) DeprecationWarning: Calling client.query() when the client is already executing a query is deprecated and will be removed in pg@9.0. Use async/await or an external async flow control mechanism instead.
(Use `node --trace-deprecation ...` to show where the warning was created)
[32m[Nest] 22436  - [39m29/05/2026 20:19:26 [32m    LOG[39m [38;5;3m[InstanceLoader] [39m[32mTypeOrmCoreModule dependencies initialized[39m[38;5;3m +342ms[39m
[32m[Nest] 22436  - [39m29/05/2026 20:19:26 [32m    LOG[39m [38;5;3m[InstanceLoader] [39m[32mTypeOrmModule dependencies initialized[39m[38;5;3m +0ms[39m
[32m[Nest] 22436  - [39m29/05/2026 20:19:26 [32m    LOG[39m [38;5;3m[InstanceLoader] [39m[32mTypeOrmModule dependencies initialized[39m[38;5;3m +0ms[39m
[32m[Nest] 22436  - [39m29/05/2026 20:19:26 [32m    LOG[39m [38;5;3m[InstanceLoader] [39m[32mTypeOrmModule dependencies initialized[39m[38;5;3m +0ms[39m
[32m[Nest] 22436  - [39m29/05/2026 20:19:26 [32m    LOG[39m [38;5;3m[InstanceLoader] [39m[32mTypeOrmModule dependencies initialized[39m[38;5;3m +0ms[39m
[32m[Nest] 22436  - [39m29/05/2026 20:19:26 [32m    LOG[39m [38;5;3m[InstanceLoader] [39m[32mTypeOrmModule dependencies initialized[39m[38;5;3m +0ms[39m
[32m[Nest] 22436  - [39m29/05/2026 20:19:26 [32m    LOG[39m [38;5;3m[InstanceLoader] [39m[32mTypeOrmModule dependencies initialized[39m[38;5;3m +0ms[39m
[32m[Nest] 22436  - [39m29/05/2026 20:19:26 [32m    LOG[39m [38;5;3m[InstanceLoader] [39m[32mTypeOrmModule dependencies initialized[39m[38;5;3m +0ms[39m
[32m[Nest] 22436  - [39m29/05/2026 20:19:26 [32m    LOG[39m [38;5;3m[InstanceLoader] [39m[32mUsersModule dependencies initialized[39m[38;5;3m +11ms[39m
[32m[Nest] 22436  - [39m29/05/2026 20:19:26 [32m    LOG[39m [38;5;3m[InstanceLoader] [39m[32mGatewayModule dependencies initialized[39m[38;5;3m +0ms[39m
[33m[Nest] 22436  - [39m29/05/2026 20:19:26 [33m   WARN[39m [38;5;3m[AuthService] [39m[33mTwilio credentials absent — using Mock OTP (code: 123456)[39m
[32m[Nest] 22436  - [39m29/05/2026 20:19:26 [32m    LOG[39m [38;5;3m[InstanceLoader] [39m[32mNotificationsModule dependencies initialized[39m[38;5;3m +0ms[39m
[32m[Nest] 22436  - [39m29/05/2026 20:19:26 [32m    LOG[39m [38;5;3m[InstanceLoader] [39m[32mAdminModule dependencies initialized[39m[38;5;3m +1ms[39m
[32m[Nest] 22436  - [39m29/05/2026 20:19:26 [32m    LOG[39m [38;5;3m[InstanceLoader] [39m[32mPaymentsModule dependencies initialized[39m[38;5;3m +1ms[39m
[32m[Nest] 22436  - [39m29/05/2026 20:19:26 [32m    LOG[39m [38;5;3m[InstanceLoader] [39m[32mComplianceModule dependencies initialized[39m[38;5;3m +1ms[39m
[32m[Nest] 22436  - [39m29/05/2026 20:19:26 [32m    LOG[39m [38;5;3m[InstanceLoader] [39m[32mAttendanceModule dependencies initialized[39m[38;5;3m +0ms[39m
[32m[Nest] 22436  - [39m29/05/2026 20:19:26 [32m    LOG[39m [38;5;3m[InstanceLoader] [39m[32mAuthModule dependencies initialized[39m[38;5;3m +0ms[39m
[32m[Nest] 22436  - [39m29/05/2026 20:19:26 [32m    LOG[39m [38;5;3m[InstanceLoader] [39m[32mShiftsModule dependencies initialized[39m[38;5;3m +0ms[39m
[32m[Nest] 22436  - [39m29/05/2026 20:19:27 [32m    LOG[39m [38;5;3m[RoutesResolver] [39m[32mAppController {/api}:[39m[38;5;3m +1045ms[39m
[32m[Nest] 22436  - [39m29/05/2026 20:19:27 [32m    LOG[39m [38;5;3m[RouterExplorer] [39m[32mMapped {/api, GET} route[39m[38;5;3m +3ms[39m
[32m[Nest] 22436  - [39m29/05/2026 20:19:27 [32m    LOG[39m [38;5;3m[RoutesResolver] [39m[32mHealthController {/api/health}:[39m[38;5;3m +1ms[39m
[32m[Nest] 22436  - [39m29/05/2026 20:19:27 [32m    LOG[39m [38;5;3m[RouterExplorer] [39m[32mMapped {/api/health, GET} route[39m[38;5;3m +0ms[39m
[32m[Nest] 22436  - [39m29/05/2026 20:19:27 [32m    LOG[39m [38;5;3m[RoutesResolver] [39m[32mAuthController {/api/auth}:[39m[38;5;3m +0ms[39m
[32m[Nest] 22436  - [39m29/05/2026 20:19:27 [32m    LOG[39m [38;5;3m[RouterExplorer] [39m[32mMapped {/api/auth/send-otp, POST} route[39m[38;5;3m +1ms[39m
[32m[Nest] 22436  - [39m29/05/2026 20:19:27 [32m    LOG[39m [38;5;3m[RouterExplorer] [39m[32mMapped {/api/auth/verify-otp, POST} route[39m[38;5;3m +1ms[39m
[32m[Nest] 22436  - [39m29/05/2026 20:19:27 [32m    LOG[39m [38;5;3m[RouterExplorer] [39m[32mMapped {/api/auth/register/employer, POST} route[39m[38;5;3m +0ms[39m
[32m[Nest] 22436  - [39m29/05/2026 20:19:27 [32m    LOG[39m [38;5;3m[RouterExplorer] [39m[32mMapped {/api/auth/login/employer, POST} route[39m[38;5;3m +0ms[39m
[32m[Nest] 22436  - [39m29/05/2026 20:19:27 [32m    LOG[39m [38;5;3m[RouterExplorer] [39m[32mMapped {/api/auth/verify-email/:token, GET} route[39m[38;5;3m +0ms[39m
[32m[Nest] 22436  - [39m29/05/2026 20:19:27 [32m    LOG[39m [38;5;3m[RouterExplorer] [39m[32mMapped {/api/auth/google/verify-token, POST} route[39m[38;5;3m +1ms[39m
[32m[Nest] 22436  - [39m29/05/2026 20:19:27 [32m    LOG[39m [38;5;3m[RouterExplorer] [39m[32mMapped {/api/auth/refresh, POST} route[39m[38;5;3m +0ms[39m
[32m[Nest] 22436  - [39m29/05/2026 20:19:27 [32m    LOG[39m [38;5;3m[RouterExplorer] [39m[32mMapped {/api/auth/logout, POST} route[39m[38;5;3m +0ms[39m
[32m[Nest] 22436  - [39m29/05/2026 20:19:27 [32m    LOG[39m [38;5;3m[RouterExplorer] [39m[32mMapped {/api/auth/worker/profile, POST} route[39m[38;5;3m +0ms[39m
[32m[Nest] 22436  - [39m29/05/2026 20:19:27 [32m    LOG[39m [38;5;3m[RouterExplorer] [39m[32mMapped {/api/auth/worker/photo, POST} route[39m[38;5;3m +1ms[39m
[32m[Nest] 22436  - [39m29/05/2026 20:19:27 [32m    LOG[39m [38;5;3m[RouterExplorer] [39m[32mMapped {/api/auth/me, GET} route[39m[38;5;3m +0ms[39m
[32m[Nest] 22436  - [39m29/05/2026 20:19:27 [32m    LOG[39m [38;5;3m[RouterExplorer] [39m[32mMapped {/api/auth/worker/push-token, POST} route[39m[38;5;3m +0ms[39m
[32m[Nest] 22436  - [39m29/05/2026 20:19:27 [32m    LOG[39m [38;5;3m[RoutesResolver] [39m[32mComplianceController {/api/compliance}:[39m[38;5;3m +0ms[39m
[32m[Nest] 22436  - [39m29/05/2026 20:19:27 [32m    LOG[39m [38;5;3m[RouterExplorer] [39m[32mMapped {/api/compliance/employer/tsu-report, GET} route[39m[38;5;3m +0ms[39m
[32m[Nest] 22436  - [39m29/05/2026 20:19:27 [32m    LOG[39m [38;5;3m[RouterExplorer] [39m[32mMapped {/api/compliance/employer/mcd-contracts, GET} route[39m[38;5;3m +0ms[39m
[32m[Nest] 22436  - [39m29/05/2026 20:19:27 [32m    LOG[39m [38;5;3m[RouterExplorer] [39m[32mMapped {/api/compliance/employer/audit-log, GET} route[39m[38;5;3m +0ms[39m
[32m[Nest] 22436  - [39m29/05/2026 20:19:27 [32m    LOG[39m [38;5;3m[RouterExplorer] [39m[32mMapped {/api/compliance/worker/dependency, GET} route[39m[38;5;3m +1ms[39m
[32m[Nest] 22436  - [39m29/05/2026 20:19:27 [32m    LOG[39m [38;5;3m[RouterExplorer] [39m[32mMapped {/api/compliance/worker/external-income, PATCH} route[39m[38;5;3m +0ms[39m
[32m[Nest] 22436  - [39m29/05/2026 20:19:27 [32m    LOG[39m [38;5;3m[RoutesResolver] [39m[32mAttendanceController {/api/attendance}:[39m[38;5;3m +0ms[39m
[32m[Nest] 22436  - [39m29/05/2026 20:19:27 [32m    LOG[39m [38;5;3m[RouterExplorer] [39m[32mMapped {/api/attendance/employer-qr, GET} route[39m[38;5;3m +0ms[39m
[32m[Nest] 22436  - [39m29/05/2026 20:19:27 [32m    LOG[39m [38;5;3m[RouterExplorer] [39m[32mMapped {/api/attendance/:shiftId/manual-confirm, POST} route[39m[38;5;3m +1ms[39m
[32m[Nest] 22436  - [39m29/05/2026 20:19:27 [32m    LOG[39m [38;5;3m[RouterExplorer] [39m[32mMapped {/api/attendance/:shiftId/dispute/employer, POST} route[39m[38;5;3m +0ms[39m
[32m[Nest] 22436  - [39m29/05/2026 20:19:27 [32m    LOG[39m [38;5;3m[RouterExplorer] [39m[32mMapped {/api/attendance/check-in, POST} route[39m[38;5;3m +0ms[39m
[32m[Nest] 22436  - [39m29/05/2026 20:19:27 [32m    LOG[39m [38;5;3m[RouterExplorer] [39m[32mMapped {/api/attendance/check-out, POST} route[39m[38;5;3m +0ms[39m
[32m[Nest] 22436  - [39m29/05/2026 20:19:27 [32m    LOG[39m [38;5;3m[RouterExplorer] [39m[32mMapped {/api/attendance/:shiftId/dispute/worker, POST} route[39m[38;5;3m +0ms[39m
[32m[Nest] 22436  - [39m29/05/2026 20:19:27 [32m    LOG[39m [38;5;3m[RouterExplorer] [39m[32mMapped {/api/attendance/:shiftId, GET} route[39m[38;5;3m +0ms[39m
[32m[Nest] 22436  - [39m29/05/2026 20:19:27 [32m    LOG[39m [38;5;3m[RoutesResolver] [39m[32mPaymentsController {/api/payments}:[39m[38;5;3m +0ms[39m
[32m[Nest] 22436  - [39m29/05/2026 20:19:27 [32m    LOG[39m [38;5;3m[RouterExplorer] [39m[32mMapped {/api/payments/employer/setup-intent, POST} route[39m[38;5;3m +1ms[39m
[32m[Nest] 22436  - [39m29/05/2026 20:19:27 [32m    LOG[39m [38;5;3m[RouterExplorer] [39m[32mMapped {/api/payments/employer/save-payment-method, POST} route[39m[38;5;3m +0ms[39m
[32m[Nest] 22436  - [39m29/05/2026 20:19:27 [32m    LOG[39m [38;5;3m[RouterExplorer] [39m[32mMapped {/api/payments/employer/subscribe, POST} route[39m[38;5;3m +0ms[39m
[32m[Nest] 22436  - [39m29/05/2026 20:19:27 [32m    LOG[39m [38;5;3m[RouterExplorer] [39m[32mMapped {/api/payments/employer/cancel-subscription, POST} route[39m[38;5;3m +0ms[39m
[32m[Nest] 22436  - [39m29/05/2026 20:19:27 [32m    LOG[39m [38;5;3m[RouterExplorer] [39m[32mMapped {/api/payments/employer/spending, GET} route[39m[38;5;3m +0ms[39m
[32m[Nest] 22436  - [39m29/05/2026 20:19:27 [32m    LOG[39m [38;5;3m[RouterExplorer] [39m[32mMapped {/api/payments/worker/connect, POST} route[39m[38;5;3m +0ms[39m
[32m[Nest] 22436  - [39m29/05/2026 20:19:27 [32m    LOG[39m [38;5;3m[RouterExplorer] [39m[32mMapped {/api/payments/worker/dashboard-link, GET} route[39m[38;5;3m +0ms[39m
[32m[Nest] 22436  - [39m29/05/2026 20:19:27 [32m    LOG[39m [38;5;3m[RouterExplorer] [39m[32mMapped {/api/payments/worker/earnings, GET} route[39m[38;5;3m +1ms[39m
[32m[Nest] 22436  - [39m29/05/2026 20:19:27 [32m    LOG[39m [38;5;3m[RouterExplorer] [39m[32mMapped {/api/payments/webhook, POST} route[39m[38;5;3m +0ms[39m
[32m[Nest] 22436  - [39m29/05/2026 20:19:27 [32m    LOG[39m [38;5;3m[RoutesResolver] [39m[32mShiftsController {/api/shifts}:[39m[38;5;3m +0ms[39m
[32m[Nest] 22436  - [39m29/05/2026 20:19:27 [32m    LOG[39m [38;5;3m[RouterExplorer] [39m[32mMapped {/api/shifts, POST} route[39m[38;5;3m +0ms[39m
[32m[Nest] 22436  - [39m29/05/2026 20:19:27 [32m    LOG[39m [38;5;3m[RouterExplorer] [39m[32mMapped {/api/shifts/employer/mine, GET} route[39m[38;5;3m +0ms[39m
[32m[Nest] 22436  - [39m29/05/2026 20:19:27 [32m    LOG[39m [38;5;3m[RouterExplorer] [39m[32mMapped {/api/shifts/employer/workers, GET} route[39m[38;5;3m +0ms[39m
[32m[Nest] 22436  - [39m29/05/2026 20:19:27 [32m    LOG[39m [38;5;3m[RouterExplorer] [39m[32mMapped {/api/shifts/:id, PATCH} route[39m[38;5;3m +1ms[39m
[32m[Nest] 22436  - [39m29/05/2026 20:19:27 [32m    LOG[39m [38;5;3m[RouterExplorer] [39m[32mMapped {/api/shifts/:id/cancel, POST} route[39m[38;5;3m +0ms[39m
[32m[Nest] 22436  - [39m29/05/2026 20:19:27 [32m    LOG[39m [38;5;3m[RouterExplorer] [39m[32mMapped {/api/shifts/:id/applications, GET} route[39m[38;5;3m +0ms[39m
[32m[Nest] 22436  - [39m29/05/2026 20:19:27 [32m    LOG[39m [38;5;3m[RouterExplorer] [39m[32mMapped {/api/shifts/:id/applications/:appId/approve, POST} route[39m[38;5;3m +0ms[39m
[32m[Nest] 22436  - [39m29/05/2026 20:19:27 [32m    LOG[39m [38;5;3m[RouterExplorer] [39m[32mMapped {/api/shifts/search, GET} route[39m[38;5;3m +0ms[39m
[32m[Nest] 22436  - [39m29/05/2026 20:19:27 [32m    LOG[39m [38;5;3m[RouterExplorer] [39m[32mMapped {/api/shifts/:id/apply, POST} route[39m[38;5;3m +1ms[39m
[32m[Nest] 22436  - [39m29/05/2026 20:19:27 [32m    LOG[39m [38;5;3m[RouterExplorer] [39m[32mMapped {/api/shifts/worker/applied, GET} route[39m[38;5;3m +0ms[39m
[32m[Nest] 22436  - [39m29/05/2026 20:19:27 [32m    LOG[39m [38;5;3m[RouterExplorer] [39m[32mMapped {/api/shifts/:id, GET} route[39m[38;5;3m +0ms[39m
[32m[Nest] 22436  - [39m29/05/2026 20:19:27 [32m    LOG[39m [38;5;3m[RoutesResolver] [39m[32mAdminController {/api/admin}:[39m[38;5;3m +0ms[39m
[32m[Nest] 22436  - [39m29/05/2026 20:19:27 [32m    LOG[39m [38;5;3m[RouterExplorer] [39m[32mMapped {/api/admin/workers/pending, GET} route[39m[38;5;3m +0ms[39m
[32m[Nest] 22436  - [39m29/05/2026 20:19:27 [32m    LOG[39m [38;5;3m[RouterExplorer] [39m[32mMapped {/api/admin/workers/:id/approve, POST} route[39m[38;5;3m +0ms[39m
[32m[Nest] 22436  - [39m29/05/2026 20:19:27 [32m    LOG[39m [38;5;3m[RouterExplorer] [39m[32mMapped {/api/admin/workers/:id/reject, POST} route[39m[38;5;3m +0ms[39m
[32m[Nest] 22436  - [39m29/05/2026 20:19:27 [32m    LOG[39m [38;5;3m[RedisService] [39m[32mRedis client initialized[39m
IMPORTANT! Eviction policy is allkeys-lru. It should be "noeviction"
IMPORTANT! Eviction policy is allkeys-lru. It should be "noeviction"
IMPORTANT! Eviction policy is allkeys-lru. It should be "noeviction"
IMPORTANT! Eviction policy is allkeys-lru. It should be "noeviction"
IMPORTANT! Eviction policy is allkeys-lru. It should be "noeviction"
IMPORTANT! Eviction policy is allkeys-lru. It should be "noeviction"
IMPORTANT! Eviction policy is allkeys-lru. It should be "noeviction"
IMPORTANT! Eviction policy is allkeys-lru. It should be "noeviction"
IMPORTANT! Eviction policy is allkeys-lru. It should be "noeviction"
[32m[Nest] 22436  - [39m29/05/2026 20:19:27 [32m    LOG[39m [38;5;3m[QuarterlySsSchedulerService] [39m[32m[SS Scheduler] Quarterly SS reminder cron registered: 0 9 1 3,6,9,12 *[39m
[32m[Nest] 22436  - [39m29/05/2026 20:19:27 [32m    LOG[39m [38;5;3m[NestApplication] [39m[32mNest application successfully started[39m[38;5;3m +1ms[39m
[31m[Nest] 22436  - [39m29/05/2026 20:19:27 [31m  ERROR[39m [38;5;3m[NestApplication] [39m[31mError: listen EADDRINUSE: address already in use :::3001[39m[38;5;3m +2ms[39m
node:net:1940
    const ex = new UVExceptionWithHostPort(err, 'listen', address, port);
               ^

Error: listen EADDRINUSE: address already in use :::3001
    at Server.setupListenHandle [as _listen2] (node:net:1940:16)
    at listenInCluster (node:net:1997:12)
    at Server.listen (node:net:2102:7)
    at ExpressAdapter.listen (C:\Users\j3_19\AppData\Roaming\MetaQuotes\Terminal\0727F3F88B5F0FE006962B330B91FF37\Turnos App\node_modules\@nestjs\platform-express\adapters\express-adapter.js:95:32)
    at C:\Users\j3_19\AppData\Roaming\MetaQuotes\Terminal\0727F3F88B5F0FE006962B330B91FF37\Turnos App\node_modules\@nestjs\core\nest-application.js:183:30
    at new Promise (<anonymous>)
    at NestApplication.listen (C:\Users\j3_19\AppData\Roaming\MetaQuotes\Terminal\0727F3F88B5F0FE006962B330B91FF37\Turnos App\node_modules\@nestjs\core\nest-application.js:173:16)
    at process.processTicksAndRejections (node:internal/process/task_queues:105:5)
    at async bootstrap (C:\Users\j3_19\AppData\Roaming\MetaQuotes\Terminal\0727F3F88B5F0FE006962B330B91FF37\Turnos App\apps\api\src\main.ts:37:3) {
  code: 'EADDRINUSE',
  errno: -4091,
  syscall: 'listen',
  address: '::',
  port: 3001
}

Node.js v24.6.0
[2J[3J[H[[90m20:19:30[0m] File change detected. Starting incremental compilation...

[[90m20:19:31[0m] Found 0 errors. Watching for file changes.

[32m[Nest] 8056  - [39m29/05/2026 20:19:38 [32m    LOG[39m [38;5;3m[NestFactory] [39m[32mStarting Nest application...[39m
[2J[3J[H[[90m20:19:38[0m] File change detected. Starting incremental compilation...

[32m[Nest] 8056  - [39m29/05/2026 20:19:38 [32m    LOG[39m [38;5;3m[InstanceLoader] [39m[32mTypeOrmModule dependencies initialized[39m[38;5;3m +58ms[39m
[32m[Nest] 8056  - [39m29/05/2026 20:19:38 [32m    LOG[39m [38;5;3m[InstanceLoader] [39m[32mPassportModule dependencies initialized[39m[38;5;3m +0ms[39m
[32m[Nest] 8056  - [39m29/05/2026 20:19:38 [32m    LOG[39m [38;5;3m[InstanceLoader] [39m[32mMulterModule dependencies initialized[39m[38;5;3m +0ms[39m
[32m[Nest] 8056  - [39m29/05/2026 20:19:38 [32m    LOG[39m [38;5;3m[InstanceLoader] [39m[32mThrottlerModule dependencies initialized[39m[38;5;3m +1ms[39m
[32m[Nest] 8056  - [39m29/05/2026 20:19:38 [32m    LOG[39m [38;5;3m[InstanceLoader] [39m[32mJwtModule dependencies initialized[39m[38;5;3m +0ms[39m
[32m[Nest] 8056  - [39m29/05/2026 20:19:38 [32m    LOG[39m [38;5;3m[InstanceLoader] [39m[32mConfigHostModule dependencies initialized[39m[38;5;3m +0ms[39m
[32m[Nest] 8056  - [39m29/05/2026 20:19:38 [32m    LOG[39m [38;5;3m[InstanceLoader] [39m[32mDiscoveryModule dependencies initialized[39m[38;5;3m +1ms[39m
[32m[Nest] 8056  - [39m29/05/2026 20:19:38 [32m    LOG[39m [38;5;3m[InstanceLoader] [39m[32mServeStaticModule dependencies initialized[39m[38;5;3m +1ms[39m
[32m[Nest] 8056  - [39m29/05/2026 20:19:38 [32m    LOG[39m [38;5;3m[InstanceLoader] [39m[32mConfigModule dependencies initialized[39m[38;5;3m +0ms[39m
[32m[Nest] 8056  - [39m29/05/2026 20:19:38 [32m    LOG[39m [38;5;3m[InstanceLoader] [39m[32mConfigModule dependencies initialized[39m[38;5;3m +0ms[39m
[33m[Nest] 8056  - [39m29/05/2026 20:19:38 [33m   WARN[39m [38;5;3m[MailService] [39m[33mMAIL_HOST/MAIL_USER not set — emails will be logged to console only[39m
[33m[Nest] 8056  - [39m29/05/2026 20:19:38 [33m   WARN[39m [38;5;3m[StorageService] [39m[33mR2 credentials absent — using local disk storage[39m
[32m[Nest] 8056  - [39m29/05/2026 20:19:38 [32m    LOG[39m [38;5;3m[InstanceLoader] [39m[32mHealthModule dependencies initialized[39m[38;5;3m +1ms[39m
[32m[Nest] 8056  - [39m29/05/2026 20:19:38 [32m    LOG[39m [38;5;3m[InstanceLoader] [39m[32mAppModule dependencies initialized[39m[38;5;3m +0ms[39m
[32m[Nest] 8056  - [39m29/05/2026 20:19:38 [32m    LOG[39m [38;5;3m[InstanceLoader] [39m[32mBullModule dependencies initialized[39m[38;5;3m +106ms[39m
[32m[Nest] 8056  - [39m29/05/2026 20:19:38 [32m    LOG[39m [38;5;3m[InstanceLoader] [39m[32mBullModule dependencies initialized[39m[38;5;3m +0ms[39m
[32m[Nest] 8056  - [39m29/05/2026 20:19:38 [32m    LOG[39m [38;5;3m[InstanceLoader] [39m[32mRedisModule dependencies initialized[39m[38;5;3m +8ms[39m
[32m[Nest] 8056  - [39m29/05/2026 20:19:38 [32m    LOG[39m [38;5;3m[InstanceLoader] [39m[32mMailModule dependencies initialized[39m[38;5;3m +1ms[39m
[32m[Nest] 8056  - [39m29/05/2026 20:19:38 [32m    LOG[39m [38;5;3m[InstanceLoader] [39m[32mStorageModule dependencies initialized[39m[38;5;3m +0ms[39m
[32m[Nest] 8056  - [39m29/05/2026 20:19:38 [32m    LOG[39m [38;5;3m[InstanceLoader] [39m[32mJwtModule dependencies initialized[39m[38;5;3m +0ms[39m
[32m[Nest] 8056  - [39m29/05/2026 20:19:38 [32m    LOG[39m [38;5;3m[InstanceLoader] [39m[32mBullModule dependencies initialized[39m[38;5;3m +8ms[39m
[32m[Nest] 8056  - [39m29/05/2026 20:19:38 [32m    LOG[39m [38;5;3m[InstanceLoader] [39m[32mBullModule dependencies initialized[39m[38;5;3m +0ms[39m
[32m[Nest] 8056  - [39m29/05/2026 20:19:38 [32m    LOG[39m [38;5;3m[InstanceLoader] [39m[32mBullModule dependencies initialized[39m[38;5;3m +1ms[39m
[32m[Nest] 8056  - [39m29/05/2026 20:19:38 [32m    LOG[39m [38;5;3m[InstanceLoader] [39m[32mBullModule dependencies initialized[39m[38;5;3m +0ms[39m
[32m[Nest] 8056  - [39m29/05/2026 20:19:38 [32m    LOG[39m [38;5;3m[InstanceLoader] [39m[32mBullModule dependencies initialized[39m[38;5;3m +0ms[39m
IMPORTANT! Eviction policy is allkeys-lru. It should be "noeviction"
IMPORTANT! Eviction policy is allkeys-lru. It should be "noeviction"
IMPORTANT! Eviction policy is allkeys-lru. It should be "noeviction"
IMPORTANT! Eviction policy is allkeys-lru. It should be "noeviction"
IMPORTANT! Eviction policy is allkeys-lru. It should be "noeviction"
(node:8056) DeprecationWarning: Calling client.query() when the client is already executing a query is deprecated and will be removed in pg@9.0. Use async/await or an external async flow control mechanism instead.
(Use `node --trace-deprecation ...` to show where the warning was created)
[32m[Nest] 8056  - [39m29/05/2026 20:19:39 [32m    LOG[39m [38;5;3m[InstanceLoader] [39m[32mTypeOrmCoreModule dependencies initialized[39m[38;5;3m +417ms[39m
[32m[Nest] 8056  - [39m29/05/2026 20:19:39 [32m    LOG[39m [38;5;3m[InstanceLoader] [39m[32mTypeOrmModule dependencies initialized[39m[38;5;3m +1ms[39m
[32m[Nest] 8056  - [39m29/05/2026 20:19:39 [32m    LOG[39m [38;5;3m[InstanceLoader] [39m[32mTypeOrmModule dependencies initialized[39m[38;5;3m +0ms[39m
[32m[Nest] 8056  - [39m29/05/2026 20:19:39 [32m    LOG[39m [38;5;3m[InstanceLoader] [39m[32mTypeOrmModule dependencies initialized[39m[38;5;3m +0ms[39m
[32m[Nest] 8056  - [39m29/05/2026 20:19:39 [32m    LOG[39m [38;5;3m[InstanceLoader] [39m[32mTypeOrmModule dependencies initialized[39m[38;5;3m +0ms[39m
[32m[Nest] 8056  - [39m29/05/2026 20:19:39 [32m    LOG[39m [38;5;3m[InstanceLoader] [39m[32mTypeOrmModule dependencies initialized[39m[38;5;3m +0ms[39m
[32m[Nest] 8056  - [39m29/05/2026 20:19:39 [32m    LOG[39m [38;5;3m[InstanceLoader] [39m[32mTypeOrmModule dependencies initialized[39m[38;5;3m +0ms[39m
[32m[Nest] 8056  - [39m29/05/2026 20:19:39 [32m    LOG[39m [38;5;3m[InstanceLoader] [39m[32mTypeOrmModule dependencies initialized[39m[38;5;3m +0ms[39m
[32m[Nest] 8056  - [39m29/05/2026 20:19:39 [32m    LOG[39m [38;5;3m[InstanceLoader] [39m[32mUsersModule dependencies initialized[39m[38;5;3m +6ms[39m
[32m[Nest] 8056  - [39m29/05/2026 20:19:39 [32m    LOG[39m [38;5;3m[InstanceLoader] [39m[32mGatewayModule dependencies initialized[39m[38;5;3m +0ms[39m
[33m[Nest] 8056  - [39m29/05/2026 20:19:39 [33m   WARN[39m [38;5;3m[AuthService] [39m[33mTwilio credentials absent — using Mock OTP (code: 123456)[39m
[32m[Nest] 8056  - [39m29/05/2026 20:19:39 [32m    LOG[39m [38;5;3m[InstanceLoader] [39m[32mNotificationsModule dependencies initialized[39m[38;5;3m +0ms[39m
[32m[Nest] 8056  - [39m29/05/2026 20:19:39 [32m    LOG[39m [38;5;3m[InstanceLoader] [39m[32mAdminModule dependencies initialized[39m[38;5;3m +0ms[39m
[32m[Nest] 8056  - [39m29/05/2026 20:19:39 [32m    LOG[39m [38;5;3m[InstanceLoader] [39m[32mPaymentsModule dependencies initialized[39m[38;5;3m +1ms[39m
[32m[Nest] 8056  - [39m29/05/2026 20:19:39 [32m    LOG[39m [38;5;3m[InstanceLoader] [39m[32mComplianceModule dependencies initialized[39m[38;5;3m +0ms[39m
[32m[Nest] 8056  - [39m29/05/2026 20:19:39 [32m    LOG[39m [38;5;3m[InstanceLoader] [39m[32mAttendanceModule dependencies initialized[39m[38;5;3m +0ms[39m
[32m[Nest] 8056  - [39m29/05/2026 20:19:39 [32m    LOG[39m [38;5;3m[InstanceLoader] [39m[32mAuthModule dependencies initialized[39m[38;5;3m +0ms[39m
[32m[Nest] 8056  - [39m29/05/2026 20:19:39 [32m    LOG[39m [38;5;3m[InstanceLoader] [39m[32mShiftsModule dependencies initialized[39m[38;5;3m +0ms[39m
[[90m20:19:39[0m] Found 0 errors. Watching for file changes.

[2J[3J[H[[90m20:19:43[0m] File change detected. Starting incremental compilation...

[[90m20:19:44[0m] Found 0 errors. Watching for file changes.

[2J[3J[H[[90m20:19:47[0m] File change detected. Starting incremental compilation...

[[90m20:19:48[0m] Found 0 errors. Watching for file changes.

[2J[3J[H[[90m20:19:50[0m] File change detected. Starting incremental compilation...

[[90m20:19:51[0m] Found 0 errors. Watching for file changes.

[32m[Nest] 1836  - [39m29/05/2026 20:19:56 [32m    LOG[39m [38;5;3m[NestFactory] [39m[32mStarting Nest application...[39m
[32m[Nest] 1836  - [39m29/05/2026 20:19:56 [32m    LOG[39m [38;5;3m[InstanceLoader] [39m[32mTypeOrmModule dependencies initialized[39m[38;5;3m +32ms[39m
[32m[Nest] 1836  - [39m29/05/2026 20:19:56 [32m    LOG[39m [38;5;3m[InstanceLoader] [39m[32mPassportModule dependencies initialized[39m[38;5;3m +0ms[39m
[32m[Nest] 1836  - [39m29/05/2026 20:19:56 [32m    LOG[39m [38;5;3m[InstanceLoader] [39m[32mMulterModule dependencies initialized[39m[38;5;3m +0ms[39m
[32m[Nest] 1836  - [39m29/05/2026 20:19:56 [32m    LOG[39m [38;5;3m[InstanceLoader] [39m[32mThrottlerModule dependencies initialized[39m[38;5;3m +1ms[39m
[32m[Nest] 1836  - [39m29/05/2026 20:19:56 [32m    LOG[39m [38;5;3m[InstanceLoader] [39m[32mJwtModule dependencies initialized[39m[38;5;3m +0ms[39m
[32m[Nest] 1836  - [39m29/05/2026 20:19:56 [32m    LOG[39m [38;5;3m[InstanceLoader] [39m[32mConfigHostModule dependencies initialized[39m[38;5;3m +0ms[39m
[32m[Nest] 1836  - [39m29/05/2026 20:19:56 [32m    LOG[39m [38;5;3m[InstanceLoader] [39m[32mDiscoveryModule dependencies initialized[39m[38;5;3m +0ms[39m
[32m[Nest] 1836  - [39m29/05/2026 20:19:56 [32m    LOG[39m [38;5;3m[InstanceLoader] [39m[32mServeStaticModule dependencies initialized[39m[38;5;3m +1ms[39m
[32m[Nest] 1836  - [39m29/05/2026 20:19:56 [32m    LOG[39m [38;5;3m[InstanceLoader] [39m[32mConfigModule dependencies initialized[39m[38;5;3m +0ms[39m
[32m[Nest] 1836  - [39m29/05/2026 20:19:56 [32m    LOG[39m [38;5;3m[InstanceLoader] [39m[32mConfigModule dependencies initialized[39m[38;5;3m +0ms[39m
[33m[Nest] 1836  - [39m29/05/2026 20:19:56 [33m   WARN[39m [38;5;3m[MailService] [39m[33mMAIL_HOST/MAIL_USER not set — emails will be logged to console only[39m
[33m[Nest] 1836  - [39m29/05/2026 20:19:56 [33m   WARN[39m [38;5;3m[StorageService] [39m[33mR2 credentials absent — using local disk storage[39m
[32m[Nest] 1836  - [39m29/05/2026 20:19:56 [32m    LOG[39m [38;5;3m[InstanceLoader] [39m[32mHealthModule dependencies initialized[39m[38;5;3m +1ms[39m
[32m[Nest] 1836  - [39m29/05/2026 20:19:56 [32m    LOG[39m [38;5;3m[InstanceLoader] [39m[32mAppModule dependencies initialized[39m[38;5;3m +0ms[39m
[32m[Nest] 1836  - [39m29/05/2026 20:19:56 [32m    LOG[39m [38;5;3m[InstanceLoader] [39m[32mBullModule dependencies initialized[39m[38;5;3m +60ms[39m
[32m[Nest] 1836  - [39m29/05/2026 20:19:56 [32m    LOG[39m [38;5;3m[InstanceLoader] [39m[32mBullModule dependencies initialized[39m[38;5;3m +0ms[39m
[32m[Nest] 1836  - [39m29/05/2026 20:19:56 [32m    LOG[39m [38;5;3m[InstanceLoader] [39m[32mRedisModule dependencies initialized[39m[38;5;3m +7ms[39m
[32m[Nest] 1836  - [39m29/05/2026 20:19:56 [32m    LOG[39m [38;5;3m[InstanceLoader] [39m[32mMailModule dependencies initialized[39m[38;5;3m +1ms[39m
[32m[Nest] 1836  - [39m29/05/2026 20:19:56 [32m    LOG[39m [38;5;3m[InstanceLoader] [39m[32mStorageModule dependencies initialized[39m[38;5;3m +0ms[39m
[32m[Nest] 1836  - [39m29/05/2026 20:19:56 [32m    LOG[39m [38;5;3m[InstanceLoader] [39m[32mJwtModule dependencies initialized[39m[38;5;3m +0ms[39m
[32m[Nest] 1836  - [39m29/05/2026 20:19:56 [32m    LOG[39m [38;5;3m[InstanceLoader] [39m[32mBullModule dependencies initialized[39m[38;5;3m +7ms[39m
[32m[Nest] 1836  - [39m29/05/2026 20:19:56 [32m    LOG[39m [38;5;3m[InstanceLoader] [39m[32mBullModule dependencies initialized[39m[38;5;3m +0ms[39m
[32m[Nest] 1836  - [39m29/05/2026 20:19:56 [32m    LOG[39m [38;5;3m[InstanceLoader] [39m[32mBullModule dependencies initialized[39m[38;5;3m +0ms[39m
[32m[Nest] 1836  - [39m29/05/2026 20:19:56 [32m    LOG[39m [38;5;3m[InstanceLoader] [39m[32mBullModule dependencies initialized[39m[38;5;3m +0ms[39m
[32m[Nest] 1836  - [39m29/05/2026 20:19:56 [32m    LOG[39m [38;5;3m[InstanceLoader] [39m[32mBullModule dependencies initialized[39m[38;5;3m +0ms[39m
[32m[Nest] 1836  - [39m29/05/2026 20:19:56 [32m    LOG[39m [38;5;3m[InstanceLoader] [39m[32mBullModule dependencies initialized[39m[38;5;3m +0ms[39m
IMPORTANT! Eviction policy is allkeys-lru. It should be "noeviction"
IMPORTANT! Eviction policy is allkeys-lru. It should be "noeviction"
IMPORTANT! Eviction policy is allkeys-lru. It should be "noeviction"
IMPORTANT! Eviction policy is allkeys-lru. It should be "noeviction"
IMPORTANT! Eviction policy is allkeys-lru. It should be "noeviction"
IMPORTANT! Eviction policy is allkeys-lru. It should be "noeviction"
(node:1836) DeprecationWarning: Calling client.query() when the client is already executing a query is deprecated and will be removed in pg@9.0. Use async/await or an external async flow control mechanism instead.
(Use `node --trace-deprecation ...` to show where the warning was created)
[32m[Nest] 1836  - [39m29/05/2026 20:19:57 [32m    LOG[39m [38;5;3m[InstanceLoader] [39m[32mTypeOrmCoreModule dependencies initialized[39m[38;5;3m +365ms[39m
[32m[Nest] 1836  - [39m29/05/2026 20:19:57 [32m    LOG[39m [38;5;3m[InstanceLoader] [39m[32mTypeOrmModule dependencies initialized[39m[38;5;3m +0ms[39m
[32m[Nest] 1836  - [39m29/05/2026 20:19:57 [32m    LOG[39m [38;5;3m[InstanceLoader] [39m[32mTypeOrmModule dependencies initialized[39m[38;5;3m +0ms[39m
[32m[Nest] 1836  - [39m29/05/2026 20:19:57 [32m    LOG[39m [38;5;3m[InstanceLoader] [39m[32mTypeOrmModule dependencies initialized[39m[38;5;3m +0ms[39m
[32m[Nest] 1836  - [39m29/05/2026 20:19:57 [32m    LOG[39m [38;5;3m[InstanceLoader] [39m[32mTypeOrmModule dependencies initialized[39m[38;5;3m +0ms[39m
[32m[Nest] 1836  - [39m29/05/2026 20:19:57 [32m    LOG[39m [38;5;3m[InstanceLoader] [39m[32mTypeOrmModule dependencies initialized[39m[38;5;3m +0ms[39m
[32m[Nest] 1836  - [39m29/05/2026 20:19:57 [32m    LOG[39m [38;5;3m[InstanceLoader] [39m[32mTypeOrmModule dependencies initialized[39m[38;5;3m +0ms[39m
[32m[Nest] 1836  - [39m29/05/2026 20:19:57 [32m    LOG[39m [38;5;3m[InstanceLoader] [39m[32mTypeOrmModule dependencies initialized[39m[38;5;3m +0ms[39m
[32m[Nest] 1836  - [39m29/05/2026 20:19:57 [32m    LOG[39m [38;5;3m[InstanceLoader] [39m[32mTypeOrmModule dependencies initialized[39m[38;5;3m +0ms[39m
[32m[Nest] 1836  - [39m29/05/2026 20:19:57 [32m    LOG[39m [38;5;3m[InstanceLoader] [39m[32mUsersModule dependencies initialized[39m[38;5;3m +5ms[39m
[32m[Nest] 1836  - [39m29/05/2026 20:19:57 [32m    LOG[39m [38;5;3m[InstanceLoader] [39m[32mGatewayModule dependencies initialized[39m[38;5;3m +1ms[39m
[33m[Nest] 1836  - [39m29/05/2026 20:19:57 [33m   WARN[39m [38;5;3m[AuthService] [39m[33mTwilio credentials absent — using Mock OTP (code: 123456)[39m
[32m[Nest] 1836  - [39m29/05/2026 20:19:57 [32m    LOG[39m [38;5;3m[InstanceLoader] [39m[32mNotificationsModule dependencies initialized[39m[38;5;3m +1ms[39m
[32m[Nest] 1836  - [39m29/05/2026 20:19:57 [32m    LOG[39m [38;5;3m[InstanceLoader] [39m[32mAdminModule dependencies initialized[39m[38;5;3m +0ms[39m
[32m[Nest] 1836  - [39m29/05/2026 20:19:57 [32m    LOG[39m [38;5;3m[InstanceLoader] [39m[32mPaymentsModule dependencies initialized[39m[38;5;3m +1ms[39m
[32m[Nest] 1836  - [39m29/05/2026 20:19:57 [32m    LOG[39m [38;5;3m[InstanceLoader] [39m[32mRatingsModule dependencies initialized[39m[38;5;3m +0ms[39m
[32m[Nest] 1836  - [39m29/05/2026 20:19:57 [32m    LOG[39m [38;5;3m[InstanceLoader] [39m[32mComplianceModule dependencies initialized[39m[38;5;3m +1ms[39m
[32m[Nest] 1836  - [39m29/05/2026 20:19:57 [32m    LOG[39m [38;5;3m[InstanceLoader] [39m[32mAttendanceModule dependencies initialized[39m[38;5;3m +0ms[39m
[32m[Nest] 1836  - [39m29/05/2026 20:19:57 [32m    LOG[39m [38;5;3m[InstanceLoader] [39m[32mAuthModule dependencies initialized[39m[38;5;3m +0ms[39m
[32m[Nest] 1836  - [39m29/05/2026 20:19:57 [32m    LOG[39m [38;5;3m[InstanceLoader] [39m[32mShiftsModule dependencies initialized[39m[38;5;3m +0ms[39m
[32m[Nest] 1836  - [39m29/05/2026 20:19:58 [32m    LOG[39m [38;5;3m[RoutesResolver] [39m[32mAppController {/api}:[39m[38;5;3m +750ms[39m
[32m[Nest] 1836  - [39m29/05/2026 20:19:58 [32m    LOG[39m [38;5;3m[RouterExplorer] [39m[32mMapped {/api, GET} route[39m[38;5;3m +2ms[39m
[32m[Nest] 1836  - [39m29/05/2026 20:19:58 [32m    LOG[39m [38;5;3m[RoutesResolver] [39m[32mHealthController {/api/health}:[39m[38;5;3m +0ms[39m
[32m[Nest] 1836  - [39m29/05/2026 20:19:58 [32m    LOG[39m [38;5;3m[RouterExplorer] [39m[32mMapped {/api/health, GET} route[39m[38;5;3m +0ms[39m
[32m[Nest] 1836  - [39m29/05/2026 20:19:58 [32m    LOG[39m [38;5;3m[RoutesResolver] [39m[32mAuthController {/api/auth}:[39m[38;5;3m +0ms[39m
[32m[Nest] 1836  - [39m29/05/2026 20:19:58 [32m    LOG[39m [38;5;3m[RouterExplorer] [39m[32mMapped {/api/auth/send-otp, POST} route[39m[38;5;3m +1ms[39m
[32m[Nest] 1836  - [39m29/05/2026 20:19:58 [32m    LOG[39m [38;5;3m[RouterExplorer] [39m[32mMapped {/api/auth/verify-otp, POST} route[39m[38;5;3m +0ms[39m
[32m[Nest] 1836  - [39m29/05/2026 20:19:58 [32m    LOG[39m [38;5;3m[RouterExplorer] [39m[32mMapped {/api/auth/register/employer, POST} route[39m[38;5;3m +0ms[39m
[32m[Nest] 1836  - [39m29/05/2026 20:19:58 [32m    LOG[39m [38;5;3m[RouterExplorer] [39m[32mMapped {/api/auth/login/employer, POST} route[39m[38;5;3m +0ms[39m
[32m[Nest] 1836  - [39m29/05/2026 20:19:58 [32m    LOG[39m [38;5;3m[RouterExplorer] [39m[32mMapped {/api/auth/verify-email/:token, GET} route[39m[38;5;3m +1ms[39m
[32m[Nest] 1836  - [39m29/05/2026 20:19:58 [32m    LOG[39m [38;5;3m[RouterExplorer] [39m[32mMapped {/api/auth/google/verify-token, POST} route[39m[38;5;3m +0ms[39m
[32m[Nest] 1836  - [39m29/05/2026 20:19:58 [32m    LOG[39m [38;5;3m[RouterExplorer] [39m[32mMapped {/api/auth/refresh, POST} route[39m[38;5;3m +0ms[39m
[32m[Nest] 1836  - [39m29/05/2026 20:19:58 [32m    LOG[39m [38;5;3m[RouterExplorer] [39m[32mMapped {/api/auth/logout, POST} route[39m[38;5;3m +1ms[39m
[32m[Nest] 1836  - [39m29/05/2026 20:19:58 [32m    LOG[39m [38;5;3m[RouterExplorer] [39m[32mMapped {/api/auth/worker/profile, POST} route[39m[38;5;3m +0ms[39m
[32m[Nest] 1836  - [39m29/05/2026 20:19:58 [32m    LOG[39m [38;5;3m[RouterExplorer] [39m[32mMapped {/api/auth/worker/photo, POST} route[39m[38;5;3m +0ms[39m
[32m[Nest] 1836  - [39m29/05/2026 20:19:58 [32m    LOG[39m [38;5;3m[RouterExplorer] [39m[32mMapped {/api/auth/me, GET} route[39m[38;5;3m +0ms[39m
[32m[Nest] 1836  - [39m29/05/2026 20:19:58 [32m    LOG[39m [38;5;3m[RouterExplorer] [39m[32mMapped {/api/auth/worker/push-token, POST} route[39m[38;5;3m +0ms[39m
[32m[Nest] 1836  - [39m29/05/2026 20:19:58 [32m    LOG[39m [38;5;3m[RoutesResolver] [39m[32mComplianceController {/api/compliance}:[39m[38;5;3m +0ms[39m
[32m[Nest] 1836  - [39m29/05/2026 20:19:58 [32m    LOG[39m [38;5;3m[RouterExplorer] [39m[32mMapped {/api/compliance/employer/tsu-report, GET} route[39m[38;5;3m +1ms[39m
[32m[Nest] 1836  - [39m29/05/2026 20:19:58 [32m    LOG[39m [38;5;3m[RouterExplorer] [39m[32mMapped {/api/compliance/employer/mcd-contracts, GET} route[39m[38;5;3m +0ms[39m
[32m[Nest] 1836  - [39m29/05/2026 20:19:58 [32m    LOG[39m [38;5;3m[RouterExplorer] [39m[32mMapped {/api/compliance/employer/audit-log, GET} route[39m[38;5;3m +0ms[39m
[32m[Nest] 1836  - [39m29/05/2026 20:19:58 [32m    LOG[39m [38;5;3m[RouterExplorer] [39m[32mMapped {/api/compliance/worker/dependency, GET} route[39m[38;5;3m +0ms[39m
[32m[Nest] 1836  - [39m29/05/2026 20:19:58 [32m    LOG[39m [38;5;3m[RouterExplorer] [39m[32mMapped {/api/compliance/worker/external-income, PATCH} route[39m[38;5;3m +0ms[39m
[32m[Nest] 1836  - [39m29/05/2026 20:19:58 [32m    LOG[39m [38;5;3m[RoutesResolver] [39m[32mAttendanceController {/api/attendance}:[39m[38;5;3m +0ms[39m
[32m[Nest] 1836  - [39m29/05/2026 20:19:58 [32m    LOG[39m [38;5;3m[RouterExplorer] [39m[32mMapped {/api/attendance/employer-qr, GET} route[39m[38;5;3m +1ms[39m
[32m[Nest] 1836  - [39m29/05/2026 20:19:58 [32m    LOG[39m [38;5;3m[RouterExplorer] [39m[32mMapped {/api/attendance/:shiftId/manual-confirm, POST} route[39m[38;5;3m +0ms[39m
[32m[Nest] 1836  - [39m29/05/2026 20:19:58 [32m    LOG[39m [38;5;3m[RouterExplorer] [39m[32mMapped {/api/attendance/:shiftId/dispute/employer, POST} route[39m[38;5;3m +0ms[39m
[32m[Nest] 1836  - [39m29/05/2026 20:19:58 [32m    LOG[39m [38;5;3m[RouterExplorer] [39m[32mMapped {/api/attendance/check-in, POST} route[39m[38;5;3m +0ms[39m
[32m[Nest] 1836  - [39m29/05/2026 20:19:58 [32m    LOG[39m [38;5;3m[RouterExplorer] [39m[32mMapped {/api/attendance/check-out, POST} route[39m[38;5;3m +0ms[39m
[32m[Nest] 1836  - [39m29/05/2026 20:19:58 [32m    LOG[39m [38;5;3m[RouterExplorer] [39m[32mMapped {/api/attendance/:shiftId/dispute/worker, POST} route[39m[38;5;3m +0ms[39m
[32m[Nest] 1836  - [39m29/05/2026 20:19:58 [32m    LOG[39m [38;5;3m[RouterExplorer] [39m[32mMapped {/api/attendance/:shiftId, GET} route[39m[38;5;3m +0ms[39m
[32m[Nest] 1836  - [39m29/05/2026 20:19:58 [32m    LOG[39m [38;5;3m[RoutesResolver] [39m[32mPaymentsController {/api/payments}:[39m[38;5;3m +0ms[39m
[32m[Nest] 1836  - [39m29/05/2026 20:19:58 [32m    LOG[39m [38;5;3m[RouterExplorer] [39m[32mMapped {/api/payments/employer/setup-intent, POST} route[39m[38;5;3m +1ms[39m
[32m[Nest] 1836  - [39m29/05/2026 20:19:58 [32m    LOG[39m [38;5;3m[RouterExplorer] [39m[32mMapped {/api/payments/employer/save-payment-method, POST} route[39m[38;5;3m +0ms[39m
[32m[Nest] 1836  - [39m29/05/2026 20:19:58 [32m    LOG[39m [38;5;3m[RouterExplorer] [39m[32mMapped {/api/payments/employer/subscribe, POST} route[39m[38;5;3m +0ms[39m
[32m[Nest] 1836  - [39m29/05/2026 20:19:58 [32m    LOG[39m [38;5;3m[RouterExplorer] [39m[32mMapped {/api/payments/employer/cancel-subscription, POST} route[39m[38;5;3m +0ms[39m
[32m[Nest] 1836  - [39m29/05/2026 20:19:58 [32m    LOG[39m [38;5;3m[RouterExplorer] [39m[32mMapped {/api/payments/employer/spending, GET} route[39m[38;5;3m +0ms[39m
[32m[Nest] 1836  - [39m29/05/2026 20:19:58 [32m    LOG[39m [38;5;3m[RouterExplorer] [39m[32mMapped {/api/payments/worker/connect, POST} route[39m[38;5;3m +0ms[39m
[32m[Nest] 1836  - [39m29/05/2026 20:19:58 [32m    LOG[39m [38;5;3m[RouterExplorer] [39m[32mMapped {/api/payments/worker/dashboard-link, GET} route[39m[38;5;3m +0ms[39m
[32m[Nest] 1836  - [39m29/05/2026 20:19:58 [32m    LOG[39m [38;5;3m[RouterExplorer] [39m[32mMapped {/api/payments/worker/earnings, GET} route[39m[38;5;3m +0ms[39m
[32m[Nest] 1836  - [39m29/05/2026 20:19:58 [32m    LOG[39m [38;5;3m[RouterExplorer] [39m[32mMapped {/api/payments/webhook, POST} route[39m[38;5;3m +0ms[39m
[32m[Nest] 1836  - [39m29/05/2026 20:19:58 [32m    LOG[39m [38;5;3m[RoutesResolver] [39m[32mRatingsController {/api/ratings}:[39m[38;5;3m +0ms[39m
[32m[Nest] 1836  - [39m29/05/2026 20:19:58 [32m    LOG[39m [38;5;3m[RouterExplorer] [39m[32mMapped {/api/ratings, POST} route[39m[38;5;3m +1ms[39m
[32m[Nest] 1836  - [39m29/05/2026 20:19:58 [32m    LOG[39m [38;5;3m[RouterExplorer] [39m[32mMapped {/api/ratings/worker/:id, GET} route[39m[38;5;3m +0ms[39m
[32m[Nest] 1836  - [39m29/05/2026 20:19:58 [32m    LOG[39m [38;5;3m[RouterExplorer] [39m[32mMapped {/api/ratings/shift/:shiftId/mine, GET} route[39m[38;5;3m +0ms[39m
[32m[Nest] 1836  - [39m29/05/2026 20:19:58 [32m    LOG[39m [38;5;3m[RouterExplorer] [39m[32mMapped {/api/ratings/no-show/:shiftId, POST} route[39m[38;5;3m +0ms[39m
[32m[Nest] 1836  - [39m29/05/2026 20:19:58 [32m    LOG[39m [38;5;3m[RouterExplorer] [39m[32mMapped {/api/ratings/favourites, GET} route[39m[38;5;3m +0ms[39m
[32m[Nest] 1836  - [39m29/05/2026 20:19:58 [32m    LOG[39m [38;5;3m[RouterExplorer] [39m[32mMapped {/api/ratings/favourites/:workerId, POST} route[39m[38;5;3m +0ms[39m
[32m[Nest] 1836  - [39m29/05/2026 20:19:58 [32m    LOG[39m [38;5;3m[RouterExplorer] [39m[32mMapped {/api/ratings/favourites/:workerId, DELETE} route[39m[38;5;3m +0ms[39m
[32m[Nest] 1836  - [39m29/05/2026 20:19:58 [32m    LOG[39m [38;5;3m[RoutesResolver] [39m[32mShiftsController {/api/shifts}:[39m[38;5;3m +0ms[39m
[32m[Nest] 1836  - [39m29/05/2026 20:19:58 [32m    LOG[39m [38;5;3m[RouterExplorer] [39m[32mMapped {/api/shifts, POST} route[39m[38;5;3m +1ms[39m
[32m[Nest] 1836  - [39m29/05/2026 20:19:58 [32m    LOG[39m [38;5;3m[RouterExplorer] [39m[32mMapped {/api/shifts/employer/mine, GET} route[39m[38;5;3m +0ms[39m
[32m[Nest] 1836  - [39m29/05/2026 20:19:58 [32m    LOG[39m [38;5;3m[RouterExplorer] [39m[32mMapped {/api/shifts/employer/workers, GET} route[39m[38;5;3m +0ms[39m
[32m[Nest] 1836  - [39m29/05/2026 20:19:58 [32m    LOG[39m [38;5;3m[RouterExplorer] [39m[32mMapped {/api/shifts/:id, PATCH} route[39m[38;5;3m +0ms[39m
[32m[Nest] 1836  - [39m29/05/2026 20:19:58 [32m    LOG[39m [38;5;3m[RouterExplorer] [39m[32mMapped {/api/shifts/:id/cancel, POST} route[39m[38;5;3m +0ms[39m
[32m[Nest] 1836  - [39m29/05/2026 20:19:58 [32m    LOG[39m [38;5;3m[RouterExplorer] [39m[32mMapped {/api/shifts/:id/applications, GET} route[39m[38;5;3m +0ms[39m
[32m[Nest] 1836  - [39m29/05/2026 20:19:58 [32m    LOG[39m [38;5;3m[RouterExplorer] [39m[32mMapped {/api/shifts/:id/applications/:appId/approve, POST} route[39m[38;5;3m +0ms[39m
[32m[Nest] 1836  - [39m29/05/2026 20:19:58 [32m    LOG[39m [38;5;3m[RouterExplorer] [39m[32mMapped {/api/shifts/search, GET} route[39m[38;5;3m +0ms[39m
[32m[Nest] 1836  - [39m29/05/2026 20:19:58 [32m    LOG[39m [38;5;3m[RouterExplorer] [39m[32mMapped {/api/shifts/:id/apply, POST} route[39m[38;5;3m +0ms[39m
[32m[Nest] 1836  - [39m29/05/2026 20:19:58 [32m    LOG[39m [38;5;3m[RouterExplorer] [39m[32mMapped {/api/shifts/worker/applied, GET} route[39m[38;5;3m +0ms[39m
[32m[Nest] 1836  - [39m29/05/2026 20:19:58 [32m    LOG[39m [38;5;3m[RouterExplorer] [39m[32mMapped {/api/shifts/:id, GET} route[39m[38;5;3m +0ms[39m
[32m[Nest] 1836  - [39m29/05/2026 20:19:58 [32m    LOG[39m [38;5;3m[RoutesResolver] [39m[32mAdminController {/api/admin}:[39m[38;5;3m +1ms[39m
[32m[Nest] 1836  - [39m29/05/2026 20:19:58 [32m    LOG[39m [38;5;3m[RouterExplorer] [39m[32mMapped {/api/admin/workers/pending, GET} route[39m[38;5;3m +0ms[39m
[32m[Nest] 1836  - [39m29/05/2026 20:19:58 [32m    LOG[39m [38;5;3m[RouterExplorer] [39m[32mMapped {/api/admin/workers/:id/approve, POST} route[39m[38;5;3m +0ms[39m
[32m[Nest] 1836  - [39m29/05/2026 20:19:58 [32m    LOG[39m [38;5;3m[RouterExplorer] [39m[32mMapped {/api/admin/workers/:id/reject, POST} route[39m[38;5;3m +0ms[39m
[32m[Nest] 1836  - [39m29/05/2026 20:19:58 [32m    LOG[39m [38;5;3m[RedisService] [39m[32mRedis client initialized[39m
IMPORTANT! Eviction policy is allkeys-lru. It should be "noeviction"
IMPORTANT! Eviction policy is allkeys-lru. It should be "noeviction"
IMPORTANT! Eviction policy is allkeys-lru. It should be "noeviction"
IMPORTANT! Eviction policy is allkeys-lru. It should be "noeviction"
IMPORTANT! Eviction policy is allkeys-lru. It should be "noeviction"
IMPORTANT! Eviction policy is allkeys-lru. It should be "noeviction"
IMPORTANT! Eviction policy is allkeys-lru. It should be "noeviction"
IMPORTANT! Eviction policy is allkeys-lru. It should be "noeviction"
IMPORTANT! Eviction policy is allkeys-lru. It should be "noeviction"
IMPORTANT! Eviction policy is allkeys-lru. It should be "noeviction"
IMPORTANT! Eviction policy is allkeys-lru. It should be "noeviction"
[32m[Nest] 1836  - [39m29/05/2026 20:19:58 [32m    LOG[39m [38;5;3m[QuarterlySsSchedulerService] [39m[32m[SS Scheduler] Quarterly SS reminder cron registered: 0 9 1 3,6,9,12 *[39m
[32m[Nest] 1836  - [39m29/05/2026 20:19:58 [32m    LOG[39m [38;5;3m[NestApplication] [39m[32mNest application successfully started[39m[38;5;3m +1ms[39m
[32m[Nest] 1836  - [39m29/05/2026 20:19:58 [32m    LOG[39m [38;5;3m[Bootstrap] [39m[32m🚀 Turnos API running at http://localhost:3001/api[39m
[32m[Nest] 1836  - [39m29/05/2026 20:19:58 [32m    LOG[39m [38;5;3m[Bootstrap] [39m[32m🏥 Health check: http://localhost:3001/api/health[39m
[32m[Nest] 1836  - [39m29/05/2026 20:19:58 [32m    LOG[39m [38;5;3m[Bootstrap] [39m[32m📦 Environment: development[39m
[2J[3J[H[[90m20:20:37[0m] File change detected. Starting incremental compilation...

[[90m20:20:37[0m] Found 0 errors. Watching for file changes.

[2J[3J[H[[90m20:20:41[0m] File change detected. Starting incremental compilation...

[[90m20:20:42[0m] Found 0 errors. Watching for file changes.

[2J[3J[H[[90m20:20:45[0m] File change detected. Starting incremental compilation...

[[90m20:20:47[0m] Found 0 errors. Watching for file changes.

[2J[3J[H[[90m20:20:53[0m] File change detected. Starting incremental compilation...

[[90m20:20:54[0m] Found 0 errors. Watching for file changes.

[32m[Nest] 22076  - [39m29/05/2026 20:20:54 [32m    LOG[39m [38;5;3m[NestFactory] [39m[32mStarting Nest application...[39m
[32m[Nest] 22076  - [39m29/05/2026 20:20:54 [32m    LOG[39m [38;5;3m[InstanceLoader] [39m[32mTypeOrmModule dependencies initialized[39m[38;5;3m +56ms[39m
[32m[Nest] 22076  - [39m29/05/2026 20:20:54 [32m    LOG[39m [38;5;3m[InstanceLoader] [39m[32mPassportModule dependencies initialized[39m[38;5;3m +1ms[39m
[32m[Nest] 22076  - [39m29/05/2026 20:20:54 [32m    LOG[39m [38;5;3m[InstanceLoader] [39m[32mMulterModule dependencies initialized[39m[38;5;3m +0ms[39m
[32m[Nest] 22076  - [39m29/05/2026 20:20:54 [32m    LOG[39m [38;5;3m[InstanceLoader] [39m[32mThrottlerModule dependencies initialized[39m[38;5;3m +2ms[39m
[32m[Nest] 22076  - [39m29/05/2026 20:20:54 [32m    LOG[39m [38;5;3m[InstanceLoader] [39m[32mJwtModule dependencies initialized[39m[38;5;3m +0ms[39m
[32m[Nest] 22076  - [39m29/05/2026 20:20:54 [32m    LOG[39m [38;5;3m[InstanceLoader] [39m[32mConfigHostModule dependencies initialized[39m[38;5;3m +0ms[39m
[31m[Nest] 22076  - [39m29/05/2026 20:20:54 [31m  ERROR[39m [38;5;3m[ExceptionHandler] [39m[31mNest can't resolve dependencies of the AttendanceService (ShiftAttendanceRepository, ShiftRepository, WorkerRepository, EmployerRepository, ShiftsGateway, ComplianceService, PaymentsService, ?, ConfigService). Please make sure that the argument RatingsService at index [7] is available in the AttendanceModule context.

Potential solutions:
- Is AttendanceModule a valid NestJS module?
- If RatingsService is a provider, is it part of the current AttendanceModule?
- If RatingsService is exported from a separate @Module, is that module imported within AttendanceModule?
  @Module({
    imports: [ /* the Module containing RatingsService */ ]
  })
[39m
Error: Nest can't resolve dependencies of the AttendanceService (ShiftAttendanceRepository, ShiftRepository, WorkerRepository, EmployerRepository, ShiftsGateway, ComplianceService, PaymentsService, ?, ConfigService). Please make sure that the argument RatingsService at index [7] is available in the AttendanceModule context.

Potential solutions:
- Is AttendanceModule a valid NestJS module?
- If RatingsService is a provider, is it part of the current AttendanceModule?
- If RatingsService is exported from a separate @Module, is that module imported within AttendanceModule?
  @Module({
    imports: [ /* the Module containing RatingsService */ ]
  })

    at Injector.lookupComponentInParentModules (C:\Users\j3_19\AppData\Roaming\MetaQuotes\Terminal\0727F3F88B5F0FE006962B330B91FF37\Turnos App\node_modules\@nestjs\core\injector\injector.js:262:19)
    at async Injector.resolveComponentInstance (C:\Users\j3_19\AppData\Roaming\MetaQuotes\Terminal\0727F3F88B5F0FE006962B330B91FF37\Turnos App\node_modules\@nestjs\core\injector\injector.js:215:33)
    at async resolveParam (C:\Users\j3_19\AppData\Roaming\MetaQuotes\Terminal\0727F3F88B5F0FE006962B330B91FF37\Turnos App\node_modules\@nestjs\core\injector\injector.js:129:38)
    at async Promise.all (index 7)
    at async Injector.resolveConstructorParams (C:\Users\j3_19\AppData\Roaming\MetaQuotes\Terminal\0727F3F88B5F0FE006962B330B91FF37\Turnos App\node_modules\@nestjs\core\injector\injector.js:144:27)
    at async Injector.loadInstance (C:\Users\j3_19\AppData\Roaming\MetaQuotes\Terminal\0727F3F88B5F0FE006962B330B91FF37\Turnos App\node_modules\@nestjs\core\injector\injector.js:70:13)
    at async Injector.loadProvider (C:\Users\j3_19\AppData\Roaming\MetaQuotes\Terminal\0727F3F88B5F0FE006962B330B91FF37\Turnos App\node_modules\@nestjs\core\injector\injector.js:98:9)
    at async C:\Users\j3_19\AppData\Roaming\MetaQuotes\Terminal\0727F3F88B5F0FE006962B330B91FF37\Turnos App\node_modules\@nestjs\core\injector\instance-loader.js:56:13
    at async Promise.all (index 3)
    at async InstanceLoader.createInstancesOfProviders (C:\Users\j3_19\AppData\Roaming\MetaQuotes\Terminal\0727F3F88B5F0FE006962B330B91FF37\Turnos App\node_modules\@nestjs\core\injector\instance-loader.js:55:9)
[2J[3J[H[[90m20:20:59[0m] File change detected. Starting incremental compilation...

[[90m20:21:00[0m] Found 0 errors. Watching for file changes.

[2J[3J[H[[90m20:21:08[0m] File change detected. Starting incremental compilation...

[32m[Nest] 19936  - [39m29/05/2026 20:21:08 [32m    LOG[39m [38;5;3m[NestFactory] [39m[32mStarting Nest application...[39m
[32m[Nest] 19936  - [39m29/05/2026 20:21:08 [32m    LOG[39m [38;5;3m[InstanceLoader] [39m[32mTypeOrmModule dependencies initialized[39m[38;5;3m +117ms[39m
[32m[Nest] 19936  - [39m29/05/2026 20:21:08 [32m    LOG[39m [38;5;3m[InstanceLoader] [39m[32mPassportModule dependencies initialized[39m[38;5;3m +0ms[39m
[32m[Nest] 19936  - [39m29/05/2026 20:21:08 [32m    LOG[39m [38;5;3m[InstanceLoader] [39m[32mMulterModule dependencies initialized[39m[38;5;3m +1ms[39m
[32m[Nest] 19936  - [39m29/05/2026 20:21:08 [32m    LOG[39m [38;5;3m[InstanceLoader] [39m[32mThrottlerModule dependencies initialized[39m[38;5;3m +0ms[39m
[32m[Nest] 19936  - [39m29/05/2026 20:21:08 [32m    LOG[39m [38;5;3m[InstanceLoader] [39m[32mJwtModule dependencies initialized[39m[38;5;3m +1ms[39m
[32m[Nest] 19936  - [39m29/05/2026 20:21:08 [32m    LOG[39m [38;5;3m[InstanceLoader] [39m[32mConfigHostModule dependencies initialized[39m[38;5;3m +0ms[39m
[32m[Nest] 19936  - [39m29/05/2026 20:21:08 [32m    LOG[39m [38;5;3m[InstanceLoader] [39m[32mDiscoveryModule dependencies initialized[39m[38;5;3m +1ms[39m
[32m[Nest] 19936  - [39m29/05/2026 20:21:08 [32m    LOG[39m [38;5;3m[InstanceLoader] [39m[32mServeStaticModule dependencies initialized[39m[38;5;3m +1ms[39m
[32m[Nest] 19936  - [39m29/05/2026 20:21:08 [32m    LOG[39m [38;5;3m[InstanceLoader] [39m[32mConfigModule dependencies initialized[39m[38;5;3m +0ms[39m
[32m[Nest] 19936  - [39m29/05/2026 20:21:08 [32m    LOG[39m [38;5;3m[InstanceLoader] [39m[32mConfigModule dependencies initialized[39m[38;5;3m +0ms[39m
[33m[Nest] 19936  - [39m29/05/2026 20:21:08 [33m   WARN[39m [38;5;3m[MailService] [39m[33mMAIL_HOST/MAIL_USER not set — emails will be logged to console only[39m
[33m[Nest] 19936  - [39m29/05/2026 20:21:08 [33m   WARN[39m [38;5;3m[StorageService] [39m[33mR2 credentials absent — using local disk storage[39m
[32m[Nest] 19936  - [39m29/05/2026 20:21:08 [32m    LOG[39m [38;5;3m[InstanceLoader] [39m[32mHealthModule dependencies initialized[39m[38;5;3m +2ms[39m
[32m[Nest] 19936  - [39m29/05/2026 20:21:08 [32m    LOG[39m [38;5;3m[InstanceLoader] [39m[32mAppModule dependencies initialized[39m[38;5;3m +0ms[39m
[32m[Nest] 19936  - [39m29/05/2026 20:21:08 [32m    LOG[39m [38;5;3m[InstanceLoader] [39m[32mBullModule dependencies initialized[39m[38;5;3m +123ms[39m
[32m[Nest] 19936  - [39m29/05/2026 20:21:08 [32m    LOG[39m [38;5;3m[InstanceLoader] [39m[32mBullModule dependencies initialized[39m[38;5;3m +1ms[39m
[32m[Nest] 19936  - [39m29/05/2026 20:21:08 [32m    LOG[39m [38;5;3m[InstanceLoader] [39m[32mRedisModule dependencies initialized[39m[38;5;3m +13ms[39m
[32m[Nest] 19936  - [39m29/05/2026 20:21:08 [32m    LOG[39m [38;5;3m[InstanceLoader] [39m[32mMailModule dependencies initialized[39m[38;5;3m +1ms[39m
[32m[Nest] 19936  - [39m29/05/2026 20:21:08 [32m    LOG[39m [38;5;3m[InstanceLoader] [39m[32mStorageModule dependencies initialized[39m[38;5;3m +0ms[39m
[32m[Nest] 19936  - [39m29/05/2026 20:21:08 [32m    LOG[39m [38;5;3m[InstanceLoader] [39m[32mJwtModule dependencies initialized[39m[38;5;3m +0ms[39m
[32m[Nest] 19936  - [39m29/05/2026 20:21:08 [32m    LOG[39m [38;5;3m[InstanceLoader] [39m[32mBullModule dependencies initialized[39m[38;5;3m +7ms[39m
[32m[Nest] 19936  - [39m29/05/2026 20:21:08 [32m    LOG[39m [38;5;3m[InstanceLoader] [39m[32mBullModule dependencies initialized[39m[38;5;3m +0ms[39m
[32m[Nest] 19936  - [39m29/05/2026 20:21:08 [32m    LOG[39m [38;5;3m[InstanceLoader] [39m[32mBullModule dependencies initialized[39m[38;5;3m +1ms[39m
[32m[Nest] 19936  - [39m29/05/2026 20:21:08 [32m    LOG[39m [38;5;3m[InstanceLoader] [39m[32mBullModule dependencies initialized[39m[38;5;3m +0ms[39m
[32m[Nest] 19936  - [39m29/05/2026 20:21:08 [32m    LOG[39m [38;5;3m[InstanceLoader] [39m[32mBullModule dependencies initialized[39m[38;5;3m +0ms[39m
[32m[Nest] 19936  - [39m29/05/2026 20:21:08 [32m    LOG[39m [38;5;3m[InstanceLoader] [39m[32mBullModule dependencies initialized[39m[38;5;3m +0ms[39m
IMPORTANT! Eviction policy is allkeys-lru. It should be "noeviction"
IMPORTANT! Eviction policy is allkeys-lru. It should be "noeviction"
IMPORTANT! Eviction policy is allkeys-lru. It should be "noeviction"
IMPORTANT! Eviction policy is allkeys-lru. It should be "noeviction"
IMPORTANT! Eviction policy is allkeys-lru. It should be "noeviction"
IMPORTANT! Eviction policy is allkeys-lru. It should be "noeviction"
(node:19936) DeprecationWarning: Calling client.query() when the client is already executing a query is deprecated and will be removed in pg@9.0. Use async/await or an external async flow control mechanism instead.
(Use `node --trace-deprecation ...` to show where the warning was created)
[32m[Nest] 19936  - [39m29/05/2026 20:21:08 [32m    LOG[39m [38;5;3m[InstanceLoader] [39m[32mTypeOrmCoreModule dependencies initialized[39m[38;5;3m +478ms[39m
[32m[Nest] 19936  - [39m29/05/2026 20:21:08 [32m    LOG[39m [38;5;3m[InstanceLoader] [39m[32mTypeOrmModule dependencies initialized[39m[38;5;3m +0ms[39m
[32m[Nest] 19936  - [39m29/05/2026 20:21:08 [32m    LOG[39m [38;5;3m[InstanceLoader] [39m[32mTypeOrmModule dependencies initialized[39m[38;5;3m +1ms[39m
[32m[Nest] 19936  - [39m29/05/2026 20:21:08 [32m    LOG[39m [38;5;3m[InstanceLoader] [39m[32mTypeOrmModule dependencies initialized[39m[38;5;3m +0ms[39m
[32m[Nest] 19936  - [39m29/05/2026 20:21:08 [32m    LOG[39m [38;5;3m[InstanceLoader] [39m[32mTypeOrmModule dependencies initialized[39m[38;5;3m +0ms[39m
[32m[Nest] 19936  - [39m29/05/2026 20:21:08 [32m    LOG[39m [38;5;3m[InstanceLoader] [39m[32mTypeOrmModule dependencies initialized[39m[38;5;3m +0ms[39m
[32m[Nest] 19936  - [39m29/05/2026 20:21:08 [32m    LOG[39m [38;5;3m[InstanceLoader] [39m[32mTypeOrmModule dependencies initialized[39m[38;5;3m +0ms[39m
[32m[Nest] 19936  - [39m29/05/2026 20:21:08 [32m    LOG[39m [38;5;3m[InstanceLoader] [39m[32mTypeOrmModule dependencies initialized[39m[38;5;3m +0ms[39m
[32m[Nest] 19936  - [39m29/05/2026 20:21:08 [32m    LOG[39m [38;5;3m[InstanceLoader] [39m[32mTypeOrmModule dependencies initialized[39m[38;5;3m +0ms[39m
[32m[Nest] 19936  - [39m29/05/2026 20:21:08 [32m    LOG[39m [38;5;3m[InstanceLoader] [39m[32mUsersModule dependencies initialized[39m[38;5;3m +11ms[39m
[32m[Nest] 19936  - [39m29/05/2026 20:21:08 [32m    LOG[39m [38;5;3m[InstanceLoader] [39m[32mGatewayModule dependencies initialized[39m[38;5;3m +1ms[39m
[33m[Nest] 19936  - [39m29/05/2026 20:21:08 [33m   WARN[39m [38;5;3m[AuthService] [39m[33mTwilio credentials absent — using Mock OTP (code: 123456)[39m
[32m[Nest] 19936  - [39m29/05/2026 20:21:08 [32m    LOG[39m [38;5;3m[InstanceLoader] [39m[32mNotificationsModule dependencies initialized[39m[38;5;3m +1ms[39m
[32m[Nest] 19936  - [39m29/05/2026 20:21:08 [32m    LOG[39m [38;5;3m[InstanceLoader] [39m[32mAdminModule dependencies initialized[39m[38;5;3m +1ms[39m
[32m[Nest] 19936  - [39m29/05/2026 20:21:08 [32m    LOG[39m [38;5;3m[InstanceLoader] [39m[32mPaymentsModule dependencies initialized[39m[38;5;3m +2ms[39m
[32m[Nest] 19936  - [39m29/05/2026 20:21:08 [32m    LOG[39m [38;5;3m[InstanceLoader] [39m[32mRatingsModule dependencies initialized[39m[38;5;3m +0ms[39m
[32m[Nest] 19936  - [39m29/05/2026 20:21:08 [32m    LOG[39m [38;5;3m[InstanceLoader] [39m[32mComplianceModule dependencies initialized[39m[38;5;3m +0ms[39m
[32m[Nest] 19936  - [39m29/05/2026 20:21:08 [32m    LOG[39m [38;5;3m[InstanceLoader] [39m[32mAuthModule dependencies initialized[39m[38;5;3m +0ms[39m
[32m[Nest] 19936  - [39m29/05/2026 20:21:08 [32m    LOG[39m [38;5;3m[InstanceLoader] [39m[32mAttendanceModule dependencies initialized[39m[38;5;3m +0ms[39m
[32m[Nest] 19936  - [39m29/05/2026 20:21:08 [32m    LOG[39m [38;5;3m[InstanceLoader] [39m[32mShiftsModule dependencies initialized[39m[38;5;3m +0ms[39m
[[90m20:21:09[0m] Found 0 errors. Watching for file changes.

[32m[Nest] 17664  - [39m29/05/2026 20:21:16 [32m    LOG[39m [38;5;3m[NestFactory] [39m[32mStarting Nest application...[39m
[32m[Nest] 17664  - [39m29/05/2026 20:21:16 [32m    LOG[39m [38;5;3m[InstanceLoader] [39m[32mTypeOrmModule dependencies initialized[39m[38;5;3m +56ms[39m
[32m[Nest] 17664  - [39m29/05/2026 20:21:16 [32m    LOG[39m [38;5;3m[InstanceLoader] [39m[32mPassportModule dependencies initialized[39m[38;5;3m +0ms[39m
[32m[Nest] 17664  - [39m29/05/2026 20:21:16 [32m    LOG[39m [38;5;3m[InstanceLoader] [39m[32mMulterModule dependencies initialized[39m[38;5;3m +0ms[39m
[32m[Nest] 17664  - [39m29/05/2026 20:21:16 [32m    LOG[39m [38;5;3m[InstanceLoader] [39m[32mThrottlerModule dependencies initialized[39m[38;5;3m +1ms[39m
[32m[Nest] 17664  - [39m29/05/2026 20:21:16 [32m    LOG[39m [38;5;3m[InstanceLoader] [39m[32mJwtModule dependencies initialized[39m[38;5;3m +0ms[39m
[32m[Nest] 17664  - [39m29/05/2026 20:21:16 [32m    LOG[39m [38;5;3m[InstanceLoader] [39m[32mConfigHostModule dependencies initialized[39m[38;5;3m +0ms[39m
[31m[Nest] 17664  - [39m29/05/2026 20:21:16 [31m  ERROR[39m [38;5;3m[ExceptionHandler] [39m[31mNest can't resolve dependencies of the NotificationsService (WorkerRepository, ?, RedisService). Please make sure that the argument "FavouriteWorkerRepository" at index [1] is available in the NotificationsModule context.

Potential solutions:
- Is NotificationsModule a valid NestJS module?
- If "FavouriteWorkerRepository" is a provider, is it part of the current NotificationsModule?
- If "FavouriteWorkerRepository" is exported from a separate @Module, is that module imported within NotificationsModule?
  @Module({
    imports: [ /* the Module containing "FavouriteWorkerRepository" */ ]
  })
[39m
Error: Nest can't resolve dependencies of the NotificationsService (WorkerRepository, ?, RedisService). Please make sure that the argument "FavouriteWorkerRepository" at index [1] is available in the NotificationsModule context.

Potential solutions:
- Is NotificationsModule a valid NestJS module?
- If "FavouriteWorkerRepository" is a provider, is it part of the current NotificationsModule?
- If "FavouriteWorkerRepository" is exported from a separate @Module, is that module imported within NotificationsModule?
  @Module({
    imports: [ /* the Module containing "FavouriteWorkerRepository" */ ]
  })

    at Injector.lookupComponentInParentModules (C:\Users\j3_19\AppData\Roaming\MetaQuotes\Terminal\0727F3F88B5F0FE006962B330B91FF37\Turnos App\node_modules\@nestjs\core\injector\injector.js:262:19)
    at async Injector.resolveComponentInstance (C:\Users\j3_19\AppData\Roaming\MetaQuotes\Terminal\0727F3F88B5F0FE006962B330B91FF37\Turnos App\node_modules\@nestjs\core\injector\injector.js:215:33)
    at async resolveParam (C:\Users\j3_19\AppData\Roaming\MetaQuotes\Terminal\0727F3F88B5F0FE006962B330B91FF37\Turnos App\node_modules\@nestjs\core\injector\injector.js:129:38)
    at async Promise.all (index 1)
    at async Injector.resolveConstructorParams (C:\Users\j3_19\AppData\Roaming\MetaQuotes\Terminal\0727F3F88B5F0FE006962B330B91FF37\Turnos App\node_modules\@nestjs\core\injector\injector.js:144:27)
    at async Injector.loadInstance (C:\Users\j3_19\AppData\Roaming\MetaQuotes\Terminal\0727F3F88B5F0FE006962B330B91FF37\Turnos App\node_modules\@nestjs\core\injector\injector.js:70:13)
    at async Injector.loadProvider (C:\Users\j3_19\AppData\Roaming\MetaQuotes\Terminal\0727F3F88B5F0FE006962B330B91FF37\Turnos App\node_modules\@nestjs\core\injector\injector.js:98:9)
    at async C:\Users\j3_19\AppData\Roaming\MetaQuotes\Terminal\0727F3F88B5F0FE006962B330B91FF37\Turnos App\node_modules\@nestjs\core\injector\instance-loader.js:56:13
    at async Promise.all (index 3)
    at async InstanceLoader.createInstancesOfProviders (C:\Users\j3_19\AppData\Roaming\MetaQuotes\Terminal\0727F3F88B5F0FE006962B330B91FF37\Turnos App\node_modules\@nestjs\core\injector\instance-loader.js:55:9)
[2J[3J[H[[90m20:21:24[0m] File change detected. Starting incremental compilation...

[96msrc/notifications/processors/re-notification.processor.ts[0m:[93m59[0m:[93m7[0m - [91merror[0m[90m TS2345: [0mArgument of type 'string[]' is not assignable to parameter of type 'string'.

[7m59[0m       requiredSkills,
[7m  [0m [91m      ~~~~~~~~~~~~~~[0m

[96msrc/shifts/shifts.service.ts[0m:[93m97[0m:[93m8[0m - [91merror[0m[90m TS2554: [0mExpected 4-5 arguments, but got 3.

[7m97[0m       .notifyMatchingWorkers(saved.id, skills, saved.title)
[7m  [0m [91m       ~~~~~~~~~~~~~~~~~~~~~[0m

  [96msrc/notifications/notifications.service.ts[0m:[93m40[0m:[93m5[0m
    [7m40[0m     shiftTitle: string,
    [7m  [0m [96m    ~~~~~~~~~~~~~~~~~~[0m
    An argument for 'shiftTitle' was not provided.

[[90m20:21:25[0m] Found 2 errors. Watching for file changes.

[2J[3J[H[[90m20:21:29[0m] File change detected. Starting incremental compilation...

[96msrc/notifications/processors/re-notification.processor.ts[0m:[93m59[0m:[93m7[0m - [91merror[0m[90m TS2345: [0mArgument of type 'string[]' is not assignable to parameter of type 'string'.

[7m59[0m       requiredSkills,
[7m  [0m [91m      ~~~~~~~~~~~~~~[0m

[96msrc/shifts/shifts.service.ts[0m:[93m97[0m:[93m8[0m - [91merror[0m[90m TS2554: [0mExpected 4-5 arguments, but got 3.

[7m97[0m       .notifyMatchingWorkers(saved.id, skills, saved.title)
[7m  [0m [91m       ~~~~~~~~~~~~~~~~~~~~~[0m

  [96msrc/notifications/notifications.service.ts[0m:[93m40[0m:[93m5[0m
    [7m40[0m     shiftTitle: string,
    [7m  [0m [96m    ~~~~~~~~~~~~~~~~~~[0m
    An argument for 'shiftTitle' was not provided.

[[90m20:21:30[0m] Found 2 errors. Watching for file changes.

[2J[3J[H[[90m20:21:43[0m] File change detected. Starting incremental compilation...

[96msrc/notifications/processors/re-notification.processor.ts[0m:[93m59[0m:[93m7[0m - [91merror[0m[90m TS2345: [0mArgument of type 'string[]' is not assignable to parameter of type 'string'.

[7m59[0m       requiredSkills,
[7m  [0m [91m      ~~~~~~~~~~~~~~[0m

[[90m20:21:43[0m] Found 1 error. Watching for file changes.

[2J[3J[H[[90m20:21:48[0m] File change detected. Starting incremental compilation...

[96msrc/notifications/processors/re-notification.processor.ts[0m:[93m60[0m:[93m7[0m - [91merror[0m[90m TS2345: [0mArgument of type 'string[]' is not assignable to parameter of type 'string'.

[7m60[0m       requiredSkills,
[7m  [0m [91m      ~~~~~~~~~~~~~~[0m

[96msrc/shifts/shifts.service.ts[0m:[93m107[0m:[93m9[0m - [91merror[0m[90m TS1360: [0mType '{ shiftId: string; shiftTitle: string; requiredSkills: string[]; }' does not satisfy the expected type 'ReNotificationJobData'.
  Property 'employerId' is missing in type '{ shiftId: string; shiftTitle: string; requiredSkills: string[]; }' but required in type 'ReNotificationJobData'.

[7m107[0m       } satisfies ReNotificationJobData,
[7m   [0m [91m        ~~~~~~~~~[0m

  [96msrc/notifications/processors/re-notification.processor.ts[0m:[93m14[0m:[93m3[0m
    [7m14[0m   employerId: string;
    [7m  [0m [96m  ~~~~~~~~~~[0m
    'employerId' is declared here.

[[90m20:21:49[0m] Found 2 errors. Watching for file changes.

[2J[3J[H[[90m20:21:52[0m] File change detected. Starting incremental compilation...

[96msrc/notifications/processors/re-notification.processor.ts[0m:[93m60[0m:[93m7[0m - [91merror[0m[90m TS2345: [0mArgument of type 'string[]' is not assignable to parameter of type 'string'.

[7m60[0m       requiredSkills,
[7m  [0m [91m      ~~~~~~~~~~~~~~[0m

[96msrc/shifts/shifts.service.ts[0m:[93m107[0m:[93m9[0m - [91merror[0m[90m TS1360: [0mType '{ shiftId: string; shiftTitle: string; requiredSkills: string[]; }' does not satisfy the expected type 'ReNotificationJobData'.
  Property 'employerId' is missing in type '{ shiftId: string; shiftTitle: string; requiredSkills: string[]; }' but required in type 'ReNotificationJobData'.

[7m107[0m       } satisfies ReNotificationJobData,
[7m   [0m [91m        ~~~~~~~~~[0m

  [96msrc/notifications/processors/re-notification.processor.ts[0m:[93m14[0m:[93m3[0m
    [7m14[0m   employerId: string;
    [7m  [0m [96m  ~~~~~~~~~~[0m
    'employerId' is declared here.

[[90m20:21:52[0m] Found 2 errors. Watching for file changes.

[2J[3J[H[[90m20:21:56[0m] File change detected. Starting incremental compilation...

[96msrc/shifts/shifts.service.ts[0m:[93m107[0m:[93m9[0m - [91merror[0m[90m TS1360: [0mType '{ shiftId: string; shiftTitle: string; requiredSkills: string[]; }' does not satisfy the expected type 'ReNotificationJobData'.
  Property 'employerId' is missing in type '{ shiftId: string; shiftTitle: string; requiredSkills: string[]; }' but required in type 'ReNotificationJobData'.

[7m107[0m       } satisfies ReNotificationJobData,
[7m   [0m [91m        ~~~~~~~~~[0m

  [96msrc/notifications/processors/re-notification.processor.ts[0m:[93m14[0m:[93m3[0m
    [7m14[0m   employerId: string;
    [7m  [0m [96m  ~~~~~~~~~~[0m
    'employerId' is declared here.

[[90m20:21:57[0m] Found 1 error. Watching for file changes.

[2J[3J[H[[90m20:22:08[0m] File change detected. Starting incremental compilation...

[[90m20:22:09[0m] Found 0 errors. Watching for file changes.

[32m[Nest] 16836  - [39m29/05/2026 20:22:15 [32m    LOG[39m [38;5;3m[NestFactory] [39m[32mStarting Nest application...[39m
[32m[Nest] 16836  - [39m29/05/2026 20:22:15 [32m    LOG[39m [38;5;3m[InstanceLoader] [39m[32mTypeOrmModule dependencies initialized[39m[38;5;3m +55ms[39m
[32m[Nest] 16836  - [39m29/05/2026 20:22:15 [32m    LOG[39m [38;5;3m[InstanceLoader] [39m[32mPassportModule dependencies initialized[39m[38;5;3m +1ms[39m
[32m[Nest] 16836  - [39m29/05/2026 20:22:15 [32m    LOG[39m [38;5;3m[InstanceLoader] [39m[32mMulterModule dependencies initialized[39m[38;5;3m +0ms[39m
[32m[Nest] 16836  - [39m29/05/2026 20:22:15 [32m    LOG[39m [38;5;3m[InstanceLoader] [39m[32mThrottlerModule dependencies initialized[39m[38;5;3m +0ms[39m
[32m[Nest] 16836  - [39m29/05/2026 20:22:15 [32m    LOG[39m [38;5;3m[InstanceLoader] [39m[32mJwtModule dependencies initialized[39m[38;5;3m +0ms[39m
[32m[Nest] 16836  - [39m29/05/2026 20:22:15 [32m    LOG[39m [38;5;3m[InstanceLoader] [39m[32mConfigHostModule dependencies initialized[39m[38;5;3m +1ms[39m
[32m[Nest] 16836  - [39m29/05/2026 20:22:15 [32m    LOG[39m [38;5;3m[InstanceLoader] [39m[32mDiscoveryModule dependencies initialized[39m[38;5;3m +0ms[39m
[32m[Nest] 16836  - [39m29/05/2026 20:22:15 [32m    LOG[39m [38;5;3m[InstanceLoader] [39m[32mServeStaticModule dependencies initialized[39m[38;5;3m +1ms[39m
[32m[Nest] 16836  - [39m29/05/2026 20:22:15 [32m    LOG[39m [38;5;3m[InstanceLoader] [39m[32mConfigModule dependencies initialized[39m[38;5;3m +1ms[39m
[32m[Nest] 16836  - [39m29/05/2026 20:22:15 [32m    LOG[39m [38;5;3m[InstanceLoader] [39m[32mConfigModule dependencies initialized[39m[38;5;3m +0ms[39m
[33m[Nest] 16836  - [39m29/05/2026 20:22:15 [33m   WARN[39m [38;5;3m[MailService] [39m[33mMAIL_HOST/MAIL_USER not set — emails will be logged to console only[39m
[33m[Nest] 16836  - [39m29/05/2026 20:22:15 [33m   WARN[39m [38;5;3m[StorageService] [39m[33mR2 credentials absent — using local disk storage[39m
[32m[Nest] 16836  - [39m29/05/2026 20:22:15 [32m    LOG[39m [38;5;3m[InstanceLoader] [39m[32mHealthModule dependencies initialized[39m[38;5;3m +0ms[39m
[32m[Nest] 16836  - [39m29/05/2026 20:22:15 [32m    LOG[39m [38;5;3m[InstanceLoader] [39m[32mAppModule dependencies initialized[39m[38;5;3m +1ms[39m
[32m[Nest] 16836  - [39m29/05/2026 20:22:15 [32m    LOG[39m [38;5;3m[InstanceLoader] [39m[32mBullModule dependencies initialized[39m[38;5;3m +87ms[39m
[32m[Nest] 16836  - [39m29/05/2026 20:22:15 [32m    LOG[39m [38;5;3m[InstanceLoader] [39m[32mBullModule dependencies initialized[39m[38;5;3m +0ms[39m
[32m[Nest] 16836  - [39m29/05/2026 20:22:15 [32m    LOG[39m [38;5;3m[InstanceLoader] [39m[32mRedisModule dependencies initialized[39m[38;5;3m +11ms[39m
[32m[Nest] 16836  - [39m29/05/2026 20:22:15 [32m    LOG[39m [38;5;3m[InstanceLoader] [39m[32mMailModule dependencies initialized[39m[38;5;3m +0ms[39m
[32m[Nest] 16836  - [39m29/05/2026 20:22:15 [32m    LOG[39m [38;5;3m[InstanceLoader] [39m[32mStorageModule dependencies initialized[39m[38;5;3m +0ms[39m
[32m[Nest] 16836  - [39m29/05/2026 20:22:15 [32m    LOG[39m [38;5;3m[InstanceLoader] [39m[32mJwtModule dependencies initialized[39m[38;5;3m +2ms[39m
[32m[Nest] 16836  - [39m29/05/2026 20:22:15 [32m    LOG[39m [38;5;3m[InstanceLoader] [39m[32mBullModule dependencies initialized[39m[38;5;3m +6ms[39m
[32m[Nest] 16836  - [39m29/05/2026 20:22:15 [32m    LOG[39m [38;5;3m[InstanceLoader] [39m[32mBullModule dependencies initialized[39m[38;5;3m +0ms[39m
[32m[Nest] 16836  - [39m29/05/2026 20:22:15 [32m    LOG[39m [38;5;3m[InstanceLoader] [39m[32mBullModule dependencies initialized[39m[38;5;3m +0ms[39m
[32m[Nest] 16836  - [39m29/05/2026 20:22:15 [32m    LOG[39m [38;5;3m[InstanceLoader] [39m[32mBullModule dependencies initialized[39m[38;5;3m +0ms[39m
[32m[Nest] 16836  - [39m29/05/2026 20:22:15 [32m    LOG[39m [38;5;3m[InstanceLoader] [39m[32mBullModule dependencies initialized[39m[38;5;3m +0ms[39m
[32m[Nest] 16836  - [39m29/05/2026 20:22:15 [32m    LOG[39m [38;5;3m[InstanceLoader] [39m[32mBullModule dependencies initialized[39m[38;5;3m +0ms[39m
IMPORTANT! Eviction policy is allkeys-lru. It should be "noeviction"
IMPORTANT! Eviction policy is allkeys-lru. It should be "noeviction"
IMPORTANT! Eviction policy is allkeys-lru. It should be "noeviction"
IMPORTANT! Eviction policy is allkeys-lru. It should be "noeviction"
IMPORTANT! Eviction policy is allkeys-lru. It should be "noeviction"
IMPORTANT! Eviction policy is allkeys-lru. It should be "noeviction"
(node:16836) DeprecationWarning: Calling client.query() when the client is already executing a query is deprecated and will be removed in pg@9.0. Use async/await or an external async flow control mechanism instead.
(Use `node --trace-deprecation ...` to show where the warning was created)
[32m[Nest] 16836  - [39m29/05/2026 20:22:16 [32m    LOG[39m [38;5;3m[InstanceLoader] [39m[32mTypeOrmCoreModule dependencies initialized[39m[38;5;3m +559ms[39m
[32m[Nest] 16836  - [39m29/05/2026 20:22:16 [32m    LOG[39m [38;5;3m[InstanceLoader] [39m[32mTypeOrmModule dependencies initialized[39m[38;5;3m +0ms[39m
[32m[Nest] 16836  - [39m29/05/2026 20:22:16 [32m    LOG[39m [38;5;3m[InstanceLoader] [39m[32mTypeOrmModule dependencies initialized[39m[38;5;3m +0ms[39m
[32m[Nest] 16836  - [39m29/05/2026 20:22:16 [32m    LOG[39m [38;5;3m[InstanceLoader] [39m[32mTypeOrmModule dependencies initialized[39m[38;5;3m +0ms[39m
[32m[Nest] 16836  - [39m29/05/2026 20:22:16 [32m    LOG[39m [38;5;3m[InstanceLoader] [39m[32mTypeOrmModule dependencies initialized[39m[38;5;3m +0ms[39m
[32m[Nest] 16836  - [39m29/05/2026 20:22:16 [32m    LOG[39m [38;5;3m[InstanceLoader] [39m[32mTypeOrmModule dependencies initialized[39m[38;5;3m +0ms[39m
[32m[Nest] 16836  - [39m29/05/2026 20:22:16 [32m    LOG[39m [38;5;3m[InstanceLoader] [39m[32mTypeOrmModule dependencies initialized[39m[38;5;3m +0ms[39m
[32m[Nest] 16836  - [39m29/05/2026 20:22:16 [32m    LOG[39m [38;5;3m[InstanceLoader] [39m[32mTypeOrmModule dependencies initialized[39m[38;5;3m +0ms[39m
[32m[Nest] 16836  - [39m29/05/2026 20:22:16 [32m    LOG[39m [38;5;3m[InstanceLoader] [39m[32mTypeOrmModule dependencies initialized[39m[38;5;3m +0ms[39m
[32m[Nest] 16836  - [39m29/05/2026 20:22:16 [32m    LOG[39m [38;5;3m[InstanceLoader] [39m[32mUsersModule dependencies initialized[39m[38;5;3m +9ms[39m
[32m[Nest] 16836  - [39m29/05/2026 20:22:16 [32m    LOG[39m [38;5;3m[InstanceLoader] [39m[32mGatewayModule dependencies initialized[39m[38;5;3m +0ms[39m
[33m[Nest] 16836  - [39m29/05/2026 20:22:16 [33m   WARN[39m [38;5;3m[AuthService] [39m[33mTwilio credentials absent — using Mock OTP (code: 123456)[39m
[32m[Nest] 16836  - [39m29/05/2026 20:22:16 [32m    LOG[39m [38;5;3m[InstanceLoader] [39m[32mNotificationsModule dependencies initialized[39m[38;5;3m +1ms[39m
[32m[Nest] 16836  - [39m29/05/2026 20:22:16 [32m    LOG[39m [38;5;3m[InstanceLoader] [39m[32mAdminModule dependencies initialized[39m[38;5;3m +0ms[39m
[32m[Nest] 16836  - [39m29/05/2026 20:22:16 [32m    LOG[39m [38;5;3m[InstanceLoader] [39m[32mPaymentsModule dependencies initialized[39m[38;5;3m +2ms[39m
[32m[Nest] 16836  - [39m29/05/2026 20:22:16 [32m    LOG[39m [38;5;3m[InstanceLoader] [39m[32mRatingsModule dependencies initialized[39m[38;5;3m +0ms[39m
[32m[Nest] 16836  - [39m29/05/2026 20:22:16 [32m    LOG[39m [38;5;3m[InstanceLoader] [39m[32mComplianceModule dependencies initialized[39m[38;5;3m +1ms[39m
[32m[Nest] 16836  - [39m29/05/2026 20:22:16 [32m    LOG[39m [38;5;3m[InstanceLoader] [39m[32mAuthModule dependencies initialized[39m[38;5;3m +0ms[39m
[32m[Nest] 16836  - [39m29/05/2026 20:22:16 [32m    LOG[39m [38;5;3m[InstanceLoader] [39m[32mAttendanceModule dependencies initialized[39m[38;5;3m +0ms[39m
[32m[Nest] 16836  - [39m29/05/2026 20:22:16 [32m    LOG[39m [38;5;3m[InstanceLoader] [39m[32mShiftsModule dependencies initialized[39m[38;5;3m +0ms[39m
[32m[Nest] 16836  - [39m29/05/2026 20:22:17 [32m    LOG[39m [38;5;3m[RoutesResolver] [39m[32mAppController {/api}:[39m[38;5;3m +1041ms[39m
[32m[Nest] 16836  - [39m29/05/2026 20:22:17 [32m    LOG[39m [38;5;3m[RouterExplorer] [39m[32mMapped {/api, GET} route[39m[38;5;3m +2ms[39m
[32m[Nest] 16836  - [39m29/05/2026 20:22:17 [32m    LOG[39m [38;5;3m[RoutesResolver] [39m[32mHealthController {/api/health}:[39m[38;5;3m +0ms[39m
[32m[Nest] 16836  - [39m29/05/2026 20:22:17 [32m    LOG[39m [38;5;3m[RouterExplorer] [39m[32mMapped {/api/health, GET} route[39m[38;5;3m +0ms[39m
[32m[Nest] 16836  - [39m29/05/2026 20:22:17 [32m    LOG[39m [38;5;3m[RoutesResolver] [39m[32mAuthController {/api/auth}:[39m[38;5;3m +1ms[39m
[32m[Nest] 16836  - [39m29/05/2026 20:22:17 [32m    LOG[39m [38;5;3m[RouterExplorer] [39m[32mMapped {/api/auth/send-otp, POST} route[39m[38;5;3m +0ms[39m
[32m[Nest] 16836  - [39m29/05/2026 20:22:17 [32m    LOG[39m [38;5;3m[RouterExplorer] [39m[32mMapped {/api/auth/verify-otp, POST} route[39m[38;5;3m +0ms[39m
[32m[Nest] 16836  - [39m29/05/2026 20:22:17 [32m    LOG[39m [38;5;3m[RouterExplorer] [39m[32mMapped {/api/auth/register/employer, POST} route[39m[38;5;3m +0ms[39m
[32m[Nest] 16836  - [39m29/05/2026 20:22:17 [32m    LOG[39m [38;5;3m[RouterExplorer] [39m[32mMapped {/api/auth/login/employer, POST} route[39m[38;5;3m +1ms[39m
[32m[Nest] 16836  - [39m29/05/2026 20:22:17 [32m    LOG[39m [38;5;3m[RouterExplorer] [39m[32mMapped {/api/auth/verify-email/:token, GET} route[39m[38;5;3m +0ms[39m
[32m[Nest] 16836  - [39m29/05/2026 20:22:17 [32m    LOG[39m [38;5;3m[RouterExplorer] [39m[32mMapped {/api/auth/google/verify-token, POST} route[39m[38;5;3m +0ms[39m
[32m[Nest] 16836  - [39m29/05/2026 20:22:17 [32m    LOG[39m [38;5;3m[RouterExplorer] [39m[32mMapped {/api/auth/refresh, POST} route[39m[38;5;3m +0ms[39m
[32m[Nest] 16836  - [39m29/05/2026 20:22:17 [32m    LOG[39m [38;5;3m[RouterExplorer] [39m[32mMapped {/api/auth/logout, POST} route[39m[38;5;3m +1ms[39m
[32m[Nest] 16836  - [39m29/05/2026 20:22:17 [32m    LOG[39m [38;5;3m[RouterExplorer] [39m[32mMapped {/api/auth/worker/profile, POST} route[39m[38;5;3m +0ms[39m
[32m[Nest] 16836  - [39m29/05/2026 20:22:17 [32m    LOG[39m [38;5;3m[RouterExplorer] [39m[32mMapped {/api/auth/worker/photo, POST} route[39m[38;5;3m +0ms[39m
[32m[Nest] 16836  - [39m29/05/2026 20:22:17 [32m    LOG[39m [38;5;3m[RouterExplorer] [39m[32mMapped {/api/auth/me, GET} route[39m[38;5;3m +0ms[39m
[32m[Nest] 16836  - [39m29/05/2026 20:22:17 [32m    LOG[39m [38;5;3m[RouterExplorer] [39m[32mMapped {/api/auth/worker/push-token, POST} route[39m[38;5;3m +0ms[39m
[32m[Nest] 16836  - [39m29/05/2026 20:22:17 [32m    LOG[39m [38;5;3m[RoutesResolver] [39m[32mComplianceController {/api/compliance}:[39m[38;5;3m +0ms[39m
[32m[Nest] 16836  - [39m29/05/2026 20:22:17 [32m    LOG[39m [38;5;3m[RouterExplorer] [39m[32mMapped {/api/compliance/employer/tsu-report, GET} route[39m[38;5;3m +1ms[39m
[32m[Nest] 16836  - [39m29/05/2026 20:22:17 [32m    LOG[39m [38;5;3m[RouterExplorer] [39m[32mMapped {/api/compliance/employer/mcd-contracts, GET} route[39m[38;5;3m +2ms[39m
[32m[Nest] 16836  - [39m29/05/2026 20:22:17 [32m    LOG[39m [38;5;3m[RouterExplorer] [39m[32mMapped {/api/compliance/employer/audit-log, GET} route[39m[38;5;3m +1ms[39m
[32m[Nest] 16836  - [39m29/05/2026 20:22:17 [32m    LOG[39m [38;5;3m[RouterExplorer] [39m[32mMapped {/api/compliance/worker/dependency, GET} route[39m[38;5;3m +0ms[39m
[32m[Nest] 16836  - [39m29/05/2026 20:22:17 [32m    LOG[39m [38;5;3m[RouterExplorer] [39m[32mMapped {/api/compliance/worker/external-income, PATCH} route[39m[38;5;3m +1ms[39m
[32m[Nest] 16836  - [39m29/05/2026 20:22:17 [32m    LOG[39m [38;5;3m[RoutesResolver] [39m[32mAttendanceController {/api/attendance}:[39m[38;5;3m +4ms[39m
[32m[Nest] 16836  - [39m29/05/2026 20:22:17 [32m    LOG[39m [38;5;3m[RouterExplorer] [39m[32mMapped {/api/attendance/employer-qr, GET} route[39m[38;5;3m +2ms[39m
[32m[Nest] 16836  - [39m29/05/2026 20:22:17 [32m    LOG[39m [38;5;3m[RouterExplorer] [39m[32mMapped {/api/attendance/:shiftId/manual-confirm, POST} route[39m[38;5;3m +1ms[39m
[32m[Nest] 16836  - [39m29/05/2026 20:22:17 [32m    LOG[39m [38;5;3m[RouterExplorer] [39m[32mMapped {/api/attendance/:shiftId/dispute/employer, POST} route[39m[38;5;3m +1ms[39m
[32m[Nest] 16836  - [39m29/05/2026 20:22:17 [32m    LOG[39m [38;5;3m[RouterExplorer] [39m[32mMapped {/api/attendance/check-in, POST} route[39m[38;5;3m +1ms[39m
[32m[Nest] 16836  - [39m29/05/2026 20:22:17 [32m    LOG[39m [38;5;3m[RouterExplorer] [39m[32mMapped {/api/attendance/check-out, POST} route[39m[38;5;3m +0ms[39m
[32m[Nest] 16836  - [39m29/05/2026 20:22:17 [32m    LOG[39m [38;5;3m[RouterExplorer] [39m[32mMapped {/api/attendance/:shiftId/dispute/worker, POST} route[39m[38;5;3m +0ms[39m
[32m[Nest] 16836  - [39m29/05/2026 20:22:17 [32m    LOG[39m [38;5;3m[RouterExplorer] [39m[32mMapped {/api/attendance/:shiftId, GET} route[39m[38;5;3m +1ms[39m
[32m[Nest] 16836  - [39m29/05/2026 20:22:17 [32m    LOG[39m [38;5;3m[RoutesResolver] [39m[32mPaymentsController {/api/payments}:[39m[38;5;3m +0ms[39m
[32m[Nest] 16836  - [39m29/05/2026 20:22:17 [32m    LOG[39m [38;5;3m[RouterExplorer] [39m[32mMapped {/api/payments/employer/setup-intent, POST} route[39m[38;5;3m +0ms[39m
[32m[Nest] 16836  - [39m29/05/2026 20:22:17 [32m    LOG[39m [38;5;3m[RouterExplorer] [39m[32mMapped {/api/payments/employer/save-payment-method, POST} route[39m[38;5;3m +0ms[39m
[32m[Nest] 16836  - [39m29/05/2026 20:22:17 [32m    LOG[39m [38;5;3m[RouterExplorer] [39m[32mMapped {/api/payments/employer/subscribe, POST} route[39m[38;5;3m +0ms[39m
[32m[Nest] 16836  - [39m29/05/2026 20:22:17 [32m    LOG[39m [38;5;3m[RouterExplorer] [39m[32mMapped {/api/payments/employer/cancel-subscription, POST} route[39m[38;5;3m +1ms[39m
[32m[Nest] 16836  - [39m29/05/2026 20:22:17 [32m    LOG[39m [38;5;3m[RouterExplorer] [39m[32mMapped {/api/payments/employer/spending, GET} route[39m[38;5;3m +0ms[39m
[32m[Nest] 16836  - [39m29/05/2026 20:22:17 [32m    LOG[39m [38;5;3m[RouterExplorer] [39m[32mMapped {/api/payments/worker/connect, POST} route[39m[38;5;3m +0ms[39m
[32m[Nest] 16836  - [39m29/05/2026 20:22:17 [32m    LOG[39m [38;5;3m[RouterExplorer] [39m[32mMapped {/api/payments/worker/dashboard-link, GET} route[39m[38;5;3m +0ms[39m
[32m[Nest] 16836  - [39m29/05/2026 20:22:17 [32m    LOG[39m [38;5;3m[RouterExplorer] [39m[32mMapped {/api/payments/worker/earnings, GET} route[39m[38;5;3m +0ms[39m
[32m[Nest] 16836  - [39m29/05/2026 20:22:17 [32m    LOG[39m [38;5;3m[RouterExplorer] [39m[32mMapped {/api/payments/webhook, POST} route[39m[38;5;3m +0ms[39m
[32m[Nest] 16836  - [39m29/05/2026 20:22:17 [32m    LOG[39m [38;5;3m[RoutesResolver] [39m[32mRatingsController {/api/ratings}:[39m[38;5;3m +0ms[39m
[32m[Nest] 16836  - [39m29/05/2026 20:22:17 [32m    LOG[39m [38;5;3m[RouterExplorer] [39m[32mMapped {/api/ratings, POST} route[39m[38;5;3m +0ms[39m
[32m[Nest] 16836  - [39m29/05/2026 20:22:17 [32m    LOG[39m [38;5;3m[RouterExplorer] [39m[32mMapped {/api/ratings/worker/:id, GET} route[39m[38;5;3m +1ms[39m
[32m[Nest] 16836  - [39m29/05/2026 20:22:17 [32m    LOG[39m [38;5;3m[RouterExplorer] [39m[32mMapped {/api/ratings/shift/:shiftId/mine, GET} route[39m[38;5;3m +0ms[39m
[32m[Nest] 16836  - [39m29/05/2026 20:22:17 [32m    LOG[39m [38;5;3m[RouterExplorer] [39m[32mMapped {/api/ratings/no-show/:shiftId, POST} route[39m[38;5;3m +0ms[39m
[32m[Nest] 16836  - [39m29/05/2026 20:22:17 [32m    LOG[39m [38;5;3m[RouterExplorer] [39m[32mMapped {/api/ratings/favourites, GET} route[39m[38;5;3m +0ms[39m
[32m[Nest] 16836  - [39m29/05/2026 20:22:17 [32m    LOG[39m [38;5;3m[RouterExplorer] [39m[32mMapped {/api/ratings/favourites/:workerId, POST} route[39m[38;5;3m +0ms[39m
[32m[Nest] 16836  - [39m29/05/2026 20:22:17 [32m    LOG[39m [38;5;3m[RouterExplorer] [39m[32mMapped {/api/ratings/favourites/:workerId, DELETE} route[39m[38;5;3m +1ms[39m
[32m[Nest] 16836  - [39m29/05/2026 20:22:17 [32m    LOG[39m [38;5;3m[RoutesResolver] [39m[32mShiftsController {/api/shifts}:[39m[38;5;3m +0ms[39m
[32m[Nest] 16836  - [39m29/05/2026 20:22:17 [32m    LOG[39m [38;5;3m[RouterExplorer] [39m[32mMapped {/api/shifts, POST} route[39m[38;5;3m +0ms[39m
[32m[Nest] 16836  - [39m29/05/2026 20:22:17 [32m    LOG[39m [38;5;3m[RouterExplorer] [39m[32mMapped {/api/shifts/employer/mine, GET} route[39m[38;5;3m +0ms[39m
[32m[Nest] 16836  - [39m29/05/2026 20:22:17 [32m    LOG[39m [38;5;3m[RouterExplorer] [39m[32mMapped {/api/shifts/employer/workers, GET} route[39m[38;5;3m +1ms[39m
[32m[Nest] 16836  - [39m29/05/2026 20:22:17 [32m    LOG[39m [38;5;3m[RouterExplorer] [39m[32mMapped {/api/shifts/:id, PATCH} route[39m[38;5;3m +0ms[39m
[32m[Nest] 16836  - [39m29/05/2026 20:22:17 [32m    LOG[39m [38;5;3m[RouterExplorer] [39m[32mMapped {/api/shifts/:id/cancel, POST} route[39m[38;5;3m +1ms[39m
[32m[Nest] 16836  - [39m29/05/2026 20:22:17 [32m    LOG[39m [38;5;3m[RouterExplorer] [39m[32mMapped {/api/shifts/:id/applications, GET} route[39m[38;5;3m +0ms[39m
[32m[Nest] 16836  - [39m29/05/2026 20:22:17 [32m    LOG[39m [38;5;3m[RouterExplorer] [39m[32mMapped {/api/shifts/:id/applications/:appId/approve, POST} route[39m[38;5;3m +0ms[39m
[32m[Nest] 16836  - [39m29/05/2026 20:22:17 [32m    LOG[39m [38;5;3m[RouterExplorer] [39m[32mMapped {/api/shifts/search, GET} route[39m[38;5;3m +0ms[39m
[32m[Nest] 16836  - [39m29/05/2026 20:22:17 [32m    LOG[39m [38;5;3m[RouterExplorer] [39m[32mMapped {/api/shifts/:id/apply, POST} route[39m[38;5;3m +1ms[39m
[32m[Nest] 16836  - [39m29/05/2026 20:22:17 [32m    LOG[39m [38;5;3m[RouterExplorer] [39m[32mMapped {/api/shifts/worker/applied, GET} route[39m[38;5;3m +0ms[39m
[32m[Nest] 16836  - [39m29/05/2026 20:22:17 [32m    LOG[39m [38;5;3m[RouterExplorer] [39m[32mMapped {/api/shifts/:id, GET} route[39m[38;5;3m +0ms[39m
[32m[Nest] 16836  - [39m29/05/2026 20:22:17 [32m    LOG[39m [38;5;3m[RoutesResolver] [39m[32mAdminController {/api/admin}:[39m[38;5;3m +0ms[39m
[32m[Nest] 16836  - [39m29/05/2026 20:22:17 [32m    LOG[39m [38;5;3m[RouterExplorer] [39m[32mMapped {/api/admin/workers/pending, GET} route[39m[38;5;3m +1ms[39m
[32m[Nest] 16836  - [39m29/05/2026 20:22:17 [32m    LOG[39m [38;5;3m[RouterExplorer] [39m[32mMapped {/api/admin/workers/:id/approve, POST} route[39m[38;5;3m +0ms[39m
[32m[Nest] 16836  - [39m29/05/2026 20:22:17 [32m    LOG[39m [38;5;3m[RouterExplorer] [39m[32mMapped {/api/admin/workers/:id/reject, POST} route[39m[38;5;3m +0ms[39m
[32m[Nest] 16836  - [39m29/05/2026 20:22:17 [32m    LOG[39m [38;5;3m[RedisService] [39m[32mRedis client initialized[39m
IMPORTANT! Eviction policy is allkeys-lru. It should be "noeviction"
IMPORTANT! Eviction policy is allkeys-lru. It should be "noeviction"
IMPORTANT! Eviction policy is allkeys-lru. It should be "noeviction"
IMPORTANT! Eviction policy is allkeys-lru. It should be "noeviction"
IMPORTANT! Eviction policy is allkeys-lru. It should be "noeviction"
IMPORTANT! Eviction policy is allkeys-lru. It should be "noeviction"
IMPORTANT! Eviction policy is allkeys-lru. It should be "noeviction"
IMPORTANT! Eviction policy is allkeys-lru. It should be "noeviction"
IMPORTANT! Eviction policy is allkeys-lru. It should be "noeviction"
IMPORTANT! Eviction policy is allkeys-lru. It should be "noeviction"
IMPORTANT! Eviction policy is allkeys-lru. It should be "noeviction"
[32m[Nest] 16836  - [39m29/05/2026 20:22:17 [32m    LOG[39m [38;5;3m[QuarterlySsSchedulerService] [39m[32m[SS Scheduler] Quarterly SS reminder cron registered: 0 9 1 3,6,9,12 *[39m
[32m[Nest] 16836  - [39m29/05/2026 20:22:17 [32m    LOG[39m [38;5;3m[NestApplication] [39m[32mNest application successfully started[39m[38;5;3m +2ms[39m
[32m[Nest] 16836  - [39m29/05/2026 20:22:17 [32m    LOG[39m [38;5;3m[Bootstrap] [39m[32m🚀 Turnos API running at http://localhost:3001/api[39m
[32m[Nest] 16836  - [39m29/05/2026 20:22:17 [32m    LOG[39m [38;5;3m[Bootstrap] [39m[32m🏥 Health check: http://localhost:3001/api/health[39m
[32m[Nest] 16836  - [39m29/05/2026 20:22:17 [32m    LOG[39m [38;5;3m[Bootstrap] [39m[32m📦 Environment: development[39m
[2J[3J[H[[90m20:27:44[0m] File change detected. Starting incremental compilation...

[[90m20:27:45[0m] Found 0 errors. Watching for file changes.

[32m[Nest] 28172  - [39m29/05/2026 20:27:53 [32m    LOG[39m [38;5;3m[NestFactory] [39m[32mStarting Nest application...[39m
[32m[Nest] 28172  - [39m29/05/2026 20:27:53 [32m    LOG[39m [38;5;3m[InstanceLoader] [39m[32mTypeOrmModule dependencies initialized[39m[38;5;3m +42ms[39m
[32m[Nest] 28172  - [39m29/05/2026 20:27:53 [32m    LOG[39m [38;5;3m[InstanceLoader] [39m[32mPassportModule dependencies initialized[39m[38;5;3m +1ms[39m
[32m[Nest] 28172  - [39m29/05/2026 20:27:53 [32m    LOG[39m [38;5;3m[InstanceLoader] [39m[32mMulterModule dependencies initialized[39m[38;5;3m +0ms[39m
[32m[Nest] 28172  - [39m29/05/2026 20:27:53 [32m    LOG[39m [38;5;3m[InstanceLoader] [39m[32mThrottlerModule dependencies initialized[39m[38;5;3m +0ms[39m
[32m[Nest] 28172  - [39m29/05/2026 20:27:53 [32m    LOG[39m [38;5;3m[InstanceLoader] [39m[32mJwtModule dependencies initialized[39m[38;5;3m +0ms[39m
[32m[Nest] 28172  - [39m29/05/2026 20:27:53 [32m    LOG[39m [38;5;3m[InstanceLoader] [39m[32mConfigHostModule dependencies initialized[39m[38;5;3m +1ms[39m
[32m[Nest] 28172  - [39m29/05/2026 20:27:53 [32m    LOG[39m [38;5;3m[InstanceLoader] [39m[32mDiscoveryModule dependencies initialized[39m[38;5;3m +0ms[39m
[32m[Nest] 28172  - [39m29/05/2026 20:27:53 [32m    LOG[39m [38;5;3m[InstanceLoader] [39m[32mServeStaticModule dependencies initialized[39m[38;5;3m +1ms[39m
[32m[Nest] 28172  - [39m29/05/2026 20:27:53 [32m    LOG[39m [38;5;3m[InstanceLoader] [39m[32mConfigModule dependencies initialized[39m[38;5;3m +0ms[39m
[32m[Nest] 28172  - [39m29/05/2026 20:27:53 [32m    LOG[39m [38;5;3m[InstanceLoader] [39m[32mConfigModule dependencies initialized[39m[38;5;3m +0ms[39m
[33m[Nest] 28172  - [39m29/05/2026 20:27:53 [33m   WARN[39m [38;5;3m[MailService] [39m[33mMAIL_HOST/MAIL_USER not set — emails will be logged to console only[39m
[33m[Nest] 28172  - [39m29/05/2026 20:27:53 [33m   WARN[39m [38;5;3m[StorageService] [39m[33mR2 credentials absent — using local disk storage[39m
[32m[Nest] 28172  - [39m29/05/2026 20:27:53 [32m    LOG[39m [38;5;3m[InstanceLoader] [39m[32mHealthModule dependencies initialized[39m[38;5;3m +1ms[39m
[32m[Nest] 28172  - [39m29/05/2026 20:27:53 [32m    LOG[39m [38;5;3m[InstanceLoader] [39m[32mAppModule dependencies initialized[39m[38;5;3m +0ms[39m
[32m[Nest] 28172  - [39m29/05/2026 20:27:54 [32m    LOG[39m [38;5;3m[InstanceLoader] [39m[32mBullModule dependencies initialized[39m[38;5;3m +100ms[39m
[32m[Nest] 28172  - [39m29/05/2026 20:27:54 [32m    LOG[39m [38;5;3m[InstanceLoader] [39m[32mBullModule dependencies initialized[39m[38;5;3m +0ms[39m
[32m[Nest] 28172  - [39m29/05/2026 20:27:54 [32m    LOG[39m [38;5;3m[InstanceLoader] [39m[32mRedisModule dependencies initialized[39m[38;5;3m +13ms[39m
[32m[Nest] 28172  - [39m29/05/2026 20:27:54 [32m    LOG[39m [38;5;3m[InstanceLoader] [39m[32mMailModule dependencies initialized[39m[38;5;3m +0ms[39m
[32m[Nest] 28172  - [39m29/05/2026 20:27:54 [32m    LOG[39m [38;5;3m[InstanceLoader] [39m[32mStorageModule dependencies initialized[39m[38;5;3m +0ms[39m
[32m[Nest] 28172  - [39m29/05/2026 20:27:54 [32m    LOG[39m [38;5;3m[InstanceLoader] [39m[32mJwtModule dependencies initialized[39m[38;5;3m +1ms[39m
[32m[Nest] 28172  - [39m29/05/2026 20:27:54 [32m    LOG[39m [38;5;3m[InstanceLoader] [39m[32mBullModule dependencies initialized[39m[38;5;3m +5ms[39m
[32m[Nest] 28172  - [39m29/05/2026 20:27:54 [32m    LOG[39m [38;5;3m[InstanceLoader] [39m[32mBullModule dependencies initialized[39m[38;5;3m +0ms[39m
[32m[Nest] 28172  - [39m29/05/2026 20:27:54 [32m    LOG[39m [38;5;3m[InstanceLoader] [39m[32mBullModule dependencies initialized[39m[38;5;3m +0ms[39m
[32m[Nest] 28172  - [39m29/05/2026 20:27:54 [32m    LOG[39m [38;5;3m[InstanceLoader] [39m[32mBullModule dependencies initialized[39m[38;5;3m +0ms[39m
[32m[Nest] 28172  - [39m29/05/2026 20:27:54 [32m    LOG[39m [38;5;3m[InstanceLoader] [39m[32mBullModule dependencies initialized[39m[38;5;3m +1ms[39m
[32m[Nest] 28172  - [39m29/05/2026 20:27:54 [32m    LOG[39m [38;5;3m[InstanceLoader] [39m[32mBullModule dependencies initialized[39m[38;5;3m +0ms[39m
IMPORTANT! Eviction policy is allkeys-lru. It should be "noeviction"
IMPORTANT! Eviction policy is allkeys-lru. It should be "noeviction"
IMPORTANT! Eviction policy is allkeys-lru. It should be "noeviction"
IMPORTANT! Eviction policy is allkeys-lru. It should be "noeviction"
IMPORTANT! Eviction policy is allkeys-lru. It should be "noeviction"
IMPORTANT! Eviction policy is allkeys-lru. It should be "noeviction"
(node:28172) DeprecationWarning: Calling client.query() when the client is already executing a query is deprecated and will be removed in pg@9.0. Use async/await or an external async flow control mechanism instead.
(Use `node --trace-deprecation ...` to show where the warning was created)
[32m[Nest] 28172  - [39m29/05/2026 20:27:54 [32m    LOG[39m [38;5;3m[InstanceLoader] [39m[32mTypeOrmCoreModule dependencies initialized[39m[38;5;3m +406ms[39m
[32m[Nest] 28172  - [39m29/05/2026 20:27:54 [32m    LOG[39m [38;5;3m[InstanceLoader] [39m[32mTypeOrmModule dependencies initialized[39m[38;5;3m +1ms[39m
[32m[Nest] 28172  - [39m29/05/2026 20:27:54 [32m    LOG[39m [38;5;3m[InstanceLoader] [39m[32mTypeOrmModule dependencies initialized[39m[38;5;3m +0ms[39m
[32m[Nest] 28172  - [39m29/05/2026 20:27:54 [32m    LOG[39m [38;5;3m[InstanceLoader] [39m[32mTypeOrmModule dependencies initialized[39m[38;5;3m +0ms[39m
[32m[Nest] 28172  - [39m29/05/2026 20:27:54 [32m    LOG[39m [38;5;3m[InstanceLoader] [39m[32mTypeOrmModule dependencies initialized[39m[38;5;3m +0ms[39m
[32m[Nest] 28172  - [39m29/05/2026 20:27:54 [32m    LOG[39m [38;5;3m[InstanceLoader] [39m[32mTypeOrmModule dependencies initialized[39m[38;5;3m +0ms[39m
[32m[Nest] 28172  - [39m29/05/2026 20:27:54 [32m    LOG[39m [38;5;3m[InstanceLoader] [39m[32mTypeOrmModule dependencies initialized[39m[38;5;3m +0ms[39m
[32m[Nest] 28172  - [39m29/05/2026 20:27:54 [32m    LOG[39m [38;5;3m[InstanceLoader] [39m[32mTypeOrmModule dependencies initialized[39m[38;5;3m +0ms[39m
[32m[Nest] 28172  - [39m29/05/2026 20:27:54 [32m    LOG[39m [38;5;3m[InstanceLoader] [39m[32mTypeOrmModule dependencies initialized[39m[38;5;3m +0ms[39m
[32m[Nest] 28172  - [39m29/05/2026 20:27:54 [32m    LOG[39m [38;5;3m[InstanceLoader] [39m[32mUsersModule dependencies initialized[39m[38;5;3m +5ms[39m
[32m[Nest] 28172  - [39m29/05/2026 20:27:54 [32m    LOG[39m [38;5;3m[InstanceLoader] [39m[32mGatewayModule dependencies initialized[39m[38;5;3m +0ms[39m
[33m[Nest] 28172  - [39m29/05/2026 20:27:54 [33m   WARN[39m [38;5;3m[AuthService] [39m[33mTwilio credentials absent — using Mock OTP (code: 123456)[39m
[32m[Nest] 28172  - [39m29/05/2026 20:27:54 [32m    LOG[39m [38;5;3m[InstanceLoader] [39m[32mNotificationsModule dependencies initialized[39m[38;5;3m +0ms[39m
[32m[Nest] 28172  - [39m29/05/2026 20:27:54 [32m    LOG[39m [38;5;3m[InstanceLoader] [39m[32mAdminModule dependencies initialized[39m[38;5;3m +0ms[39m
[32m[Nest] 28172  - [39m29/05/2026 20:27:54 [32m    LOG[39m [38;5;3m[InstanceLoader] [39m[32mPaymentsModule dependencies initialized[39m[38;5;3m +1ms[39m
[32m[Nest] 28172  - [39m29/05/2026 20:27:54 [32m    LOG[39m [38;5;3m[InstanceLoader] [39m[32mRatingsModule dependencies initialized[39m[38;5;3m +1ms[39m
[32m[Nest] 28172  - [39m29/05/2026 20:27:54 [32m    LOG[39m [38;5;3m[InstanceLoader] [39m[32mComplianceModule dependencies initialized[39m[38;5;3m +0ms[39m
[32m[Nest] 28172  - [39m29/05/2026 20:27:54 [32m    LOG[39m [38;5;3m[InstanceLoader] [39m[32mAuthModule dependencies initialized[39m[38;5;3m +0ms[39m
[32m[Nest] 28172  - [39m29/05/2026 20:27:54 [32m    LOG[39m [38;5;3m[InstanceLoader] [39m[32mAttendanceModule dependencies initialized[39m[38;5;3m +0ms[39m
[32m[Nest] 28172  - [39m29/05/2026 20:27:54 [32m    LOG[39m [38;5;3m[InstanceLoader] [39m[32mShiftsModule dependencies initialized[39m[38;5;3m +0ms[39m
[32m[Nest] 28172  - [39m29/05/2026 20:27:55 [32m    LOG[39m [38;5;3m[RoutesResolver] [39m[32mAppController {/api}:[39m[38;5;3m +962ms[39m
[32m[Nest] 28172  - [39m29/05/2026 20:27:55 [32m    LOG[39m [38;5;3m[RouterExplorer] [39m[32mMapped {/api, GET} route[39m[38;5;3m +3ms[39m
[32m[Nest] 28172  - [39m29/05/2026 20:27:55 [32m    LOG[39m [38;5;3m[RoutesResolver] [39m[32mHealthController {/api/health}:[39m[38;5;3m +0ms[39m
[32m[Nest] 28172  - [39m29/05/2026 20:27:55 [32m    LOG[39m [38;5;3m[RouterExplorer] [39m[32mMapped {/api/health, GET} route[39m[38;5;3m +1ms[39m
[32m[Nest] 28172  - [39m29/05/2026 20:27:55 [32m    LOG[39m [38;5;3m[RoutesResolver] [39m[32mAuthController {/api/auth}:[39m[38;5;3m +0ms[39m
[32m[Nest] 28172  - [39m29/05/2026 20:27:55 [32m    LOG[39m [38;5;3m[RouterExplorer] [39m[32mMapped {/api/auth/send-otp, POST} route[39m[38;5;3m +1ms[39m
[32m[Nest] 28172  - [39m29/05/2026 20:27:55 [32m    LOG[39m [38;5;3m[RouterExplorer] [39m[32mMapped {/api/auth/verify-otp, POST} route[39m[38;5;3m +1ms[39m
[32m[Nest] 28172  - [39m29/05/2026 20:27:55 [32m    LOG[39m [38;5;3m[RouterExplorer] [39m[32mMapped {/api/auth/register/employer, POST} route[39m[38;5;3m +0ms[39m
[32m[Nest] 28172  - [39m29/05/2026 20:27:55 [32m    LOG[39m [38;5;3m[RouterExplorer] [39m[32mMapped {/api/auth/login/employer, POST} route[39m[38;5;3m +1ms[39m
[32m[Nest] 28172  - [39m29/05/2026 20:27:55 [32m    LOG[39m [38;5;3m[RouterExplorer] [39m[32mMapped {/api/auth/verify-email/:token, GET} route[39m[38;5;3m +0ms[39m
[32m[Nest] 28172  - [39m29/05/2026 20:27:55 [32m    LOG[39m [38;5;3m[RouterExplorer] [39m[32mMapped {/api/auth/google/verify-token, POST} route[39m[38;5;3m +1ms[39m
[32m[Nest] 28172  - [39m29/05/2026 20:27:55 [32m    LOG[39m [38;5;3m[RouterExplorer] [39m[32mMapped {/api/auth/refresh, POST} route[39m[38;5;3m +0ms[39m
[32m[Nest] 28172  - [39m29/05/2026 20:27:55 [32m    LOG[39m [38;5;3m[RouterExplorer] [39m[32mMapped {/api/auth/logout, POST} route[39m[38;5;3m +1ms[39m
[32m[Nest] 28172  - [39m29/05/2026 20:27:55 [32m    LOG[39m [38;5;3m[RouterExplorer] [39m[32mMapped {/api/auth/worker/profile, POST} route[39m[38;5;3m +1ms[39m
[32m[Nest] 28172  - [39m29/05/2026 20:27:55 [32m    LOG[39m [38;5;3m[RouterExplorer] [39m[32mMapped {/api/auth/worker/photo, POST} route[39m[38;5;3m +1ms[39m
[32m[Nest] 28172  - [39m29/05/2026 20:27:55 [32m    LOG[39m [38;5;3m[RouterExplorer] [39m[32mMapped {/api/auth/me, GET} route[39m[38;5;3m +1ms[39m
[32m[Nest] 28172  - [39m29/05/2026 20:27:55 [32m    LOG[39m [38;5;3m[RouterExplorer] [39m[32mMapped {/api/auth/worker/push-token, POST} route[39m[38;5;3m +0ms[39m
[32m[Nest] 28172  - [39m29/05/2026 20:27:55 [32m    LOG[39m [38;5;3m[RoutesResolver] [39m[32mComplianceController {/api/compliance}:[39m[38;5;3m +0ms[39m
[32m[Nest] 28172  - [39m29/05/2026 20:27:55 [32m    LOG[39m [38;5;3m[RouterExplorer] [39m[32mMapped {/api/compliance/employer/tsu-report, GET} route[39m[38;5;3m +1ms[39m
[32m[Nest] 28172  - [39m29/05/2026 20:27:55 [32m    LOG[39m [38;5;3m[RouterExplorer] [39m[32mMapped {/api/compliance/employer/mcd-contracts, GET} route[39m[38;5;3m +0ms[39m
[32m[Nest] 28172  - [39m29/05/2026 20:27:55 [32m    LOG[39m [38;5;3m[RouterExplorer] [39m[32mMapped {/api/compliance/employer/audit-log, GET} route[39m[38;5;3m +0ms[39m
[32m[Nest] 28172  - [39m29/05/2026 20:27:55 [32m    LOG[39m [38;5;3m[RouterExplorer] [39m[32mMapped {/api/compliance/worker/dependency, GET} route[39m[38;5;3m +0ms[39m
[32m[Nest] 28172  - [39m29/05/2026 20:27:55 [32m    LOG[39m [38;5;3m[RouterExplorer] [39m[32mMapped {/api/compliance/worker/external-income, PATCH} route[39m[38;5;3m +2ms[39m
[32m[Nest] 28172  - [39m29/05/2026 20:27:55 [32m    LOG[39m [38;5;3m[RoutesResolver] [39m[32mAttendanceController {/api/attendance}:[39m[38;5;3m +0ms[39m
[32m[Nest] 28172  - [39m29/05/2026 20:27:55 [32m    LOG[39m [38;5;3m[RouterExplorer] [39m[32mMapped {/api/attendance/employer-qr, GET} route[39m[38;5;3m +1ms[39m
[32m[Nest] 28172  - [39m29/05/2026 20:27:55 [32m    LOG[39m [38;5;3m[RouterExplorer] [39m[32mMapped {/api/attendance/:shiftId/manual-confirm, POST} route[39m[38;5;3m +1ms[39m
[32m[Nest] 28172  - [39m29/05/2026 20:27:55 [32m    LOG[39m [38;5;3m[RouterExplorer] [39m[32mMapped {/api/attendance/:shiftId/dispute/employer, POST} route[39m[38;5;3m +1ms[39m
[32m[Nest] 28172  - [39m29/05/2026 20:27:55 [32m    LOG[39m [38;5;3m[RouterExplorer] [39m[32mMapped {/api/attendance/check-in, POST} route[39m[38;5;3m +0ms[39m
[32m[Nest] 28172  - [39m29/05/2026 20:27:55 [32m    LOG[39m [38;5;3m[RouterExplorer] [39m[32mMapped {/api/attendance/check-out, POST} route[39m[38;5;3m +1ms[39m
[32m[Nest] 28172  - [39m29/05/2026 20:27:55 [32m    LOG[39m [38;5;3m[RouterExplorer] [39m[32mMapped {/api/attendance/:shiftId/dispute/worker, POST} route[39m[38;5;3m +0ms[39m
[32m[Nest] 28172  - [39m29/05/2026 20:27:55 [32m    LOG[39m [38;5;3m[RouterExplorer] [39m[32mMapped {/api/attendance/:shiftId, GET} route[39m[38;5;3m +0ms[39m
[32m[Nest] 28172  - [39m29/05/2026 20:27:55 [32m    LOG[39m [38;5;3m[RoutesResolver] [39m[32mPaymentsController {/api/payments}:[39m[38;5;3m +1ms[39m
[32m[Nest] 28172  - [39m29/05/2026 20:27:55 [32m    LOG[39m [38;5;3m[RouterExplorer] [39m[32mMapped {/api/payments/employer/setup-intent, POST} route[39m[38;5;3m +0ms[39m
[32m[Nest] 28172  - [39m29/05/2026 20:27:55 [32m    LOG[39m [38;5;3m[RouterExplorer] [39m[32mMapped {/api/payments/employer/save-payment-method, POST} route[39m[38;5;3m +0ms[39m
[32m[Nest] 28172  - [39m29/05/2026 20:27:55 [32m    LOG[39m [38;5;3m[RouterExplorer] [39m[32mMapped {/api/payments/employer/subscribe, POST} route[39m[38;5;3m +1ms[39m
[32m[Nest] 28172  - [39m29/05/2026 20:27:55 [32m    LOG[39m [38;5;3m[RouterExplorer] [39m[32mMapped {/api/payments/employer/cancel-subscription, POST} route[39m[38;5;3m +0ms[39m
[32m[Nest] 28172  - [39m29/05/2026 20:27:55 [32m    LOG[39m [38;5;3m[RouterExplorer] [39m[32mMapped {/api/payments/employer/spending, GET} route[39m[38;5;3m +0ms[39m
[32m[Nest] 28172  - [39m29/05/2026 20:27:55 [32m    LOG[39m [38;5;3m[RouterExplorer] [39m[32mMapped {/api/payments/worker/connect, POST} route[39m[38;5;3m +0ms[39m
[32m[Nest] 28172  - [39m29/05/2026 20:27:55 [32m    LOG[39m [38;5;3m[RouterExplorer] [39m[32mMapped {/api/payments/worker/dashboard-link, GET} route[39m[38;5;3m +0ms[39m
[32m[Nest] 28172  - [39m29/05/2026 20:27:55 [32m    LOG[39m [38;5;3m[RouterExplorer] [39m[32mMapped {/api/payments/worker/earnings, GET} route[39m[38;5;3m +0ms[39m
[32m[Nest] 28172  - [39m29/05/2026 20:27:55 [32m    LOG[39m [38;5;3m[RouterExplorer] [39m[32mMapped {/api/payments/webhook, POST} route[39m[38;5;3m +1ms[39m
[32m[Nest] 28172  - [39m29/05/2026 20:27:55 [32m    LOG[39m [38;5;3m[RoutesResolver] [39m[32mRatingsController {/api/ratings}:[39m[38;5;3m +0ms[39m
[32m[Nest] 28172  - [39m29/05/2026 20:27:55 [32m    LOG[39m [38;5;3m[RouterExplorer] [39m[32mMapped {/api/ratings, POST} route[39m[38;5;3m +1ms[39m
[32m[Nest] 28172  - [39m29/05/2026 20:27:55 [32m    LOG[39m [38;5;3m[RouterExplorer] [39m[32mMapped {/api/ratings/worker/:id, GET} route[39m[38;5;3m +0ms[39m
[32m[Nest] 28172  - [39m29/05/2026 20:27:55 [32m    LOG[39m [38;5;3m[RouterExplorer] [39m[32mMapped {/api/ratings/shift/:shiftId/mine, GET} route[39m[38;5;3m +0ms[39m
[32m[Nest] 28172  - [39m29/05/2026 20:27:55 [32m    LOG[39m [38;5;3m[RouterExplorer] [39m[32mMapped {/api/ratings/no-show/:shiftId, POST} route[39m[38;5;3m +0ms[39m
[32m[Nest] 28172  - [39m29/05/2026 20:27:55 [32m    LOG[39m [38;5;3m[RouterExplorer] [39m[32mMapped {/api/ratings/favourites, GET} route[39m[38;5;3m +0ms[39m
[32m[Nest] 28172  - [39m29/05/2026 20:27:55 [32m    LOG[39m [38;5;3m[RouterExplorer] [39m[32mMapped {/api/ratings/favourites/:workerId, POST} route[39m[38;5;3m +1ms[39m
[32m[Nest] 28172  - [39m29/05/2026 20:27:55 [32m    LOG[39m [38;5;3m[RouterExplorer] [39m[32mMapped {/api/ratings/favourites/:workerId, DELETE} route[39m[38;5;3m +0ms[39m
[32m[Nest] 28172  - [39m29/05/2026 20:27:55 [32m    LOG[39m [38;5;3m[RoutesResolver] [39m[32mShiftsController {/api/shifts}:[39m[38;5;3m +0ms[39m
[32m[Nest] 28172  - [39m29/05/2026 20:27:55 [32m    LOG[39m [38;5;3m[RouterExplorer] [39m[32mMapped {/api/shifts, POST} route[39m[38;5;3m +1ms[39m
[32m[Nest] 28172  - [39m29/05/2026 20:27:55 [32m    LOG[39m [38;5;3m[RouterExplorer] [39m[32mMapped {/api/shifts/employer/mine, GET} route[39m[38;5;3m +2ms[39m
[32m[Nest] 28172  - [39m29/05/2026 20:27:55 [32m    LOG[39m [38;5;3m[RouterExplorer] [39m[32mMapped {/api/shifts/employer/workers, GET} route[39m[38;5;3m +0ms[39m
[32m[Nest] 28172  - [39m29/05/2026 20:27:55 [32m    LOG[39m [38;5;3m[RouterExplorer] [39m[32mMapped {/api/shifts/:id, PATCH} route[39m[38;5;3m +0ms[39m
[32m[Nest] 28172  - [39m29/05/2026 20:27:55 [32m    LOG[39m [38;5;3m[RouterExplorer] [39m[32mMapped {/api/shifts/:id/cancel, POST} route[39m[38;5;3m +0ms[39m
[32m[Nest] 28172  - [39m29/05/2026 20:27:55 [32m    LOG[39m [38;5;3m[RouterExplorer] [39m[32mMapped {/api/shifts/:id/applications, GET} route[39m[38;5;3m +0ms[39m
[32m[Nest] 28172  - [39m29/05/2026 20:27:55 [32m    LOG[39m [38;5;3m[RouterExplorer] [39m[32mMapped {/api/shifts/:id/applications/:appId/approve, POST} route[39m[38;5;3m +0ms[39m
[32m[Nest] 28172  - [39m29/05/2026 20:27:55 [32m    LOG[39m [38;5;3m[RouterExplorer] [39m[32mMapped {/api/shifts/search, GET} route[39m[38;5;3m +1ms[39m
[32m[Nest] 28172  - [39m29/05/2026 20:27:55 [32m    LOG[39m [38;5;3m[RouterExplorer] [39m[32mMapped {/api/shifts/:id/apply, POST} route[39m[38;5;3m +0ms[39m
[32m[Nest] 28172  - [39m29/05/2026 20:27:55 [32m    LOG[39m [38;5;3m[RouterExplorer] [39m[32mMapped {/api/shifts/worker/applied, GET} route[39m[38;5;3m +0ms[39m
[32m[Nest] 28172  - [39m29/05/2026 20:27:55 [32m    LOG[39m [38;5;3m[RouterExplorer] [39m[32mMapped {/api/shifts/:id, GET} route[39m[38;5;3m +0ms[39m
[32m[Nest] 28172  - [39m29/05/2026 20:27:55 [32m    LOG[39m [38;5;3m[RoutesResolver] [39m[32mAdminController {/api/admin}:[39m[38;5;3m +1ms[39m
[32m[Nest] 28172  - [39m29/05/2026 20:27:55 [32m    LOG[39m [38;5;3m[RouterExplorer] [39m[32mMapped {/api/admin/workers/pending, GET} route[39m[38;5;3m +0ms[39m
[32m[Nest] 28172  - [39m29/05/2026 20:27:55 [32m    LOG[39m [38;5;3m[RouterExplorer] [39m[32mMapped {/api/admin/workers/:id/approve, POST} route[39m[38;5;3m +1ms[39m
[32m[Nest] 28172  - [39m29/05/2026 20:27:55 [32m    LOG[39m [38;5;3m[RouterExplorer] [39m[32mMapped {/api/admin/workers/:id/reject, POST} route[39m[38;5;3m +0ms[39m
[32m[Nest] 28172  - [39m29/05/2026 20:27:55 [32m    LOG[39m [38;5;3m[RedisService] [39m[32mRedis client initialized[39m
IMPORTANT! Eviction policy is allkeys-lru. It should be "noeviction"
IMPORTANT! Eviction policy is allkeys-lru. It should be "noeviction"
IMPORTANT! Eviction policy is allkeys-lru. It should be "noeviction"
IMPORTANT! Eviction policy is allkeys-lru. It should be "noeviction"
IMPORTANT! Eviction policy is allkeys-lru. It should be "noeviction"
IMPORTANT! Eviction policy is allkeys-lru. It should be "noeviction"
IMPORTANT! Eviction policy is allkeys-lru. It should be "noeviction"
IMPORTANT! Eviction policy is allkeys-lru. It should be "noeviction"
IMPORTANT! Eviction policy is allkeys-lru. It should be "noeviction"
IMPORTANT! Eviction policy is allkeys-lru. It should be "noeviction"
IMPORTANT! Eviction policy is allkeys-lru. It should be "noeviction"
[32m[Nest] 28172  - [39m29/05/2026 20:27:55 [32m    LOG[39m [38;5;3m[QuarterlySsSchedulerService] [39m[32m[SS Scheduler] Quarterly SS reminder cron registered: 0 9 1 3,6,9,12 *[39m
[32m[Nest] 28172  - [39m29/05/2026 20:27:55 [32m    LOG[39m [38;5;3m[NestApplication] [39m[32mNest application successfully started[39m[38;5;3m +2ms[39m
[32m[Nest] 28172  - [39m29/05/2026 20:27:55 [32m    LOG[39m [38;5;3m[Bootstrap] [39m[32m🚀 Turnos API running at http://localhost:3001/api[39m
[32m[Nest] 28172  - [39m29/05/2026 20:27:55 [32m    LOG[39m [38;5;3m[Bootstrap] [39m[32m🏥 Health check: http://localhost:3001/api/health[39m
[32m[Nest] 28172  - [39m29/05/2026 20:27:55 [32m    LOG[39m [38;5;3m[Bootstrap] [39m[32m📦 Environment: development[39m
[32m[Nest] 28172  - [39m29/05/2026 20:34:15 [32m    LOG[39m [38;5;3m[ShiftsGateway] [39m[32mEmployer 273d01e9-3077-4838-b59d-913a597cde87 joined WS room[39m
[32m[Nest] 28172  - [39m29/05/2026 20:34:46 [32m    LOG[39m [38;5;3m[AttendanceService] [39m[32m[Attendance] Static QR requested for employer 273d01e9-3077-4838-b59d-913a597cde87[39m
[32m[Nest] 28172  - [39m29/05/2026 20:34:46 [32m    LOG[39m [38;5;3m[AttendanceService] [39m[32m[Attendance] Static QR requested for employer 273d01e9-3077-4838-b59d-913a597cde87[39m
[32m[Nest] 28172  - [39m29/05/2026 20:37:44 [32m    LOG[39m [38;5;3m[PaymentsService] [39m[32m[Payments] Stripe customer created for employer 273d01e9-3077-4838-b59d-913a597cde87: cus_UbijcKR0Wz421G[39m
[32m[Nest] 28172  - [39m29/05/2026 20:37:44 [32m    LOG[39m [38;5;3m[PaymentsService] [39m[32m[Payments] Webhook received: customer.created[39m
[95m[Nest] 28172  - [39m29/05/2026 20:37:44 [95m  DEBUG[39m [38;5;3m[PaymentsService] [39m[95m[Payments] Unhandled webhook event: customer.created[39m
[32m[Nest] 28172  - [39m29/05/2026 20:37:44 [32m    LOG[39m [38;5;3m[PaymentsService] [39m[32m[Payments] Webhook received: customer.created[39m
[95m[Nest] 28172  - [39m29/05/2026 20:37:44 [95m  DEBUG[39m [38;5;3m[PaymentsService] [39m[95m[Payments] Unhandled webhook event: customer.created[39m
[95m[Nest] 28172  - [39m29/05/2026 20:50:23 [95m  DEBUG[39m [38;5;3m[ShiftsGateway] [39m[95mClient rX7_Tg2UR55ThyuIAAAC disconnected[39m
[32m[Nest] 28172  - [39m29/05/2026 20:50:26 [32m    LOG[39m [38;5;3m[ShiftsGateway] [39m[32mEmployer 273d01e9-3077-4838-b59d-913a597cde87 joined WS room[39m
[95m[Nest] 28172  - [39m29/05/2026 20:59:26 [95m  DEBUG[39m [38;5;3m[ShiftsGateway] [39m[95mClient Dzy_dYR_t_MulDtjAAAF disconnected[39m
[32m[Nest] 28172  - [39m29/05/2026 20:59:27 [32m    LOG[39m [38;5;3m[ShiftsGateway] [39m[32mEmployer 273d01e9-3077-4838-b59d-913a597cde87 joined WS room[39m
[95m[Nest] 28172  - [39m29/05/2026 20:59:46 [95m  DEBUG[39m [38;5;3m[ShiftsGateway] [39m[95mClient Le8Bd5z2eZytrqhdAAAH disconnected[39m
[95m[Nest] 28172  - [39m29/05/2026 21:00:56 [95m  DEBUG[39m [38;5;3m[ShiftsGateway] [39m[95mClient oEZUrtbGNwy0QJM2AAAK disconnected[39m
[32m[Nest] 28172  - [39m29/05/2026 21:00:59 [32m    LOG[39m [38;5;3m[ShiftsGateway] [39m[32mEmployer 273d01e9-3077-4838-b59d-913a597cde87 joined WS room[39m
[32m[Nest] 28172  - [39m29/05/2026 21:01:09 [32m    LOG[39m [38;5;3m[RatingsService] [39m[32m[Ratings] Employer 273d01e9-3077-4838-b59d-913a597cde87 rated worker a753c410-c9e2-4033-bed6-c58d1f9a81b3 → 5★ (shift f7c324ea-2487-4058-b7d7-2c382524ff96)[39m
[33m[Nest] 28172  - [39m29/05/2026 21:01:09 [33m   WARN[39m [38;5;3m[RatingsService] [39m[33m[Ratings] Reputation recalc failed for worker a753c410-c9e2-4033-bed6-c58d1f9a81b3: Cannot read properties of undefined (reading 'TOP_RATED_MIN_AVG')[39m
[32m[Nest] 28172  - [39m29/05/2026 21:01:20 [32m    LOG[39m [38;5;3m[RatingsService] [39m[32m[Ratings] Employer 273d01e9-3077-4838-b59d-913a597cde87 rated worker a753c410-c9e2-4033-bed6-c58d1f9a81b3 → 5★ (shift 62d60104-a975-4750-86d2-9d1b33381c42)[39m
[33m[Nest] 28172  - [39m29/05/2026 21:01:20 [33m   WARN[39m [38;5;3m[RatingsService] [39m[33m[Ratings] Reputation recalc failed for worker a753c410-c9e2-4033-bed6-c58d1f9a81b3: Cannot read properties of undefined (reading 'TOP_RATED_MIN_AVG')[39m
[2J[3J[H[[90m21:28:51[0m] File change detected. Starting incremental compilation...

[[90m21:28:52[0m] Found 0 errors. Watching for file changes.

[2J[3J[H[[90m21:28:54[0m] File change detected. Starting incremental compilation...

[[90m21:28:56[0m] Found 0 errors. Watching for file changes.

[2J[3J[H[[90m21:28:57[0m] File change detected. Starting incremental compilation...

[96msrc/auth/auth.service.ts[0m:[93m255[0m:[93m30[0m - [91merror[0m[90m TS2551: [0mProperty 'updateWorkerPartialFields' does not exist on type 'UsersService'. Did you mean 'updateWorkerProfile'?

[7m255[0m     return this.usersService.updateWorkerPartialFields(userId, dto);
[7m   [0m [91m                             ~~~~~~~~~~~~~~~~~~~~~~~~~[0m

  [96msrc/users/users.service.ts[0m:[93m104[0m:[93m9[0m
    [7m104[0m   async updateWorkerProfile(
    [7m   [0m [96m        ~~~~~~~~~~~~~~~~~~~[0m
    'updateWorkerProfile' is declared here.

[[90m21:28:59[0m] Found 1 error. Watching for file changes.

[2J[3J[H[[90m21:28:59[0m] File change detected. Starting incremental compilation...

[96msrc/auth/auth.service.ts[0m:[93m255[0m:[93m30[0m - [91merror[0m[90m TS2551: [0mProperty 'updateWorkerPartialFields' does not exist on type 'UsersService'. Did you mean 'updateWorkerProfile'?

[7m255[0m     return this.usersService.updateWorkerPartialFields(userId, dto);
[7m   [0m [91m                             ~~~~~~~~~~~~~~~~~~~~~~~~~[0m

  [96msrc/users/users.service.ts[0m:[93m104[0m:[93m9[0m
    [7m104[0m   async updateWorkerProfile(
    [7m   [0m [96m        ~~~~~~~~~~~~~~~~~~~[0m
    'updateWorkerProfile' is declared here.

[[90m21:29:01[0m] Found 1 error. Watching for file changes.

[2J[3J[H[[90m21:29:01[0m] File change detected. Starting incremental compilation...

[96msrc/auth/auth.service.ts[0m:[93m255[0m:[93m30[0m - [91merror[0m[90m TS2551: [0mProperty 'updateWorkerPartialFields' does not exist on type 'UsersService'. Did you mean 'updateWorkerProfile'?

[7m255[0m     return this.usersService.updateWorkerPartialFields(userId, dto);
[7m   [0m [91m                             ~~~~~~~~~~~~~~~~~~~~~~~~~[0m

  [96msrc/users/users.service.ts[0m:[93m104[0m:[93m9[0m
    [7m104[0m   async updateWorkerProfile(
    [7m   [0m [96m        ~~~~~~~~~~~~~~~~~~~[0m
    'updateWorkerProfile' is declared here.

[[90m21:29:02[0m] Found 1 error. Watching for file changes.

[2J[3J[H[[90m21:29:04[0m] File change detected. Starting incremental compilation...

[32m[Nest] 29556  - [39m29/05/2026 21:29:05 [32m    LOG[39m [38;5;3m[NestFactory] [39m[32mStarting Nest application...[39m
[32m[Nest] 29556  - [39m29/05/2026 21:29:05 [32m    LOG[39m [38;5;3m[InstanceLoader] [39m[32mTypeOrmModule dependencies initialized[39m[38;5;3m +39ms[39m
[32m[Nest] 29556  - [39m29/05/2026 21:29:05 [32m    LOG[39m [38;5;3m[InstanceLoader] [39m[32mPassportModule dependencies initialized[39m[38;5;3m +0ms[39m
[32m[Nest] 29556  - [39m29/05/2026 21:29:05 [32m    LOG[39m [38;5;3m[InstanceLoader] [39m[32mMulterModule dependencies initialized[39m[38;5;3m +0ms[39m
[32m[Nest] 29556  - [39m29/05/2026 21:29:05 [32m    LOG[39m [38;5;3m[InstanceLoader] [39m[32mThrottlerModule dependencies initialized[39m[38;5;3m +1ms[39m
[32m[Nest] 29556  - [39m29/05/2026 21:29:05 [32m    LOG[39m [38;5;3m[InstanceLoader] [39m[32mJwtModule dependencies initialized[39m[38;5;3m +0ms[39m
[32m[Nest] 29556  - [39m29/05/2026 21:29:05 [32m    LOG[39m [38;5;3m[InstanceLoader] [39m[32mConfigHostModule dependencies initialized[39m[38;5;3m +0ms[39m
[32m[Nest] 29556  - [39m29/05/2026 21:29:05 [32m    LOG[39m [38;5;3m[InstanceLoader] [39m[32mDiscoveryModule dependencies initialized[39m[38;5;3m +1ms[39m
[32m[Nest] 29556  - [39m29/05/2026 21:29:05 [32m    LOG[39m [38;5;3m[InstanceLoader] [39m[32mServeStaticModule dependencies initialized[39m[38;5;3m +1ms[39m
[32m[Nest] 29556  - [39m29/05/2026 21:29:05 [32m    LOG[39m [38;5;3m[InstanceLoader] [39m[32mConfigModule dependencies initialized[39m[38;5;3m +0ms[39m
[32m[Nest] 29556  - [39m29/05/2026 21:29:05 [32m    LOG[39m [38;5;3m[InstanceLoader] [39m[32mConfigModule dependencies initialized[39m[38;5;3m +0ms[39m
[33m[Nest] 29556  - [39m29/05/2026 21:29:05 [33m   WARN[39m [38;5;3m[MailService] [39m[33mMAIL_HOST/MAIL_USER not set — emails will be logged to console only[39m
[33m[Nest] 29556  - [39m29/05/2026 21:29:05 [33m   WARN[39m [38;5;3m[StorageService] [39m[33mR2 credentials absent — using local disk storage[39m
[32m[Nest] 29556  - [39m29/05/2026 21:29:05 [32m    LOG[39m [38;5;3m[InstanceLoader] [39m[32mHealthModule dependencies initialized[39m[38;5;3m +1ms[39m
[32m[Nest] 29556  - [39m29/05/2026 21:29:05 [32m    LOG[39m [38;5;3m[InstanceLoader] [39m[32mAppModule dependencies initialized[39m[38;5;3m +1ms[39m
[32m[Nest] 29556  - [39m29/05/2026 21:29:05 [32m    LOG[39m [38;5;3m[InstanceLoader] [39m[32mBullModule dependencies initialized[39m[38;5;3m +99ms[39m
[32m[Nest] 29556  - [39m29/05/2026 21:29:05 [32m    LOG[39m [38;5;3m[InstanceLoader] [39m[32mBullModule dependencies initialized[39m[38;5;3m +0ms[39m
[32m[Nest] 29556  - [39m29/05/2026 21:29:05 [32m    LOG[39m [38;5;3m[InstanceLoader] [39m[32mRedisModule dependencies initialized[39m[38;5;3m +13ms[39m
[32m[Nest] 29556  - [39m29/05/2026 21:29:05 [32m    LOG[39m [38;5;3m[InstanceLoader] [39m[32mMailModule dependencies initialized[39m[38;5;3m +0ms[39m
[32m[Nest] 29556  - [39m29/05/2026 21:29:05 [32m    LOG[39m [38;5;3m[InstanceLoader] [39m[32mStorageModule dependencies initialized[39m[38;5;3m +0ms[39m
[32m[Nest] 29556  - [39m29/05/2026 21:29:05 [32m    LOG[39m [38;5;3m[InstanceLoader] [39m[32mJwtModule dependencies initialized[39m[38;5;3m +1ms[39m
[32m[Nest] 29556  - [39m29/05/2026 21:29:05 [32m    LOG[39m [38;5;3m[InstanceLoader] [39m[32mBullModule dependencies initialized[39m[38;5;3m +13ms[39m
[32m[Nest] 29556  - [39m29/05/2026 21:29:05 [32m    LOG[39m [38;5;3m[InstanceLoader] [39m[32mBullModule dependencies initialized[39m[38;5;3m +1ms[39m
[32m[Nest] 29556  - [39m29/05/2026 21:29:05 [32m    LOG[39m [38;5;3m[InstanceLoader] [39m[32mBullModule dependencies initialized[39m[38;5;3m +1ms[39m
[32m[Nest] 29556  - [39m29/05/2026 21:29:05 [32m    LOG[39m [38;5;3m[InstanceLoader] [39m[32mBullModule dependencies initialized[39m[38;5;3m +0ms[39m
[32m[Nest] 29556  - [39m29/05/2026 21:29:05 [32m    LOG[39m [38;5;3m[InstanceLoader] [39m[32mBullModule dependencies initialized[39m[38;5;3m +0ms[39m
[32m[Nest] 29556  - [39m29/05/2026 21:29:05 [32m    LOG[39m [38;5;3m[InstanceLoader] [39m[32mBullModule dependencies initialized[39m[38;5;3m +0ms[39m
IMPORTANT! Eviction policy is allkeys-lru. It should be "noeviction"
IMPORTANT! Eviction policy is allkeys-lru. It should be "noeviction"
IMPORTANT! Eviction policy is allkeys-lru. It should be "noeviction"
IMPORTANT! Eviction policy is allkeys-lru. It should be "noeviction"
IMPORTANT! Eviction policy is allkeys-lru. It should be "noeviction"
IMPORTANT! Eviction policy is allkeys-lru. It should be "noeviction"
(node:29556) DeprecationWarning: Calling client.query() when the client is already executing a query is deprecated and will be removed in pg@9.0. Use async/await or an external async flow control mechanism instead.
(Use `node --trace-deprecation ...` to show where the warning was created)
[32m[Nest] 29556  - [39m29/05/2026 21:29:05 [32m    LOG[39m [38;5;3m[InstanceLoader] [39m[32mTypeOrmCoreModule dependencies initialized[39m[38;5;3m +417ms[39m
[32m[Nest] 29556  - [39m29/05/2026 21:29:05 [32m    LOG[39m [38;5;3m[InstanceLoader] [39m[32mTypeOrmModule dependencies initialized[39m[38;5;3m +0ms[39m
[32m[Nest] 29556  - [39m29/05/2026 21:29:05 [32m    LOG[39m [38;5;3m[InstanceLoader] [39m[32mTypeOrmModule dependencies initialized[39m[38;5;3m +0ms[39m
[32m[Nest] 29556  - [39m29/05/2026 21:29:05 [32m    LOG[39m [38;5;3m[InstanceLoader] [39m[32mTypeOrmModule dependencies initialized[39m[38;5;3m +1ms[39m
[32m[Nest] 29556  - [39m29/05/2026 21:29:05 [32m    LOG[39m [38;5;3m[InstanceLoader] [39m[32mTypeOrmModule dependencies initialized[39m[38;5;3m +0ms[39m
[32m[Nest] 29556  - [39m29/05/2026 21:29:05 [32m    LOG[39m [38;5;3m[InstanceLoader] [39m[32mTypeOrmModule dependencies initialized[39m[38;5;3m +0ms[39m
[32m[Nest] 29556  - [39m29/05/2026 21:29:05 [32m    LOG[39m [38;5;3m[InstanceLoader] [39m[32mTypeOrmModule dependencies initialized[39m[38;5;3m +0ms[39m
[32m[Nest] 29556  - [39m29/05/2026 21:29:05 [32m    LOG[39m [38;5;3m[InstanceLoader] [39m[32mTypeOrmModule dependencies initialized[39m[38;5;3m +0ms[39m
[32m[Nest] 29556  - [39m29/05/2026 21:29:05 [32m    LOG[39m [38;5;3m[InstanceLoader] [39m[32mTypeOrmModule dependencies initialized[39m[38;5;3m +0ms[39m
[32m[Nest] 29556  - [39m29/05/2026 21:29:05 [32m    LOG[39m [38;5;3m[InstanceLoader] [39m[32mUsersModule dependencies initialized[39m[38;5;3m +16ms[39m
[32m[Nest] 29556  - [39m29/05/2026 21:29:05 [32m    LOG[39m [38;5;3m[InstanceLoader] [39m[32mGatewayModule dependencies initialized[39m[38;5;3m +0ms[39m
[33m[Nest] 29556  - [39m29/05/2026 21:29:05 [33m   WARN[39m [38;5;3m[AuthService] [39m[33mTwilio credentials absent — using Mock OTP (code: 123456)[39m
[32m[Nest] 29556  - [39m29/05/2026 21:29:05 [32m    LOG[39m [38;5;3m[InstanceLoader] [39m[32mNotificationsModule dependencies initialized[39m[38;5;3m +0ms[39m
[32m[Nest] 29556  - [39m29/05/2026 21:29:05 [32m    LOG[39m [38;5;3m[InstanceLoader] [39m[32mAdminModule dependencies initialized[39m[38;5;3m +1ms[39m
[32m[Nest] 29556  - [39m29/05/2026 21:29:05 [32m    LOG[39m [38;5;3m[InstanceLoader] [39m[32mPaymentsModule dependencies initialized[39m[38;5;3m +2ms[39m
[32m[Nest] 29556  - [39m29/05/2026 21:29:05 [32m    LOG[39m [38;5;3m[InstanceLoader] [39m[32mRatingsModule dependencies initialized[39m[38;5;3m +0ms[39m
[32m[Nest] 29556  - [39m29/05/2026 21:29:05 [32m    LOG[39m [38;5;3m[InstanceLoader] [39m[32mComplianceModule dependencies initialized[39m[38;5;3m +0ms[39m
[32m[Nest] 29556  - [39m29/05/2026 21:29:05 [32m    LOG[39m [38;5;3m[InstanceLoader] [39m[32mAuthModule dependencies initialized[39m[38;5;3m +1ms[39m
[32m[Nest] 29556  - [39m29/05/2026 21:29:05 [32m    LOG[39m [38;5;3m[InstanceLoader] [39m[32mAttendanceModule dependencies initialized[39m[38;5;3m +0ms[39m
[32m[Nest] 29556  - [39m29/05/2026 21:29:05 [32m    LOG[39m [38;5;3m[InstanceLoader] [39m[32mShiftsModule dependencies initialized[39m[38;5;3m +0ms[39m
[96msrc/auth/auth.service.ts[0m:[93m255[0m:[93m30[0m - [91merror[0m[90m TS2551: [0mProperty 'updateWorkerPartialFields' does not exist on type 'UsersService'. Did you mean 'updateWorkerProfile'?

[7m255[0m     return this.usersService.updateWorkerPartialFields(userId, dto);
[7m   [0m [91m                             ~~~~~~~~~~~~~~~~~~~~~~~~~[0m

  [96msrc/users/users.service.ts[0m:[93m104[0m:[93m9[0m
    [7m104[0m   async updateWorkerProfile(
    [7m   [0m [96m        ~~~~~~~~~~~~~~~~~~~[0m
    'updateWorkerProfile' is declared here.

[[90m21:29:07[0m] Found 1 error. Watching for file changes.

[32m[Nest] 29556  - [39m29/05/2026 21:29:07 [32m    LOG[39m [38;5;3m[RoutesResolver] [39m[32mAppController {/api}:[39m[38;5;3m +1419ms[39m
[32m[Nest] 29556  - [39m29/05/2026 21:29:07 [32m    LOG[39m [38;5;3m[RouterExplorer] [39m[32mMapped {/api, GET} route[39m[38;5;3m +8ms[39m
[32m[Nest] 29556  - [39m29/05/2026 21:29:07 [32m    LOG[39m [38;5;3m[RoutesResolver] [39m[32mHealthController {/api/health}:[39m[38;5;3m +1ms[39m
[32m[Nest] 29556  - [39m29/05/2026 21:29:07 [32m    LOG[39m [38;5;3m[RouterExplorer] [39m[32mMapped {/api/health, GET} route[39m[38;5;3m +1ms[39m
[32m[Nest] 29556  - [39m29/05/2026 21:29:07 [32m    LOG[39m [38;5;3m[RoutesResolver] [39m[32mAuthController {/api/auth}:[39m[38;5;3m +0ms[39m
[32m[Nest] 29556  - [39m29/05/2026 21:29:07 [32m    LOG[39m [38;5;3m[RouterExplorer] [39m[32mMapped {/api/auth/send-otp, POST} route[39m[38;5;3m +1ms[39m
[32m[Nest] 29556  - [39m29/05/2026 21:29:07 [32m    LOG[39m [38;5;3m[RouterExplorer] [39m[32mMapped {/api/auth/verify-otp, POST} route[39m[38;5;3m +1ms[39m
[32m[Nest] 29556  - [39m29/05/2026 21:29:07 [32m    LOG[39m [38;5;3m[RouterExplorer] [39m[32mMapped {/api/auth/register/employer, POST} route[39m[38;5;3m +0ms[39m
[32m[Nest] 29556  - [39m29/05/2026 21:29:07 [32m    LOG[39m [38;5;3m[RouterExplorer] [39m[32mMapped {/api/auth/login/employer, POST} route[39m[38;5;3m +0ms[39m
[32m[Nest] 29556  - [39m29/05/2026 21:29:07 [32m    LOG[39m [38;5;3m[RouterExplorer] [39m[32mMapped {/api/auth/verify-email/:token, GET} route[39m[38;5;3m +1ms[39m
[32m[Nest] 29556  - [39m29/05/2026 21:29:07 [32m    LOG[39m [38;5;3m[RouterExplorer] [39m[32mMapped {/api/auth/google/verify-token, POST} route[39m[38;5;3m +0ms[39m
[32m[Nest] 29556  - [39m29/05/2026 21:29:07 [32m    LOG[39m [38;5;3m[RouterExplorer] [39m[32mMapped {/api/auth/refresh, POST} route[39m[38;5;3m +0ms[39m
[32m[Nest] 29556  - [39m29/05/2026 21:29:07 [32m    LOG[39m [38;5;3m[RouterExplorer] [39m[32mMapped {/api/auth/logout, POST} route[39m[38;5;3m +1ms[39m
[32m[Nest] 29556  - [39m29/05/2026 21:29:07 [32m    LOG[39m [38;5;3m[RouterExplorer] [39m[32mMapped {/api/auth/worker/profile, POST} route[39m[38;5;3m +0ms[39m
[32m[Nest] 29556  - [39m29/05/2026 21:29:07 [32m    LOG[39m [38;5;3m[RouterExplorer] [39m[32mMapped {/api/auth/worker/photo, POST} route[39m[38;5;3m +1ms[39m
[32m[Nest] 29556  - [39m29/05/2026 21:29:07 [32m    LOG[39m [38;5;3m[RouterExplorer] [39m[32mMapped {/api/auth/me, GET} route[39m[38;5;3m +0ms[39m
[32m[Nest] 29556  - [39m29/05/2026 21:29:07 [32m    LOG[39m [38;5;3m[RouterExplorer] [39m[32mMapped {/api/auth/worker/push-token, POST} route[39m[38;5;3m +0ms[39m
[32m[Nest] 29556  - [39m29/05/2026 21:29:07 [32m    LOG[39m [38;5;3m[RoutesResolver] [39m[32mComplianceController {/api/compliance}:[39m[38;5;3m +0ms[39m
[32m[Nest] 29556  - [39m29/05/2026 21:29:07 [32m    LOG[39m [38;5;3m[RouterExplorer] [39m[32mMapped {/api/compliance/employer/tsu-report, GET} route[39m[38;5;3m +0ms[39m
[32m[Nest] 29556  - [39m29/05/2026 21:29:07 [32m    LOG[39m [38;5;3m[RouterExplorer] [39m[32mMapped {/api/compliance/employer/mcd-contracts, GET} route[39m[38;5;3m +1ms[39m
[32m[Nest] 29556  - [39m29/05/2026 21:29:07 [32m    LOG[39m [38;5;3m[RouterExplorer] [39m[32mMapped {/api/compliance/employer/audit-log, GET} route[39m[38;5;3m +0ms[39m
[32m[Nest] 29556  - [39m29/05/2026 21:29:07 [32m    LOG[39m [38;5;3m[RouterExplorer] [39m[32mMapped {/api/compliance/worker/dependency, GET} route[39m[38;5;3m +0ms[39m
[32m[Nest] 29556  - [39m29/05/2026 21:29:07 [32m    LOG[39m [38;5;3m[RouterExplorer] [39m[32mMapped {/api/compliance/worker/external-income, PATCH} route[39m[38;5;3m +0ms[39m
[32m[Nest] 29556  - [39m29/05/2026 21:29:07 [32m    LOG[39m [38;5;3m[RoutesResolver] [39m[32mAttendanceController {/api/attendance}:[39m[38;5;3m +0ms[39m
[32m[Nest] 29556  - [39m29/05/2026 21:29:07 [32m    LOG[39m [38;5;3m[RouterExplorer] [39m[32mMapped {/api/attendance/employer-qr, GET} route[39m[38;5;3m +1ms[39m
[32m[Nest] 29556  - [39m29/05/2026 21:29:07 [32m    LOG[39m [38;5;3m[RouterExplorer] [39m[32mMapped {/api/attendance/:shiftId/manual-confirm, POST} route[39m[38;5;3m +0ms[39m
[32m[Nest] 29556  - [39m29/05/2026 21:29:07 [32m    LOG[39m [38;5;3m[RouterExplorer] [39m[32mMapped {/api/attendance/:shiftId/dispute/employer, POST} route[39m[38;5;3m +0ms[39m
[32m[Nest] 29556  - [39m29/05/2026 21:29:07 [32m    LOG[39m [38;5;3m[RouterExplorer] [39m[32mMapped {/api/attendance/check-in, POST} route[39m[38;5;3m +0ms[39m
[32m[Nest] 29556  - [39m29/05/2026 21:29:07 [32m    LOG[39m [38;5;3m[RouterExplorer] [39m[32mMapped {/api/attendance/check-out, POST} route[39m[38;5;3m +0ms[39m
[32m[Nest] 29556  - [39m29/05/2026 21:29:07 [32m    LOG[39m [38;5;3m[RouterExplorer] [39m[32mMapped {/api/attendance/:shiftId/dispute/worker, POST} route[39m[38;5;3m +0ms[39m
[32m[Nest] 29556  - [39m29/05/2026 21:29:07 [32m    LOG[39m [38;5;3m[RouterExplorer] [39m[32mMapped {/api/attendance/:shiftId, GET} route[39m[38;5;3m +1ms[39m
[32m[Nest] 29556  - [39m29/05/2026 21:29:07 [32m    LOG[39m [38;5;3m[RoutesResolver] [39m[32mPaymentsController {/api/payments}:[39m[38;5;3m +0ms[39m
[32m[Nest] 29556  - [39m29/05/2026 21:29:07 [32m    LOG[39m [38;5;3m[RouterExplorer] [39m[32mMapped {/api/payments/employer/setup-intent, POST} route[39m[38;5;3m +0ms[39m
[32m[Nest] 29556  - [39m29/05/2026 21:29:07 [32m    LOG[39m [38;5;3m[RouterExplorer] [39m[32mMapped {/api/payments/employer/save-payment-method, POST} route[39m[38;5;3m +0ms[39m
[32m[Nest] 29556  - [39m29/05/2026 21:29:07 [32m    LOG[39m [38;5;3m[RouterExplorer] [39m[32mMapped {/api/payments/employer/subscribe, POST} route[39m[38;5;3m +0ms[39m
[32m[Nest] 29556  - [39m29/05/2026 21:29:07 [32m    LOG[39m [38;5;3m[RouterExplorer] [39m[32mMapped {/api/payments/employer/cancel-subscription, POST} route[39m[38;5;3m +0ms[39m
[32m[Nest] 29556  - [39m29/05/2026 21:29:07 [32m    LOG[39m [38;5;3m[RouterExplorer] [39m[32mMapped {/api/payments/employer/spending, GET} route[39m[38;5;3m +1ms[39m
[32m[Nest] 29556  - [39m29/05/2026 21:29:07 [32m    LOG[39m [38;5;3m[RouterExplorer] [39m[32mMapped {/api/payments/worker/connect, POST} route[39m[38;5;3m +0ms[39m
[32m[Nest] 29556  - [39m29/05/2026 21:29:07 [32m    LOG[39m [38;5;3m[RouterExplorer] [39m[32mMapped {/api/payments/worker/dashboard-link, GET} route[39m[38;5;3m +0ms[39m
[32m[Nest] 29556  - [39m29/05/2026 21:29:07 [32m    LOG[39m [38;5;3m[RouterExplorer] [39m[32mMapped {/api/payments/worker/earnings, GET} route[39m[38;5;3m +0ms[39m
[32m[Nest] 29556  - [39m29/05/2026 21:29:07 [32m    LOG[39m [38;5;3m[RouterExplorer] [39m[32mMapped {/api/payments/webhook, POST} route[39m[38;5;3m +0ms[39m
[32m[Nest] 29556  - [39m29/05/2026 21:29:07 [32m    LOG[39m [38;5;3m[RoutesResolver] [39m[32mRatingsController {/api/ratings}:[39m[38;5;3m +0ms[39m
[32m[Nest] 29556  - [39m29/05/2026 21:29:07 [32m    LOG[39m [38;5;3m[RouterExplorer] [39m[32mMapped {/api/ratings, POST} route[39m[38;5;3m +0ms[39m
[32m[Nest] 29556  - [39m29/05/2026 21:29:07 [32m    LOG[39m [38;5;3m[RouterExplorer] [39m[32mMapped {/api/ratings/worker/:id, GET} route[39m[38;5;3m +1ms[39m
[32m[Nest] 29556  - [39m29/05/2026 21:29:07 [32m    LOG[39m [38;5;3m[RouterExplorer] [39m[32mMapped {/api/ratings/shift/:shiftId/mine, GET} route[39m[38;5;3m +0ms[39m
[32m[Nest] 29556  - [39m29/05/2026 21:29:07 [32m    LOG[39m [38;5;3m[RouterExplorer] [39m[32mMapped {/api/ratings/no-show/:shiftId, POST} route[39m[38;5;3m +0ms[39m
[32m[Nest] 29556  - [39m29/05/2026 21:29:07 [32m    LOG[39m [38;5;3m[RouterExplorer] [39m[32mMapped {/api/ratings/favourites, GET} route[39m[38;5;3m +1ms[39m
[32m[Nest] 29556  - [39m29/05/2026 21:29:07 [32m    LOG[39m [38;5;3m[RouterExplorer] [39m[32mMapped {/api/ratings/favourites/:workerId, POST} route[39m[38;5;3m +0ms[39m
[32m[Nest] 29556  - [39m29/05/2026 21:29:07 [32m    LOG[39m [38;5;3m[RouterExplorer] [39m[32mMapped {/api/ratings/favourites/:workerId, DELETE} route[39m[38;5;3m +0ms[39m
[32m[Nest] 29556  - [39m29/05/2026 21:29:07 [32m    LOG[39m [38;5;3m[RoutesResolver] [39m[32mShiftsController {/api/shifts}:[39m[38;5;3m +0ms[39m
[32m[Nest] 29556  - [39m29/05/2026 21:29:07 [32m    LOG[39m [38;5;3m[RouterExplorer] [39m[32mMapped {/api/shifts, POST} route[39m[38;5;3m +1ms[39m
[32m[Nest] 29556  - [39m29/05/2026 21:29:07 [32m    LOG[39m [38;5;3m[RouterExplorer] [39m[32mMapped {/api/shifts/employer/mine, GET} route[39m[38;5;3m +1ms[39m
[32m[Nest] 29556  - [39m29/05/2026 21:29:07 [32m    LOG[39m [38;5;3m[RouterExplorer] [39m[32mMapped {/api/shifts/employer/workers, GET} route[39m[38;5;3m +1ms[39m
[32m[Nest] 29556  - [39m29/05/2026 21:29:07 [32m    LOG[39m [38;5;3m[RouterExplorer] [39m[32mMapped {/api/shifts/:id, PATCH} route[39m[38;5;3m +1ms[39m
[32m[Nest] 29556  - [39m29/05/2026 21:29:07 [32m    LOG[39m [38;5;3m[RouterExplorer] [39m[32mMapped {/api/shifts/:id/cancel, POST} route[39m[38;5;3m +0ms[39m
[32m[Nest] 29556  - [39m29/05/2026 21:29:07 [32m    LOG[39m [38;5;3m[RouterExplorer] [39m[32mMapped {/api/shifts/:id/applications, GET} route[39m[38;5;3m +0ms[39m
[32m[Nest] 29556  - [39m29/05/2026 21:29:07 [32m    LOG[39m [38;5;3m[RouterExplorer] [39m[32mMapped {/api/shifts/:id/applications/:appId/approve, POST} route[39m[38;5;3m +1ms[39m
[32m[Nest] 29556  - [39m29/05/2026 21:29:07 [32m    LOG[39m [38;5;3m[RouterExplorer] [39m[32mMapped {/api/shifts/search, GET} route[39m[38;5;3m +0ms[39m
[32m[Nest] 29556  - [39m29/05/2026 21:29:07 [32m    LOG[39m [38;5;3m[RouterExplorer] [39m[32mMapped {/api/shifts/:id/apply, POST} route[39m[38;5;3m +0ms[39m
[32m[Nest] 29556  - [39m29/05/2026 21:29:07 [32m    LOG[39m [38;5;3m[RouterExplorer] [39m[32mMapped {/api/shifts/worker/applied, GET} route[39m[38;5;3m +1ms[39m
[32m[Nest] 29556  - [39m29/05/2026 21:29:07 [32m    LOG[39m [38;5;3m[RouterExplorer] [39m[32mMapped {/api/shifts/:id, GET} route[39m[38;5;3m +0ms[39m
[32m[Nest] 29556  - [39m29/05/2026 21:29:07 [32m    LOG[39m [38;5;3m[RoutesResolver] [39m[32mAdminController {/api/admin}:[39m[38;5;3m +0ms[39m
[32m[Nest] 29556  - [39m29/05/2026 21:29:07 [32m    LOG[39m [38;5;3m[RouterExplorer] [39m[32mMapped {/api/admin/workers/pending, GET} route[39m[38;5;3m +0ms[39m
[32m[Nest] 29556  - [39m29/05/2026 21:29:07 [32m    LOG[39m [38;5;3m[RouterExplorer] [39m[32mMapped {/api/admin/workers/:id/approve, POST} route[39m[38;5;3m +0ms[39m
[32m[Nest] 29556  - [39m29/05/2026 21:29:07 [32m    LOG[39m [38;5;3m[RouterExplorer] [39m[32mMapped {/api/admin/workers/:id/reject, POST} route[39m[38;5;3m +1ms[39m
[32m[Nest] 29556  - [39m29/05/2026 21:29:07 [32m    LOG[39m [38;5;3m[RedisService] [39m[32mRedis client initialized[39m
IMPORTANT! Eviction policy is allkeys-lru. It should be "noeviction"
IMPORTANT! Eviction policy is allkeys-lru. It should be "noeviction"
IMPORTANT! Eviction policy is allkeys-lru. It should be "noeviction"
IMPORTANT! Eviction policy is allkeys-lru. It should be "noeviction"
IMPORTANT! Eviction policy is allkeys-lru. It should be "noeviction"
IMPORTANT! Eviction policy is allkeys-lru. It should be "noeviction"
IMPORTANT! Eviction policy is allkeys-lru. It should be "noeviction"
IMPORTANT! Eviction policy is allkeys-lru. It should be "noeviction"
IMPORTANT! Eviction policy is allkeys-lru. It should be "noeviction"
IMPORTANT! Eviction policy is allkeys-lru. It should be "noeviction"
IMPORTANT! Eviction policy is allkeys-lru. It should be "noeviction"
[32m[Nest] 29556  - [39m29/05/2026 21:29:07 [32m    LOG[39m [38;5;3m[QuarterlySsSchedulerService] [39m[32m[SS Scheduler] Quarterly SS reminder cron registered: 0 9 1 3,6,9,12 *[39m
[32m[Nest] 29556  - [39m29/05/2026 21:29:07 [32m    LOG[39m [38;5;3m[NestApplication] [39m[32mNest application successfully started[39m[38;5;3m +1ms[39m
[31m[Nest] 29556  - [39m29/05/2026 21:29:07 [31m  ERROR[39m [38;5;3m[NestApplication] [39m[31mError: listen EADDRINUSE: address already in use :::3001[39m[38;5;3m +2ms[39m
node:net:1940
    const ex = new UVExceptionWithHostPort(err, 'listen', address, port);
               ^

Error: listen EADDRINUSE: address already in use :::3001
    at Server.setupListenHandle [as _listen2] (node:net:1940:16)
    at listenInCluster (node:net:1997:12)
    at Server.listen (node:net:2102:7)
    at ExpressAdapter.listen (C:\Users\j3_19\AppData\Roaming\MetaQuotes\Terminal\0727F3F88B5F0FE006962B330B91FF37\Turnos App\node_modules\@nestjs\platform-express\adapters\express-adapter.js:95:32)
    at C:\Users\j3_19\AppData\Roaming\MetaQuotes\Terminal\0727F3F88B5F0FE006962B330B91FF37\Turnos App\node_modules\@nestjs\core\nest-application.js:183:30
    at new Promise (<anonymous>)
    at NestApplication.listen (C:\Users\j3_19\AppData\Roaming\MetaQuotes\Terminal\0727F3F88B5F0FE006962B330B91FF37\Turnos App\node_modules\@nestjs\core\nest-application.js:173:16)
    at process.processTicksAndRejections (node:internal/process/task_queues:105:5)
    at async bootstrap (C:\Users\j3_19\AppData\Roaming\MetaQuotes\Terminal\0727F3F88B5F0FE006962B330B91FF37\Turnos App\apps\api\src\main.ts:37:3) {
  code: 'EADDRINUSE',
  errno: -4091,
  syscall: 'listen',
  address: '::',
  port: 3001
}

Node.js v24.6.0
[2J[3J[H[[90m21:29:07[0m] File change detected. Starting incremental compilation...

[[90m21:29:09[0m] Found 0 errors. Watching for file changes.

[32m[Nest] 5796  - [39m29/05/2026 21:29:16 [32m    LOG[39m [38;5;3m[NestFactory] [39m[32mStarting Nest application...[39m
[32m[Nest] 5796  - [39m29/05/2026 21:29:16 [32m    LOG[39m [38;5;3m[InstanceLoader] [39m[32mTypeOrmModule dependencies initialized[39m[38;5;3m +50ms[39m
[32m[Nest] 5796  - [39m29/05/2026 21:29:16 [32m    LOG[39m [38;5;3m[InstanceLoader] [39m[32mPassportModule dependencies initialized[39m[38;5;3m +0ms[39m
[32m[Nest] 5796  - [39m29/05/2026 21:29:16 [32m    LOG[39m [38;5;3m[InstanceLoader] [39m[32mMulterModule dependencies initialized[39m[38;5;3m +0ms[39m
[32m[Nest] 5796  - [39m29/05/2026 21:29:16 [32m    LOG[39m [38;5;3m[InstanceLoader] [39m[32mThrottlerModule dependencies initialized[39m[38;5;3m +1ms[39m
[32m[Nest] 5796  - [39m29/05/2026 21:29:16 [32m    LOG[39m [38;5;3m[InstanceLoader] [39m[32mJwtModule dependencies initialized[39m[38;5;3m +0ms[39m
[32m[Nest] 5796  - [39m29/05/2026 21:29:16 [32m    LOG[39m [38;5;3m[InstanceLoader] [39m[32mConfigHostModule dependencies initialized[39m[38;5;3m +0ms[39m
[32m[Nest] 5796  - [39m29/05/2026 21:29:16 [32m    LOG[39m [38;5;3m[InstanceLoader] [39m[32mDiscoveryModule dependencies initialized[39m[38;5;3m +0ms[39m
[32m[Nest] 5796  - [39m29/05/2026 21:29:16 [32m    LOG[39m [38;5;3m[InstanceLoader] [39m[32mServeStaticModule dependencies initialized[39m[38;5;3m +1ms[39m
[32m[Nest] 5796  - [39m29/05/2026 21:29:16 [32m    LOG[39m [38;5;3m[InstanceLoader] [39m[32mConfigModule dependencies initialized[39m[38;5;3m +0ms[39m
[32m[Nest] 5796  - [39m29/05/2026 21:29:16 [32m    LOG[39m [38;5;3m[InstanceLoader] [39m[32mConfigModule dependencies initialized[39m[38;5;3m +1ms[39m
[33m[Nest] 5796  - [39m29/05/2026 21:29:16 [33m   WARN[39m [38;5;3m[MailService] [39m[33mMAIL_HOST/MAIL_USER not set — emails will be logged to console only[39m
[33m[Nest] 5796  - [39m29/05/2026 21:29:16 [33m   WARN[39m [38;5;3m[StorageService] [39m[33mR2 credentials absent — using local disk storage[39m
[32m[Nest] 5796  - [39m29/05/2026 21:29:16 [32m    LOG[39m [38;5;3m[InstanceLoader] [39m[32mHealthModule dependencies initialized[39m[38;5;3m +1ms[39m
[32m[Nest] 5796  - [39m29/05/2026 21:29:16 [32m    LOG[39m [38;5;3m[InstanceLoader] [39m[32mAppModule dependencies initialized[39m[38;5;3m +0ms[39m
[32m[Nest] 5796  - [39m29/05/2026 21:29:16 [32m    LOG[39m [38;5;3m[InstanceLoader] [39m[32mBullModule dependencies initialized[39m[38;5;3m +85ms[39m
[32m[Nest] 5796  - [39m29/05/2026 21:29:16 [32m    LOG[39m [38;5;3m[InstanceLoader] [39m[32mBullModule dependencies initialized[39m[38;5;3m +0ms[39m
[32m[Nest] 5796  - [39m29/05/2026 21:29:16 [32m    LOG[39m [38;5;3m[InstanceLoader] [39m[32mRedisModule dependencies initialized[39m[38;5;3m +12ms[39m
[32m[Nest] 5796  - [39m29/05/2026 21:29:16 [32m    LOG[39m [38;5;3m[InstanceLoader] [39m[32mMailModule dependencies initialized[39m[38;5;3m +0ms[39m
[32m[Nest] 5796  - [39m29/05/2026 21:29:16 [32m    LOG[39m [38;5;3m[InstanceLoader] [39m[32mStorageModule dependencies initialized[39m[38;5;3m +0ms[39m
[32m[Nest] 5796  - [39m29/05/2026 21:29:16 [32m    LOG[39m [38;5;3m[InstanceLoader] [39m[32mJwtModule dependencies initialized[39m[38;5;3m +1ms[39m
[32m[Nest] 5796  - [39m29/05/2026 21:29:16 [32m    LOG[39m [38;5;3m[InstanceLoader] [39m[32mBullModule dependencies initialized[39m[38;5;3m +5ms[39m
[32m[Nest] 5796  - [39m29/05/2026 21:29:16 [32m    LOG[39m [38;5;3m[InstanceLoader] [39m[32mBullModule dependencies initialized[39m[38;5;3m +0ms[39m
[32m[Nest] 5796  - [39m29/05/2026 21:29:16 [32m    LOG[39m [38;5;3m[InstanceLoader] [39m[32mBullModule dependencies initialized[39m[38;5;3m +0ms[39m
[32m[Nest] 5796  - [39m29/05/2026 21:29:16 [32m    LOG[39m [38;5;3m[InstanceLoader] [39m[32mBullModule dependencies initialized[39m[38;5;3m +0ms[39m
[32m[Nest] 5796  - [39m29/05/2026 21:29:16 [32m    LOG[39m [38;5;3m[InstanceLoader] [39m[32mBullModule dependencies initialized[39m[38;5;3m +0ms[39m
[32m[Nest] 5796  - [39m29/05/2026 21:29:16 [32m    LOG[39m [38;5;3m[InstanceLoader] [39m[32mBullModule dependencies initialized[39m[38;5;3m +0ms[39m
IMPORTANT! Eviction policy is allkeys-lru. It should be "noeviction"
IMPORTANT! Eviction policy is allkeys-lru. It should be "noeviction"
IMPORTANT! Eviction policy is allkeys-lru. It should be "noeviction"
IMPORTANT! Eviction policy is allkeys-lru. It should be "noeviction"
IMPORTANT! Eviction policy is allkeys-lru. It should be "noeviction"
IMPORTANT! Eviction policy is allkeys-lru. It should be "noeviction"
(node:5796) DeprecationWarning: Calling client.query() when the client is already executing a query is deprecated and will be removed in pg@9.0. Use async/await or an external async flow control mechanism instead.
(Use `node --trace-deprecation ...` to show where the warning was created)
[32m[Nest] 5796  - [39m29/05/2026 21:29:16 [32m    LOG[39m [38;5;3m[InstanceLoader] [39m[32mTypeOrmCoreModule dependencies initialized[39m[38;5;3m +413ms[39m
[32m[Nest] 5796  - [39m29/05/2026 21:29:16 [32m    LOG[39m [38;5;3m[InstanceLoader] [39m[32mTypeOrmModule dependencies initialized[39m[38;5;3m +0ms[39m
[32m[Nest] 5796  - [39m29/05/2026 21:29:16 [32m    LOG[39m [38;5;3m[InstanceLoader] [39m[32mTypeOrmModule dependencies initialized[39m[38;5;3m +0ms[39m
[32m[Nest] 5796  - [39m29/05/2026 21:29:16 [32m    LOG[39m [38;5;3m[InstanceLoader] [39m[32mTypeOrmModule dependencies initialized[39m[38;5;3m +0ms[39m
[32m[Nest] 5796  - [39m29/05/2026 21:29:16 [32m    LOG[39m [38;5;3m[InstanceLoader] [39m[32mTypeOrmModule dependencies initialized[39m[38;5;3m +0ms[39m
[32m[Nest] 5796  - [39m29/05/2026 21:29:16 [32m    LOG[39m [38;5;3m[InstanceLoader] [39m[32mTypeOrmModule dependencies initialized[39m[38;5;3m +1ms[39m
[32m[Nest] 5796  - [39m29/05/2026 21:29:16 [32m    LOG[39m [38;5;3m[InstanceLoader] [39m[32mTypeOrmModule dependencies initialized[39m[38;5;3m +0ms[39m
[32m[Nest] 5796  - [39m29/05/2026 21:29:16 [32m    LOG[39m [38;5;3m[InstanceLoader] [39m[32mTypeOrmModule dependencies initialized[39m[38;5;3m +0ms[39m
[32m[Nest] 5796  - [39m29/05/2026 21:29:16 [32m    LOG[39m [38;5;3m[InstanceLoader] [39m[32mTypeOrmModule dependencies initialized[39m[38;5;3m +0ms[39m
[32m[Nest] 5796  - [39m29/05/2026 21:29:16 [32m    LOG[39m [38;5;3m[InstanceLoader] [39m[32mUsersModule dependencies initialized[39m[38;5;3m +15ms[39m
[32m[Nest] 5796  - [39m29/05/2026 21:29:16 [32m    LOG[39m [38;5;3m[InstanceLoader] [39m[32mGatewayModule dependencies initialized[39m[38;5;3m +0ms[39m
[33m[Nest] 5796  - [39m29/05/2026 21:29:16 [33m   WARN[39m [38;5;3m[AuthService] [39m[33mTwilio credentials absent — using Mock OTP (code: 123456)[39m
[32m[Nest] 5796  - [39m29/05/2026 21:29:16 [32m    LOG[39m [38;5;3m[InstanceLoader] [39m[32mNotificationsModule dependencies initialized[39m[38;5;3m +1ms[39m
[32m[Nest] 5796  - [39m29/05/2026 21:29:16 [32m    LOG[39m [38;5;3m[InstanceLoader] [39m[32mAdminModule dependencies initialized[39m[38;5;3m +1ms[39m
[32m[Nest] 5796  - [39m29/05/2026 21:29:16 [32m    LOG[39m [38;5;3m[InstanceLoader] [39m[32mPaymentsModule dependencies initialized[39m[38;5;3m +6ms[39m
[32m[Nest] 5796  - [39m29/05/2026 21:29:16 [32m    LOG[39m [38;5;3m[InstanceLoader] [39m[32mRatingsModule dependencies initialized[39m[38;5;3m +0ms[39m
[32m[Nest] 5796  - [39m29/05/2026 21:29:16 [32m    LOG[39m [38;5;3m[InstanceLoader] [39m[32mComplianceModule dependencies initialized[39m[38;5;3m +0ms[39m
[32m[Nest] 5796  - [39m29/05/2026 21:29:16 [32m    LOG[39m [38;5;3m[InstanceLoader] [39m[32mAuthModule dependencies initialized[39m[38;5;3m +1ms[39m
[32m[Nest] 5796  - [39m29/05/2026 21:29:16 [32m    LOG[39m [38;5;3m[InstanceLoader] [39m[32mAttendanceModule dependencies initialized[39m[38;5;3m +1ms[39m
[32m[Nest] 5796  - [39m29/05/2026 21:29:16 [32m    LOG[39m [38;5;3m[InstanceLoader] [39m[32mShiftsModule dependencies initialized[39m[38;5;3m +0ms[39m
[2J[3J[H[[90m21:29:17[0m] File change detected. Starting incremental compilation...

[32m[Nest] 5796  - [39m29/05/2026 21:29:18 [32m    LOG[39m [38;5;3m[RoutesResolver] [39m[32mAppController {/api}:[39m[38;5;3m +1713ms[39m
[32m[Nest] 5796  - [39m29/05/2026 21:29:18 [32m    LOG[39m [38;5;3m[RouterExplorer] [39m[32mMapped {/api, GET} route[39m[38;5;3m +5ms[39m
[32m[Nest] 5796  - [39m29/05/2026 21:29:18 [32m    LOG[39m [38;5;3m[RoutesResolver] [39m[32mHealthController {/api/health}:[39m[38;5;3m +1ms[39m
[32m[Nest] 5796  - [39m29/05/2026 21:29:18 [32m    LOG[39m [38;5;3m[RouterExplorer] [39m[32mMapped {/api/health, GET} route[39m[38;5;3m +0ms[39m
[32m[Nest] 5796  - [39m29/05/2026 21:29:18 [32m    LOG[39m [38;5;3m[RoutesResolver] [39m[32mAuthController {/api/auth}:[39m[38;5;3m +0ms[39m
[32m[Nest] 5796  - [39m29/05/2026 21:29:18 [32m    LOG[39m [38;5;3m[RouterExplorer] [39m[32mMapped {/api/auth/send-otp, POST} route[39m[38;5;3m +1ms[39m
[32m[Nest] 5796  - [39m29/05/2026 21:29:18 [32m    LOG[39m [38;5;3m[RouterExplorer] [39m[32mMapped {/api/auth/verify-otp, POST} route[39m[38;5;3m +1ms[39m
[32m[Nest] 5796  - [39m29/05/2026 21:29:18 [32m    LOG[39m [38;5;3m[RouterExplorer] [39m[32mMapped {/api/auth/register/employer, POST} route[39m[38;5;3m +0ms[39m
[32m[Nest] 5796  - [39m29/05/2026 21:29:18 [32m    LOG[39m [38;5;3m[RouterExplorer] [39m[32mMapped {/api/auth/login/employer, POST} route[39m[38;5;3m +0ms[39m
[32m[Nest] 5796  - [39m29/05/2026 21:29:18 [32m    LOG[39m [38;5;3m[RouterExplorer] [39m[32mMapped {/api/auth/verify-email/:token, GET} route[39m[38;5;3m +1ms[39m
[32m[Nest] 5796  - [39m29/05/2026 21:29:18 [32m    LOG[39m [38;5;3m[RouterExplorer] [39m[32mMapped {/api/auth/google/verify-token, POST} route[39m[38;5;3m +0ms[39m
[32m[Nest] 5796  - [39m29/05/2026 21:29:18 [32m    LOG[39m [38;5;3m[RouterExplorer] [39m[32mMapped {/api/auth/refresh, POST} route[39m[38;5;3m +0ms[39m
[32m[Nest] 5796  - [39m29/05/2026 21:29:18 [32m    LOG[39m [38;5;3m[RouterExplorer] [39m[32mMapped {/api/auth/logout, POST} route[39m[38;5;3m +1ms[39m
[32m[Nest] 5796  - [39m29/05/2026 21:29:18 [32m    LOG[39m [38;5;3m[RouterExplorer] [39m[32mMapped {/api/auth/worker/profile, POST} route[39m[38;5;3m +0ms[39m
[32m[Nest] 5796  - [39m29/05/2026 21:29:18 [32m    LOG[39m [38;5;3m[RouterExplorer] [39m[32mMapped {/api/auth/worker/photo, POST} route[39m[38;5;3m +0ms[39m
[32m[Nest] 5796  - [39m29/05/2026 21:29:18 [32m    LOG[39m [38;5;3m[RouterExplorer] [39m[32mMapped {/api/auth/me, GET} route[39m[38;5;3m +1ms[39m
[32m[Nest] 5796  - [39m29/05/2026 21:29:18 [32m    LOG[39m [38;5;3m[RouterExplorer] [39m[32mMapped {/api/auth/worker/push-token, POST} route[39m[38;5;3m +0ms[39m
[32m[Nest] 5796  - [39m29/05/2026 21:29:18 [32m    LOG[39m [38;5;3m[RoutesResolver] [39m[32mComplianceController {/api/compliance}:[39m[38;5;3m +0ms[39m
[32m[Nest] 5796  - [39m29/05/2026 21:29:18 [32m    LOG[39m [38;5;3m[RouterExplorer] [39m[32mMapped {/api/compliance/employer/tsu-report, GET} route[39m[38;5;3m +0ms[39m
[32m[Nest] 5796  - [39m29/05/2026 21:29:18 [32m    LOG[39m [38;5;3m[RouterExplorer] [39m[32mMapped {/api/compliance/employer/mcd-contracts, GET} route[39m[38;5;3m +0ms[39m
[32m[Nest] 5796  - [39m29/05/2026 21:29:18 [32m    LOG[39m [38;5;3m[RouterExplorer] [39m[32mMapped {/api/compliance/employer/audit-log, GET} route[39m[38;5;3m +0ms[39m
[32m[Nest] 5796  - [39m29/05/2026 21:29:18 [32m    LOG[39m [38;5;3m[RouterExplorer] [39m[32mMapped {/api/compliance/worker/dependency, GET} route[39m[38;5;3m +1ms[39m
[32m[Nest] 5796  - [39m29/05/2026 21:29:18 [32m    LOG[39m [38;5;3m[RouterExplorer] [39m[32mMapped {/api/compliance/worker/external-income, PATCH} route[39m[38;5;3m +0ms[39m
[32m[Nest] 5796  - [39m29/05/2026 21:29:18 [32m    LOG[39m [38;5;3m[RoutesResolver] [39m[32mAttendanceController {/api/attendance}:[39m[38;5;3m +0ms[39m
[32m[Nest] 5796  - [39m29/05/2026 21:29:18 [32m    LOG[39m [38;5;3m[RouterExplorer] [39m[32mMapped {/api/attendance/employer-qr, GET} route[39m[38;5;3m +1ms[39m
[32m[Nest] 5796  - [39m29/05/2026 21:29:18 [32m    LOG[39m [38;5;3m[RouterExplorer] [39m[32mMapped {/api/attendance/:shiftId/manual-confirm, POST} route[39m[38;5;3m +0ms[39m
[32m[Nest] 5796  - [39m29/05/2026 21:29:18 [32m    LOG[39m [38;5;3m[RouterExplorer] [39m[32mMapped {/api/attendance/:shiftId/dispute/employer, POST} route[39m[38;5;3m +0ms[39m
[32m[Nest] 5796  - [39m29/05/2026 21:29:18 [32m    LOG[39m [38;5;3m[RouterExplorer] [39m[32mMapped {/api/attendance/check-in, POST} route[39m[38;5;3m +0ms[39m
[32m[Nest] 5796  - [39m29/05/2026 21:29:18 [32m    LOG[39m [38;5;3m[RouterExplorer] [39m[32mMapped {/api/attendance/check-out, POST} route[39m[38;5;3m +0ms[39m
[32m[Nest] 5796  - [39m29/05/2026 21:29:18 [32m    LOG[39m [38;5;3m[RouterExplorer] [39m[32mMapped {/api/attendance/:shiftId/dispute/worker, POST} route[39m[38;5;3m +1ms[39m
[32m[Nest] 5796  - [39m29/05/2026 21:29:18 [32m    LOG[39m [38;5;3m[RouterExplorer] [39m[32mMapped {/api/attendance/:shiftId, GET} route[39m[38;5;3m +0ms[39m
[32m[Nest] 5796  - [39m29/05/2026 21:29:18 [32m    LOG[39m [38;5;3m[RoutesResolver] [39m[32mPaymentsController {/api/payments}:[39m[38;5;3m +1ms[39m
[32m[Nest] 5796  - [39m29/05/2026 21:29:18 [32m    LOG[39m [38;5;3m[RouterExplorer] [39m[32mMapped {/api/payments/employer/setup-intent, POST} route[39m[38;5;3m +1ms[39m
[32m[Nest] 5796  - [39m29/05/2026 21:29:18 [32m    LOG[39m [38;5;3m[RouterExplorer] [39m[32mMapped {/api/payments/employer/save-payment-method, POST} route[39m[38;5;3m +0ms[39m
[32m[Nest] 5796  - [39m29/05/2026 21:29:18 [32m    LOG[39m [38;5;3m[RouterExplorer] [39m[32mMapped {/api/payments/employer/subscribe, POST} route[39m[38;5;3m +1ms[39m
[32m[Nest] 5796  - [39m29/05/2026 21:29:18 [32m    LOG[39m [38;5;3m[RouterExplorer] [39m[32mMapped {/api/payments/employer/cancel-subscription, POST} route[39m[38;5;3m +1ms[39m
[32m[Nest] 5796  - [39m29/05/2026 21:29:18 [32m    LOG[39m [38;5;3m[RouterExplorer] [39m[32mMapped {/api/payments/employer/spending, GET} route[39m[38;5;3m +2ms[39m
[32m[Nest] 5796  - [39m29/05/2026 21:29:18 [32m    LOG[39m [38;5;3m[RouterExplorer] [39m[32mMapped {/api/payments/worker/connect, POST} route[39m[38;5;3m +1ms[39m
[32m[Nest] 5796  - [39m29/05/2026 21:29:18 [32m    LOG[39m [38;5;3m[RouterExplorer] [39m[32mMapped {/api/payments/worker/dashboard-link, GET} route[39m[38;5;3m +1ms[39m
[32m[Nest] 5796  - [39m29/05/2026 21:29:18 [32m    LOG[39m [38;5;3m[RouterExplorer] [39m[32mMapped {/api/payments/worker/earnings, GET} route[39m[38;5;3m +0ms[39m
[32m[Nest] 5796  - [39m29/05/2026 21:29:18 [32m    LOG[39m [38;5;3m[RouterExplorer] [39m[32mMapped {/api/payments/webhook, POST} route[39m[38;5;3m +0ms[39m
[32m[Nest] 5796  - [39m29/05/2026 21:29:18 [32m    LOG[39m [38;5;3m[RoutesResolver] [39m[32mRatingsController {/api/ratings}:[39m[38;5;3m +0ms[39m
[32m[Nest] 5796  - [39m29/05/2026 21:29:18 [32m    LOG[39m [38;5;3m[RouterExplorer] [39m[32mMapped {/api/ratings, POST} route[39m[38;5;3m +1ms[39m
[32m[Nest] 5796  - [39m29/05/2026 21:29:18 [32m    LOG[39m [38;5;3m[RouterExplorer] [39m[32mMapped {/api/ratings/worker/:id, GET} route[39m[38;5;3m +1ms[39m
[32m[Nest] 5796  - [39m29/05/2026 21:29:18 [32m    LOG[39m [38;5;3m[RouterExplorer] [39m[32mMapped {/api/ratings/shift/:shiftId/mine, GET} route[39m[38;5;3m +0ms[39m
[32m[Nest] 5796  - [39m29/05/2026 21:29:18 [32m    LOG[39m [38;5;3m[RouterExplorer] [39m[32mMapped {/api/ratings/no-show/:shiftId, POST} route[39m[38;5;3m +0ms[39m
[32m[Nest] 5796  - [39m29/05/2026 21:29:18 [32m    LOG[39m [38;5;3m[RouterExplorer] [39m[32mMapped {/api/ratings/favourites, GET} route[39m[38;5;3m +0ms[39m
[32m[Nest] 5796  - [39m29/05/2026 21:29:18 [32m    LOG[39m [38;5;3m[RouterExplorer] [39m[32mMapped {/api/ratings/favourites/:workerId, POST} route[39m[38;5;3m +1ms[39m
[32m[Nest] 5796  - [39m29/05/2026 21:29:18 [32m    LOG[39m [38;5;3m[RouterExplorer] [39m[32mMapped {/api/ratings/favourites/:workerId, DELETE} route[39m[38;5;3m +0ms[39m
[32m[Nest] 5796  - [39m29/05/2026 21:29:18 [32m    LOG[39m [38;5;3m[RoutesResolver] [39m[32mShiftsController {/api/shifts}:[39m[38;5;3m +1ms[39m
[32m[Nest] 5796  - [39m29/05/2026 21:29:18 [32m    LOG[39m [38;5;3m[RouterExplorer] [39m[32mMapped {/api/shifts, POST} route[39m[38;5;3m +0ms[39m
[32m[Nest] 5796  - [39m29/05/2026 21:29:18 [32m    LOG[39m [38;5;3m[RouterExplorer] [39m[32mMapped {/api/shifts/employer/mine, GET} route[39m[38;5;3m +0ms[39m
[32m[Nest] 5796  - [39m29/05/2026 21:29:18 [32m    LOG[39m [38;5;3m[RouterExplorer] [39m[32mMapped {/api/shifts/employer/workers, GET} route[39m[38;5;3m +0ms[39m
[32m[Nest] 5796  - [39m29/05/2026 21:29:18 [32m    LOG[39m [38;5;3m[RouterExplorer] [39m[32mMapped {/api/shifts/:id, PATCH} route[39m[38;5;3m +1ms[39m
[32m[Nest] 5796  - [39m29/05/2026 21:29:18 [32m    LOG[39m [38;5;3m[RouterExplorer] [39m[32mMapped {/api/shifts/:id/cancel, POST} route[39m[38;5;3m +0ms[39m
[32m[Nest] 5796  - [39m29/05/2026 21:29:18 [32m    LOG[39m [38;5;3m[RouterExplorer] [39m[32mMapped {/api/shifts/:id/applications, GET} route[39m[38;5;3m +0ms[39m
[32m[Nest] 5796  - [39m29/05/2026 21:29:18 [32m    LOG[39m [38;5;3m[RouterExplorer] [39m[32mMapped {/api/shifts/:id/applications/:appId/approve, POST} route[39m[38;5;3m +0ms[39m
[32m[Nest] 5796  - [39m29/05/2026 21:29:18 [32m    LOG[39m [38;5;3m[RouterExplorer] [39m[32mMapped {/api/shifts/search, GET} route[39m[38;5;3m +0ms[39m
[32m[Nest] 5796  - [39m29/05/2026 21:29:18 [32m    LOG[39m [38;5;3m[RouterExplorer] [39m[32mMapped {/api/shifts/:id/apply, POST} route[39m[38;5;3m +0ms[39m
[32m[Nest] 5796  - [39m29/05/2026 21:29:18 [32m    LOG[39m [38;5;3m[RouterExplorer] [39m[32mMapped {/api/shifts/worker/applied, GET} route[39m[38;5;3m +0ms[39m
[32m[Nest] 5796  - [39m29/05/2026 21:29:18 [32m    LOG[39m [38;5;3m[RouterExplorer] [39m[32mMapped {/api/shifts/:id, GET} route[39m[38;5;3m +1ms[39m
[32m[Nest] 5796  - [39m29/05/2026 21:29:18 [32m    LOG[39m [38;5;3m[RoutesResolver] [39m[32mAdminController {/api/admin}:[39m[38;5;3m +0ms[39m
[32m[Nest] 5796  - [39m29/05/2026 21:29:18 [32m    LOG[39m [38;5;3m[RouterExplorer] [39m[32mMapped {/api/admin/workers/pending, GET} route[39m[38;5;3m +0ms[39m
[32m[Nest] 5796  - [39m29/05/2026 21:29:18 [32m    LOG[39m [38;5;3m[RouterExplorer] [39m[32mMapped {/api/admin/workers/:id/approve, POST} route[39m[38;5;3m +0ms[39m
[32m[Nest] 5796  - [39m29/05/2026 21:29:18 [32m    LOG[39m [38;5;3m[RouterExplorer] [39m[32mMapped {/api/admin/workers/:id/reject, POST} route[39m[38;5;3m +0ms[39m
[32m[Nest] 5796  - [39m29/05/2026 21:29:18 [32m    LOG[39m [38;5;3m[RedisService] [39m[32mRedis client initialized[39m
IMPORTANT! Eviction policy is allkeys-lru. It should be "noeviction"
IMPORTANT! Eviction policy is allkeys-lru. It should be "noeviction"
IMPORTANT! Eviction policy is allkeys-lru. It should be "noeviction"
IMPORTANT! Eviction policy is allkeys-lru. It should be "noeviction"
IMPORTANT! Eviction policy is allkeys-lru. It should be "noeviction"
IMPORTANT! Eviction policy is allkeys-lru. It should be "noeviction"
IMPORTANT! Eviction policy is allkeys-lru. It should be "noeviction"
IMPORTANT! Eviction policy is allkeys-lru. It should be "noeviction"
IMPORTANT! Eviction policy is allkeys-lru. It should be "noeviction"
IMPORTANT! Eviction policy is allkeys-lru. It should be "noeviction"
IMPORTANT! Eviction policy is allkeys-lru. It should be "noeviction"
[32m[Nest] 5796  - [39m29/05/2026 21:29:18 [32m    LOG[39m [38;5;3m[QuarterlySsSchedulerService] [39m[32m[SS Scheduler] Quarterly SS reminder cron registered: 0 9 1 3,6,9,12 *[39m
[32m[Nest] 5796  - [39m29/05/2026 21:29:18 [32m    LOG[39m [38;5;3m[NestApplication] [39m[32mNest application successfully started[39m[38;5;3m +2ms[39m
[32m[Nest] 5796  - [39m29/05/2026 21:29:18 [32m    LOG[39m [38;5;3m[Bootstrap] [39m[32m🚀 Turnos API running at http://localhost:3001/api[39m
[32m[Nest] 5796  - [39m29/05/2026 21:29:18 [32m    LOG[39m [38;5;3m[Bootstrap] [39m[32m🏥 Health check: http://localhost:3001/api/health[39m
[32m[Nest] 5796  - [39m29/05/2026 21:29:18 [32m    LOG[39m [38;5;3m[Bootstrap] [39m[32m📦 Environment: development[39m
[[90m21:29:18[0m] Found 0 errors. Watching for file changes.

[2J[3J[H[[90m21:29:22[0m] File change detected. Starting incremental compilation...

[[90m21:29:23[0m] Found 0 errors. Watching for file changes.

[32m[Nest] 17504  - [39m29/05/2026 21:29:30 [32m    LOG[39m [38;5;3m[NestFactory] [39m[32mStarting Nest application...[39m
[32m[Nest] 17504  - [39m29/05/2026 21:29:30 [32m    LOG[39m [38;5;3m[InstanceLoader] [39m[32mTypeOrmModule dependencies initialized[39m[38;5;3m +32ms[39m
[32m[Nest] 17504  - [39m29/05/2026 21:29:30 [32m    LOG[39m [38;5;3m[InstanceLoader] [39m[32mPassportModule dependencies initialized[39m[38;5;3m +0ms[39m
[32m[Nest] 17504  - [39m29/05/2026 21:29:30 [32m    LOG[39m [38;5;3m[InstanceLoader] [39m[32mMulterModule dependencies initialized[39m[38;5;3m +0ms[39m
[32m[Nest] 17504  - [39m29/05/2026 21:29:30 [32m    LOG[39m [38;5;3m[InstanceLoader] [39m[32mThrottlerModule dependencies initialized[39m[38;5;3m +1ms[39m
[32m[Nest] 17504  - [39m29/05/2026 21:29:30 [32m    LOG[39m [38;5;3m[InstanceLoader] [39m[32mJwtModule dependencies initialized[39m[38;5;3m +0ms[39m
[32m[Nest] 17504  - [39m29/05/2026 21:29:30 [32m    LOG[39m [38;5;3m[InstanceLoader] [39m[32mConfigHostModule dependencies initialized[39m[38;5;3m +1ms[39m
[32m[Nest] 17504  - [39m29/05/2026 21:29:30 [32m    LOG[39m [38;5;3m[InstanceLoader] [39m[32mDiscoveryModule dependencies initialized[39m[38;5;3m +0ms[39m
[32m[Nest] 17504  - [39m29/05/2026 21:29:30 [32m    LOG[39m [38;5;3m[InstanceLoader] [39m[32mServeStaticModule dependencies initialized[39m[38;5;3m +1ms[39m
[32m[Nest] 17504  - [39m29/05/2026 21:29:30 [32m    LOG[39m [38;5;3m[InstanceLoader] [39m[32mConfigModule dependencies initialized[39m[38;5;3m +0ms[39m
[32m[Nest] 17504  - [39m29/05/2026 21:29:30 [32m    LOG[39m [38;5;3m[InstanceLoader] [39m[32mConfigModule dependencies initialized[39m[38;5;3m +0ms[39m
[33m[Nest] 17504  - [39m29/05/2026 21:29:30 [33m   WARN[39m [38;5;3m[MailService] [39m[33mMAIL_HOST/MAIL_USER not set — emails will be logged to console only[39m
[33m[Nest] 17504  - [39m29/05/2026 21:29:30 [33m   WARN[39m [38;5;3m[StorageService] [39m[33mR2 credentials absent — using local disk storage[39m
[32m[Nest] 17504  - [39m29/05/2026 21:29:30 [32m    LOG[39m [38;5;3m[InstanceLoader] [39m[32mHealthModule dependencies initialized[39m[38;5;3m +0ms[39m
[32m[Nest] 17504  - [39m29/05/2026 21:29:30 [32m    LOG[39m [38;5;3m[InstanceLoader] [39m[32mAppModule dependencies initialized[39m[38;5;3m +1ms[39m
[32m[Nest] 17504  - [39m29/05/2026 21:29:30 [32m    LOG[39m [38;5;3m[InstanceLoader] [39m[32mBullModule dependencies initialized[39m[38;5;3m +99ms[39m
[32m[Nest] 17504  - [39m29/05/2026 21:29:30 [32m    LOG[39m [38;5;3m[InstanceLoader] [39m[32mBullModule dependencies initialized[39m[38;5;3m +0ms[39m
[32m[Nest] 17504  - [39m29/05/2026 21:29:30 [32m    LOG[39m [38;5;3m[InstanceLoader] [39m[32mRedisModule dependencies initialized[39m[38;5;3m +13ms[39m
[32m[Nest] 17504  - [39m29/05/2026 21:29:30 [32m    LOG[39m [38;5;3m[InstanceLoader] [39m[32mMailModule dependencies initialized[39m[38;5;3m +0ms[39m
[32m[Nest] 17504  - [39m29/05/2026 21:29:30 [32m    LOG[39m [38;5;3m[InstanceLoader] [39m[32mStorageModule dependencies initialized[39m[38;5;3m +0ms[39m
[32m[Nest] 17504  - [39m29/05/2026 21:29:30 [32m    LOG[39m [38;5;3m[InstanceLoader] [39m[32mJwtModule dependencies initialized[39m[38;5;3m +1ms[39m
[32m[Nest] 17504  - [39m29/05/2026 21:29:30 [32m    LOG[39m [38;5;3m[InstanceLoader] [39m[32mBullModule dependencies initialized[39m[38;5;3m +4ms[39m
[32m[Nest] 17504  - [39m29/05/2026 21:29:30 [32m    LOG[39m [38;5;3m[InstanceLoader] [39m[32mBullModule dependencies initialized[39m[38;5;3m +0ms[39m
[32m[Nest] 17504  - [39m29/05/2026 21:29:30 [32m    LOG[39m [38;5;3m[InstanceLoader] [39m[32mBullModule dependencies initialized[39m[38;5;3m +0ms[39m
[32m[Nest] 17504  - [39m29/05/2026 21:29:30 [32m    LOG[39m [38;5;3m[InstanceLoader] [39m[32mBullModule dependencies initialized[39m[38;5;3m +0ms[39m
[32m[Nest] 17504  - [39m29/05/2026 21:29:30 [32m    LOG[39m [38;5;3m[InstanceLoader] [39m[32mBullModule dependencies initialized[39m[38;5;3m +0ms[39m
[32m[Nest] 17504  - [39m29/05/2026 21:29:30 [32m    LOG[39m [38;5;3m[InstanceLoader] [39m[32mBullModule dependencies initialized[39m[38;5;3m +0ms[39m
IMPORTANT! Eviction policy is allkeys-lru. It should be "noeviction"
IMPORTANT! Eviction policy is allkeys-lru. It should be "noeviction"
IMPORTANT! Eviction policy is allkeys-lru. It should be "noeviction"
IMPORTANT! Eviction policy is allkeys-lru. It should be "noeviction"
IMPORTANT! Eviction policy is allkeys-lru. It should be "noeviction"
IMPORTANT! Eviction policy is allkeys-lru. It should be "noeviction"
(node:17504) DeprecationWarning: Calling client.query() when the client is already executing a query is deprecated and will be removed in pg@9.0. Use async/await or an external async flow control mechanism instead.
(Use `node --trace-deprecation ...` to show where the warning was created)
[32m[Nest] 17504  - [39m29/05/2026 21:29:30 [32m    LOG[39m [38;5;3m[InstanceLoader] [39m[32mTypeOrmCoreModule dependencies initialized[39m[38;5;3m +347ms[39m
[32m[Nest] 17504  - [39m29/05/2026 21:29:30 [32m    LOG[39m [38;5;3m[InstanceLoader] [39m[32mTypeOrmModule dependencies initialized[39m[38;5;3m +0ms[39m
[32m[Nest] 17504  - [39m29/05/2026 21:29:30 [32m    LOG[39m [38;5;3m[InstanceLoader] [39m[32mTypeOrmModule dependencies initialized[39m[38;5;3m +0ms[39m
[32m[Nest] 17504  - [39m29/05/2026 21:29:30 [32m    LOG[39m [38;5;3m[InstanceLoader] [39m[32mTypeOrmModule dependencies initialized[39m[38;5;3m +0ms[39m
[32m[Nest] 17504  - [39m29/05/2026 21:29:30 [32m    LOG[39m [38;5;3m[InstanceLoader] [39m[32mTypeOrmModule dependencies initialized[39m[38;5;3m +0ms[39m
[32m[Nest] 17504  - [39m29/05/2026 21:29:30 [32m    LOG[39m [38;5;3m[InstanceLoader] [39m[32mTypeOrmModule dependencies initialized[39m[38;5;3m +0ms[39m
[32m[Nest] 17504  - [39m29/05/2026 21:29:30 [32m    LOG[39m [38;5;3m[InstanceLoader] [39m[32mTypeOrmModule dependencies initialized[39m[38;5;3m +0ms[39m
[32m[Nest] 17504  - [39m29/05/2026 21:29:30 [32m    LOG[39m [38;5;3m[InstanceLoader] [39m[32mTypeOrmModule dependencies initialized[39m[38;5;3m +0ms[39m
[32m[Nest] 17504  - [39m29/05/2026 21:29:30 [32m    LOG[39m [38;5;3m[InstanceLoader] [39m[32mTypeOrmModule dependencies initialized[39m[38;5;3m +0ms[39m
[32m[Nest] 17504  - [39m29/05/2026 21:29:30 [32m    LOG[39m [38;5;3m[InstanceLoader] [39m[32mUsersModule dependencies initialized[39m[38;5;3m +5ms[39m
[32m[Nest] 17504  - [39m29/05/2026 21:29:30 [32m    LOG[39m [38;5;3m[InstanceLoader] [39m[32mGatewayModule dependencies initialized[39m[38;5;3m +0ms[39m
[33m[Nest] 17504  - [39m29/05/2026 21:29:30 [33m   WARN[39m [38;5;3m[AuthService] [39m[33mTwilio credentials absent — using Mock OTP (code: 123456)[39m
[32m[Nest] 17504  - [39m29/05/2026 21:29:30 [32m    LOG[39m [38;5;3m[InstanceLoader] [39m[32mNotificationsModule dependencies initialized[39m[38;5;3m +1ms[39m
[32m[Nest] 17504  - [39m29/05/2026 21:29:30 [32m    LOG[39m [38;5;3m[InstanceLoader] [39m[32mAdminModule dependencies initialized[39m[38;5;3m +0ms[39m
[32m[Nest] 17504  - [39m29/05/2026 21:29:30 [32m    LOG[39m [38;5;3m[InstanceLoader] [39m[32mPaymentsModule dependencies initialized[39m[38;5;3m +2ms[39m
[32m[Nest] 17504  - [39m29/05/2026 21:29:30 [32m    LOG[39m [38;5;3m[InstanceLoader] [39m[32mRatingsModule dependencies initialized[39m[38;5;3m +0ms[39m
[32m[Nest] 17504  - [39m29/05/2026 21:29:30 [32m    LOG[39m [38;5;3m[InstanceLoader] [39m[32mComplianceModule dependencies initialized[39m[38;5;3m +0ms[39m
[32m[Nest] 17504  - [39m29/05/2026 21:29:30 [32m    LOG[39m [38;5;3m[InstanceLoader] [39m[32mAuthModule dependencies initialized[39m[38;5;3m +0ms[39m
[32m[Nest] 17504  - [39m29/05/2026 21:29:30 [32m    LOG[39m [38;5;3m[InstanceLoader] [39m[32mAttendanceModule dependencies initialized[39m[38;5;3m +1ms[39m
[32m[Nest] 17504  - [39m29/05/2026 21:29:30 [32m    LOG[39m [38;5;3m[InstanceLoader] [39m[32mShiftsModule dependencies initialized[39m[38;5;3m +0ms[39m
[32m[Nest] 17504  - [39m29/05/2026 21:29:31 [32m    LOG[39m [38;5;3m[RoutesResolver] [39m[32mAppController {/api}:[39m[38;5;3m +954ms[39m
[32m[Nest] 17504  - [39m29/05/2026 21:29:31 [32m    LOG[39m [38;5;3m[RouterExplorer] [39m[32mMapped {/api, GET} route[39m[38;5;3m +2ms[39m
[32m[Nest] 17504  - [39m29/05/2026 21:29:31 [32m    LOG[39m [38;5;3m[RoutesResolver] [39m[32mHealthController {/api/health}:[39m[38;5;3m +0ms[39m
[32m[Nest] 17504  - [39m29/05/2026 21:29:31 [32m    LOG[39m [38;5;3m[RouterExplorer] [39m[32mMapped {/api/health, GET} route[39m[38;5;3m +1ms[39m
[32m[Nest] 17504  - [39m29/05/2026 21:29:31 [32m    LOG[39m [38;5;3m[RoutesResolver] [39m[32mAuthController {/api/auth}:[39m[38;5;3m +0ms[39m
[32m[Nest] 17504  - [39m29/05/2026 21:29:31 [32m    LOG[39m [38;5;3m[RouterExplorer] [39m[32mMapped {/api/auth/send-otp, POST} route[39m[38;5;3m +0ms[39m
[32m[Nest] 17504  - [39m29/05/2026 21:29:31 [32m    LOG[39m [38;5;3m[RouterExplorer] [39m[32mMapped {/api/auth/verify-otp, POST} route[39m[38;5;3m +0ms[39m
[32m[Nest] 17504  - [39m29/05/2026 21:29:31 [32m    LOG[39m [38;5;3m[RouterExplorer] [39m[32mMapped {/api/auth/register/employer, POST} route[39m[38;5;3m +0ms[39m
[32m[Nest] 17504  - [39m29/05/2026 21:29:31 [32m    LOG[39m [38;5;3m[RouterExplorer] [39m[32mMapped {/api/auth/login/employer, POST} route[39m[38;5;3m +1ms[39m
[32m[Nest] 17504  - [39m29/05/2026 21:29:31 [32m    LOG[39m [38;5;3m[RouterExplorer] [39m[32mMapped {/api/auth/verify-email/:token, GET} route[39m[38;5;3m +0ms[39m
[32m[Nest] 17504  - [39m29/05/2026 21:29:31 [32m    LOG[39m [38;5;3m[RouterExplorer] [39m[32mMapped {/api/auth/google/verify-token, POST} route[39m[38;5;3m +0ms[39m
[32m[Nest] 17504  - [39m29/05/2026 21:29:31 [32m    LOG[39m [38;5;3m[RouterExplorer] [39m[32mMapped {/api/auth/refresh, POST} route[39m[38;5;3m +0ms[39m
[32m[Nest] 17504  - [39m29/05/2026 21:29:31 [32m    LOG[39m [38;5;3m[RouterExplorer] [39m[32mMapped {/api/auth/logout, POST} route[39m[38;5;3m +0ms[39m
[32m[Nest] 17504  - [39m29/05/2026 21:29:31 [32m    LOG[39m [38;5;3m[RouterExplorer] [39m[32mMapped {/api/auth/worker/profile, POST} route[39m[38;5;3m +0ms[39m
[32m[Nest] 17504  - [39m29/05/2026 21:29:31 [32m    LOG[39m [38;5;3m[RouterExplorer] [39m[32mMapped {/api/auth/worker/profile, PATCH} route[39m[38;5;3m +1ms[39m
[32m[Nest] 17504  - [39m29/05/2026 21:29:31 [32m    LOG[39m [38;5;3m[RouterExplorer] [39m[32mMapped {/api/auth/worker/photo, POST} route[39m[38;5;3m +0ms[39m
[32m[Nest] 17504  - [39m29/05/2026 21:29:31 [32m    LOG[39m [38;5;3m[RouterExplorer] [39m[32mMapped {/api/auth/me, GET} route[39m[38;5;3m +0ms[39m
[32m[Nest] 17504  - [39m29/05/2026 21:29:31 [32m    LOG[39m [38;5;3m[RouterExplorer] [39m[32mMapped {/api/auth/worker/push-token, POST} route[39m[38;5;3m +0ms[39m
[32m[Nest] 17504  - [39m29/05/2026 21:29:31 [32m    LOG[39m [38;5;3m[RoutesResolver] [39m[32mComplianceController {/api/compliance}:[39m[38;5;3m +0ms[39m
[32m[Nest] 17504  - [39m29/05/2026 21:29:31 [32m    LOG[39m [38;5;3m[RouterExplorer] [39m[32mMapped {/api/compliance/employer/tsu-report, GET} route[39m[38;5;3m +0ms[39m
[32m[Nest] 17504  - [39m29/05/2026 21:29:31 [32m    LOG[39m [38;5;3m[RouterExplorer] [39m[32mMapped {/api/compliance/employer/mcd-contracts, GET} route[39m[38;5;3m +0ms[39m
[32m[Nest] 17504  - [39m29/05/2026 21:29:31 [32m    LOG[39m [38;5;3m[RouterExplorer] [39m[32mMapped {/api/compliance/employer/audit-log, GET} route[39m[38;5;3m +0ms[39m
[32m[Nest] 17504  - [39m29/05/2026 21:29:31 [32m    LOG[39m [38;5;3m[RouterExplorer] [39m[32mMapped {/api/compliance/worker/dependency, GET} route[39m[38;5;3m +0ms[39m
[32m[Nest] 17504  - [39m29/05/2026 21:29:31 [32m    LOG[39m [38;5;3m[RouterExplorer] [39m[32mMapped {/api/compliance/worker/external-income, PATCH} route[39m[38;5;3m +0ms[39m
[32m[Nest] 17504  - [39m29/05/2026 21:29:31 [32m    LOG[39m [38;5;3m[RoutesResolver] [39m[32mAttendanceController {/api/attendance}:[39m[38;5;3m +1ms[39m
[32m[Nest] 17504  - [39m29/05/2026 21:29:31 [32m    LOG[39m [38;5;3m[RouterExplorer] [39m[32mMapped {/api/attendance/employer-qr, GET} route[39m[38;5;3m +0ms[39m
[32m[Nest] 17504  - [39m29/05/2026 21:29:31 [32m    LOG[39m [38;5;3m[RouterExplorer] [39m[32mMapped {/api/attendance/:shiftId/manual-confirm, POST} route[39m[38;5;3m +0ms[39m
[32m[Nest] 17504  - [39m29/05/2026 21:29:31 [32m    LOG[39m [38;5;3m[RouterExplorer] [39m[32mMapped {/api/attendance/:shiftId/dispute/employer, POST} route[39m[38;5;3m +0ms[39m
[32m[Nest] 17504  - [39m29/05/2026 21:29:31 [32m    LOG[39m [38;5;3m[RouterExplorer] [39m[32mMapped {/api/attendance/check-in, POST} route[39m[38;5;3m +0ms[39m
[32m[Nest] 17504  - [39m29/05/2026 21:29:31 [32m    LOG[39m [38;5;3m[RouterExplorer] [39m[32mMapped {/api/attendance/check-out, POST} route[39m[38;5;3m +0ms[39m
[32m[Nest] 17504  - [39m29/05/2026 21:29:31 [32m    LOG[39m [38;5;3m[RouterExplorer] [39m[32mMapped {/api/attendance/:shiftId/dispute/worker, POST} route[39m[38;5;3m +0ms[39m
[32m[Nest] 17504  - [39m29/05/2026 21:29:31 [32m    LOG[39m [38;5;3m[RouterExplorer] [39m[32mMapped {/api/attendance/:shiftId, GET} route[39m[38;5;3m +0ms[39m
[32m[Nest] 17504  - [39m29/05/2026 21:29:31 [32m    LOG[39m [38;5;3m[RoutesResolver] [39m[32mPaymentsController {/api/payments}:[39m[38;5;3m +0ms[39m
[32m[Nest] 17504  - [39m29/05/2026 21:29:31 [32m    LOG[39m [38;5;3m[RouterExplorer] [39m[32mMapped {/api/payments/employer/setup-intent, POST} route[39m[38;5;3m +0ms[39m
[32m[Nest] 17504  - [39m29/05/2026 21:29:31 [32m    LOG[39m [38;5;3m[RouterExplorer] [39m[32mMapped {/api/payments/employer/save-payment-method, POST} route[39m[38;5;3m +0ms[39m
[32m[Nest] 17504  - [39m29/05/2026 21:29:31 [32m    LOG[39m [38;5;3m[RouterExplorer] [39m[32mMapped {/api/payments/employer/subscribe, POST} route[39m[38;5;3m +1ms[39m
[32m[Nest] 17504  - [39m29/05/2026 21:29:31 [32m    LOG[39m [38;5;3m[RouterExplorer] [39m[32mMapped {/api/payments/employer/cancel-subscription, POST} route[39m[38;5;3m +0ms[39m
[32m[Nest] 17504  - [39m29/05/2026 21:29:31 [32m    LOG[39m [38;5;3m[RouterExplorer] [39m[32mMapped {/api/payments/employer/spending, GET} route[39m[38;5;3m +0ms[39m
[32m[Nest] 17504  - [39m29/05/2026 21:29:31 [32m    LOG[39m [38;5;3m[RouterExplorer] [39m[32mMapped {/api/payments/worker/connect, POST} route[39m[38;5;3m +0ms[39m
[32m[Nest] 17504  - [39m29/05/2026 21:29:31 [32m    LOG[39m [38;5;3m[RouterExplorer] [39m[32mMapped {/api/payments/worker/dashboard-link, GET} route[39m[38;5;3m +0ms[39m
[32m[Nest] 17504  - [39m29/05/2026 21:29:31 [32m    LOG[39m [38;5;3m[RouterExplorer] [39m[32mMapped {/api/payments/worker/earnings, GET} route[39m[38;5;3m +0ms[39m
[32m[Nest] 17504  - [39m29/05/2026 21:29:31 [32m    LOG[39m [38;5;3m[RouterExplorer] [39m[32mMapped {/api/payments/webhook, POST} route[39m[38;5;3m +0ms[39m
[32m[Nest] 17504  - [39m29/05/2026 21:29:31 [32m    LOG[39m [38;5;3m[RoutesResolver] [39m[32mRatingsController {/api/ratings}:[39m[38;5;3m +0ms[39m
[32m[Nest] 17504  - [39m29/05/2026 21:29:31 [32m    LOG[39m [38;5;3m[RouterExplorer] [39m[32mMapped {/api/ratings, POST} route[39m[38;5;3m +0ms[39m
[32m[Nest] 17504  - [39m29/05/2026 21:29:31 [32m    LOG[39m [38;5;3m[RouterExplorer] [39m[32mMapped {/api/ratings/worker/:id, GET} route[39m[38;5;3m +0ms[39m
[32m[Nest] 17504  - [39m29/05/2026 21:29:31 [32m    LOG[39m [38;5;3m[RouterExplorer] [39m[32mMapped {/api/ratings/shift/:shiftId/mine, GET} route[39m[38;5;3m +0ms[39m
[32m[Nest] 17504  - [39m29/05/2026 21:29:31 [32m    LOG[39m [38;5;3m[RouterExplorer] [39m[32mMapped {/api/ratings/no-show/:shiftId, POST} route[39m[38;5;3m +0ms[39m
[32m[Nest] 17504  - [39m29/05/2026 21:29:31 [32m    LOG[39m [38;5;3m[RouterExplorer] [39m[32mMapped {/api/ratings/favourites, GET} route[39m[38;5;3m +1ms[39m
[32m[Nest] 17504  - [39m29/05/2026 21:29:31 [32m    LOG[39m [38;5;3m[RouterExplorer] [39m[32mMapped {/api/ratings/favourites/:workerId, POST} route[39m[38;5;3m +0ms[39m
[32m[Nest] 17504  - [39m29/05/2026 21:29:31 [32m    LOG[39m [38;5;3m[RouterExplorer] [39m[32mMapped {/api/ratings/favourites/:workerId, DELETE} route[39m[38;5;3m +0ms[39m
[32m[Nest] 17504  - [39m29/05/2026 21:29:31 [32m    LOG[39m [38;5;3m[RoutesResolver] [39m[32mShiftsController {/api/shifts}:[39m[38;5;3m +0ms[39m
[32m[Nest] 17504  - [39m29/05/2026 21:29:31 [32m    LOG[39m [38;5;3m[RouterExplorer] [39m[32mMapped {/api/shifts, POST} route[39m[38;5;3m +0ms[39m
[32m[Nest] 17504  - [39m29/05/2026 21:29:31 [32m    LOG[39m [38;5;3m[RouterExplorer] [39m[32mMapped {/api/shifts/employer/mine, GET} route[39m[38;5;3m +0ms[39m
[32m[Nest] 17504  - [39m29/05/2026 21:29:31 [32m    LOG[39m [38;5;3m[RouterExplorer] [39m[32mMapped {/api/shifts/employer/workers, GET} route[39m[38;5;3m +0ms[39m
[32m[Nest] 17504  - [39m29/05/2026 21:29:31 [32m    LOG[39m [38;5;3m[RouterExplorer] [39m[32mMapped {/api/shifts/:id, PATCH} route[39m[38;5;3m +0ms[39m
[32m[Nest] 17504  - [39m29/05/2026 21:29:31 [32m    LOG[39m [38;5;3m[RouterExplorer] [39m[32mMapped {/api/shifts/:id/cancel, POST} route[39m[38;5;3m +1ms[39m
[32m[Nest] 17504  - [39m29/05/2026 21:29:31 [32m    LOG[39m [38;5;3m[RouterExplorer] [39m[32mMapped {/api/shifts/:id/applications, GET} route[39m[38;5;3m +0ms[39m
[32m[Nest] 17504  - [39m29/05/2026 21:29:31 [32m    LOG[39m [38;5;3m[RouterExplorer] [39m[32mMapped {/api/shifts/:id/applications/:appId/approve, POST} route[39m[38;5;3m +0ms[39m
[32m[Nest] 17504  - [39m29/05/2026 21:29:31 [32m    LOG[39m [38;5;3m[RouterExplorer] [39m[32mMapped {/api/shifts/search, GET} route[39m[38;5;3m +0ms[39m
[32m[Nest] 17504  - [39m29/05/2026 21:29:31 [32m    LOG[39m [38;5;3m[RouterExplorer] [39m[32mMapped {/api/shifts/:id/apply, POST} route[39m[38;5;3m +0ms[39m
[32m[Nest] 17504  - [39m29/05/2026 21:29:31 [32m    LOG[39m [38;5;3m[RouterExplorer] [39m[32mMapped {/api/shifts/worker/applied, GET} route[39m[38;5;3m +0ms[39m
[32m[Nest] 17504  - [39m29/05/2026 21:29:31 [32m    LOG[39m [38;5;3m[RouterExplorer] [39m[32mMapped {/api/shifts/:id, GET} route[39m[38;5;3m +0ms[39m
[32m[Nest] 17504  - [39m29/05/2026 21:29:31 [32m    LOG[39m [38;5;3m[RoutesResolver] [39m[32mAdminController {/api/admin}:[39m[38;5;3m +0ms[39m
[32m[Nest] 17504  - [39m29/05/2026 21:29:31 [32m    LOG[39m [38;5;3m[RouterExplorer] [39m[32mMapped {/api/admin/workers/pending, GET} route[39m[38;5;3m +1ms[39m
[32m[Nest] 17504  - [39m29/05/2026 21:29:31 [32m    LOG[39m [38;5;3m[RouterExplorer] [39m[32mMapped {/api/admin/workers/:id/approve, POST} route[39m[38;5;3m +0ms[39m
[32m[Nest] 17504  - [39m29/05/2026 21:29:31 [32m    LOG[39m [38;5;3m[RouterExplorer] [39m[32mMapped {/api/admin/workers/:id/reject, POST} route[39m[38;5;3m +0ms[39m
[32m[Nest] 17504  - [39m29/05/2026 21:29:31 [32m    LOG[39m [38;5;3m[RedisService] [39m[32mRedis client initialized[39m
IMPORTANT! Eviction policy is allkeys-lru. It should be "noeviction"
IMPORTANT! Eviction policy is allkeys-lru. It should be "noeviction"
IMPORTANT! Eviction policy is allkeys-lru. It should be "noeviction"
IMPORTANT! Eviction policy is allkeys-lru. It should be "noeviction"
IMPORTANT! Eviction policy is allkeys-lru. It should be "noeviction"
IMPORTANT! Eviction policy is allkeys-lru. It should be "noeviction"
IMPORTANT! Eviction policy is allkeys-lru. It should be "noeviction"
IMPORTANT! Eviction policy is allkeys-lru. It should be "noeviction"
IMPORTANT! Eviction policy is allkeys-lru. It should be "noeviction"
IMPORTANT! Eviction policy is allkeys-lru. It should be "noeviction"
IMPORTANT! Eviction policy is allkeys-lru. It should be "noeviction"
[32m[Nest] 17504  - [39m29/05/2026 21:29:31 [32m    LOG[39m [38;5;3m[QuarterlySsSchedulerService] [39m[32m[SS Scheduler] Quarterly SS reminder cron registered: 0 9 1 3,6,9,12 *[39m
[32m[Nest] 17504  - [39m29/05/2026 21:29:31 [32m    LOG[39m [38;5;3m[NestApplication] [39m[32mNest application successfully started[39m[38;5;3m +2ms[39m
[31m[Nest] 17504  - [39m29/05/2026 21:29:31 [31m  ERROR[39m [38;5;3m[NestApplication] [39m[31mError: listen EADDRINUSE: address already in use :::3001[39m[38;5;3m +1ms[39m
node:net:1940
    const ex = new UVExceptionWithHostPort(err, 'listen', address, port);
               ^

Error: listen EADDRINUSE: address already in use :::3001
    at Server.setupListenHandle [as _listen2] (node:net:1940:16)
    at listenInCluster (node:net:1997:12)
    at Server.listen (node:net:2102:7)
    at ExpressAdapter.listen (C:\Users\j3_19\AppData\Roaming\MetaQuotes\Terminal\0727F3F88B5F0FE006962B330B91FF37\Turnos App\node_modules\@nestjs\platform-express\adapters\express-adapter.js:95:32)
    at C:\Users\j3_19\AppData\Roaming\MetaQuotes\Terminal\0727F3F88B5F0FE006962B330B91FF37\Turnos App\node_modules\@nestjs\core\nest-application.js:183:30
    at new Promise (<anonymous>)
    at NestApplication.listen (C:\Users\j3_19\AppData\Roaming\MetaQuotes\Terminal\0727F3F88B5F0FE006962B330B91FF37\Turnos App\node_modules\@nestjs\core\nest-application.js:173:16)
    at process.processTicksAndRejections (node:internal/process/task_queues:105:5)
    at async bootstrap (C:\Users\j3_19\AppData\Roaming\MetaQuotes\Terminal\0727F3F88B5F0FE006962B330B91FF37\Turnos App\apps\api\src\main.ts:37:3) {
  code: 'EADDRINUSE',
  errno: -4091,
  syscall: 'listen',
  address: '::',
  port: 3001
}

Node.js v24.6.0
[2J[3J[H[[90m21:46:52[0m] File change detected. Starting incremental compilation...

[[90m21:46:52[0m] Found 0 errors. Watching for file changes.

[32m[Nest] 29264  - [39m29/05/2026 21:46:59 [32m    LOG[39m [38;5;3m[NestFactory] [39m[32mStarting Nest application...[39m
[32m[Nest] 29264  - [39m29/05/2026 21:46:59 [32m    LOG[39m [38;5;3m[InstanceLoader] [39m[32mTypeOrmModule dependencies initialized[39m[38;5;3m +33ms[39m
[32m[Nest] 29264  - [39m29/05/2026 21:46:59 [32m    LOG[39m [38;5;3m[InstanceLoader] [39m[32mPassportModule dependencies initialized[39m[38;5;3m +0ms[39m
[32m[Nest] 29264  - [39m29/05/2026 21:46:59 [32m    LOG[39m [38;5;3m[InstanceLoader] [39m[32mMulterModule dependencies initialized[39m[38;5;3m +0ms[39m
[32m[Nest] 29264  - [39m29/05/2026 21:46:59 [32m    LOG[39m [38;5;3m[InstanceLoader] [39m[32mThrottlerModule dependencies initialized[39m[38;5;3m +0ms[39m
[32m[Nest] 29264  - [39m29/05/2026 21:46:59 [32m    LOG[39m [38;5;3m[InstanceLoader] [39m[32mJwtModule dependencies initialized[39m[38;5;3m +0ms[39m
[32m[Nest] 29264  - [39m29/05/2026 21:46:59 [32m    LOG[39m [38;5;3m[InstanceLoader] [39m[32mConfigHostModule dependencies initialized[39m[38;5;3m +0ms[39m
[32m[Nest] 29264  - [39m29/05/2026 21:46:59 [32m    LOG[39m [38;5;3m[InstanceLoader] [39m[32mDiscoveryModule dependencies initialized[39m[38;5;3m +1ms[39m
[32m[Nest] 29264  - [39m29/05/2026 21:46:59 [32m    LOG[39m [38;5;3m[InstanceLoader] [39m[32mServeStaticModule dependencies initialized[39m[38;5;3m +0ms[39m
[32m[Nest] 29264  - [39m29/05/2026 21:46:59 [32m    LOG[39m [38;5;3m[InstanceLoader] [39m[32mConfigModule dependencies initialized[39m[38;5;3m +1ms[39m
[32m[Nest] 29264  - [39m29/05/2026 21:46:59 [32m    LOG[39m [38;5;3m[InstanceLoader] [39m[32mConfigModule dependencies initialized[39m[38;5;3m +0ms[39m
[33m[Nest] 29264  - [39m29/05/2026 21:46:59 [33m   WARN[39m [38;5;3m[MailService] [39m[33mMAIL_HOST/MAIL_USER not set — emails will be logged to console only[39m
[33m[Nest] 29264  - [39m29/05/2026 21:46:59 [33m   WARN[39m [38;5;3m[StorageService] [39m[33mR2 credentials absent — using local disk storage[39m
[32m[Nest] 29264  - [39m29/05/2026 21:46:59 [32m    LOG[39m [38;5;3m[InstanceLoader] [39m[32mHealthModule dependencies initialized[39m[38;5;3m +1ms[39m
[32m[Nest] 29264  - [39m29/05/2026 21:46:59 [32m    LOG[39m [38;5;3m[InstanceLoader] [39m[32mAppModule dependencies initialized[39m[38;5;3m +0ms[39m
[32m[Nest] 29264  - [39m29/05/2026 21:46:59 [32m    LOG[39m [38;5;3m[InstanceLoader] [39m[32mBullModule dependencies initialized[39m[38;5;3m +79ms[39m
[32m[Nest] 29264  - [39m29/05/2026 21:46:59 [32m    LOG[39m [38;5;3m[InstanceLoader] [39m[32mBullModule dependencies initialized[39m[38;5;3m +0ms[39m
[32m[Nest] 29264  - [39m29/05/2026 21:46:59 [32m    LOG[39m [38;5;3m[InstanceLoader] [39m[32mRedisModule dependencies initialized[39m[38;5;3m +9ms[39m
[32m[Nest] 29264  - [39m29/05/2026 21:46:59 [32m    LOG[39m [38;5;3m[InstanceLoader] [39m[32mMailModule dependencies initialized[39m[38;5;3m +0ms[39m
[32m[Nest] 29264  - [39m29/05/2026 21:46:59 [32m    LOG[39m [38;5;3m[InstanceLoader] [39m[32mStorageModule dependencies initialized[39m[38;5;3m +1ms[39m
[32m[Nest] 29264  - [39m29/05/2026 21:46:59 [32m    LOG[39m [38;5;3m[InstanceLoader] [39m[32mJwtModule dependencies initialized[39m[38;5;3m +0ms[39m
[32m[Nest] 29264  - [39m29/05/2026 21:46:59 [32m    LOG[39m [38;5;3m[InstanceLoader] [39m[32mBullModule dependencies initialized[39m[38;5;3m +5ms[39m
[32m[Nest] 29264  - [39m29/05/2026 21:46:59 [32m    LOG[39m [38;5;3m[InstanceLoader] [39m[32mBullModule dependencies initialized[39m[38;5;3m +0ms[39m
[32m[Nest] 29264  - [39m29/05/2026 21:46:59 [32m    LOG[39m [38;5;3m[InstanceLoader] [39m[32mBullModule dependencies initialized[39m[38;5;3m +0ms[39m
[32m[Nest] 29264  - [39m29/05/2026 21:46:59 [32m    LOG[39m [38;5;3m[InstanceLoader] [39m[32mBullModule dependencies initialized[39m[38;5;3m +0ms[39m
[32m[Nest] 29264  - [39m29/05/2026 21:46:59 [32m    LOG[39m [38;5;3m[InstanceLoader] [39m[32mBullModule dependencies initialized[39m[38;5;3m +0ms[39m
[32m[Nest] 29264  - [39m29/05/2026 21:46:59 [32m    LOG[39m [38;5;3m[InstanceLoader] [39m[32mBullModule dependencies initialized[39m[38;5;3m +0ms[39m
IMPORTANT! Eviction policy is allkeys-lru. It should be "noeviction"
IMPORTANT! Eviction policy is allkeys-lru. It should be "noeviction"
IMPORTANT! Eviction policy is allkeys-lru. It should be "noeviction"
IMPORTANT! Eviction policy is allkeys-lru. It should be "noeviction"
IMPORTANT! Eviction policy is allkeys-lru. It should be "noeviction"
IMPORTANT! Eviction policy is allkeys-lru. It should be "noeviction"
(node:29264) DeprecationWarning: Calling client.query() when the client is already executing a query is deprecated and will be removed in pg@9.0. Use async/await or an external async flow control mechanism instead.
(Use `node --trace-deprecation ...` to show where the warning was created)
[32m[Nest] 29264  - [39m29/05/2026 21:46:59 [32m    LOG[39m [38;5;3m[InstanceLoader] [39m[32mTypeOrmCoreModule dependencies initialized[39m[38;5;3m +304ms[39m
[32m[Nest] 29264  - [39m29/05/2026 21:46:59 [32m    LOG[39m [38;5;3m[InstanceLoader] [39m[32mTypeOrmModule dependencies initialized[39m[38;5;3m +0ms[39m
[32m[Nest] 29264  - [39m29/05/2026 21:46:59 [32m    LOG[39m [38;5;3m[InstanceLoader] [39m[32mTypeOrmModule dependencies initialized[39m[38;5;3m +0ms[39m
[32m[Nest] 29264  - [39m29/05/2026 21:46:59 [32m    LOG[39m [38;5;3m[InstanceLoader] [39m[32mTypeOrmModule dependencies initialized[39m[38;5;3m +0ms[39m
[32m[Nest] 29264  - [39m29/05/2026 21:46:59 [32m    LOG[39m [38;5;3m[InstanceLoader] [39m[32mTypeOrmModule dependencies initialized[39m[38;5;3m +0ms[39m
[32m[Nest] 29264  - [39m29/05/2026 21:46:59 [32m    LOG[39m [38;5;3m[InstanceLoader] [39m[32mTypeOrmModule dependencies initialized[39m[38;5;3m +0ms[39m
[32m[Nest] 29264  - [39m29/05/2026 21:46:59 [32m    LOG[39m [38;5;3m[InstanceLoader] [39m[32mTypeOrmModule dependencies initialized[39m[38;5;3m +0ms[39m
[32m[Nest] 29264  - [39m29/05/2026 21:46:59 [32m    LOG[39m [38;5;3m[InstanceLoader] [39m[32mTypeOrmModule dependencies initialized[39m[38;5;3m +0ms[39m
[32m[Nest] 29264  - [39m29/05/2026 21:46:59 [32m    LOG[39m [38;5;3m[InstanceLoader] [39m[32mTypeOrmModule dependencies initialized[39m[38;5;3m +0ms[39m
[32m[Nest] 29264  - [39m29/05/2026 21:46:59 [32m    LOG[39m [38;5;3m[InstanceLoader] [39m[32mUsersModule dependencies initialized[39m[38;5;3m +6ms[39m
[32m[Nest] 29264  - [39m29/05/2026 21:46:59 [32m    LOG[39m [38;5;3m[InstanceLoader] [39m[32mGatewayModule dependencies initialized[39m[38;5;3m +0ms[39m
[33m[Nest] 29264  - [39m29/05/2026 21:46:59 [33m   WARN[39m [38;5;3m[AuthService] [39m[33mTwilio credentials absent — using Mock OTP (code: 123456)[39m
[32m[Nest] 29264  - [39m29/05/2026 21:46:59 [32m    LOG[39m [38;5;3m[InstanceLoader] [39m[32mNotificationsModule dependencies initialized[39m[38;5;3m +0ms[39m
[32m[Nest] 29264  - [39m29/05/2026 21:46:59 [32m    LOG[39m [38;5;3m[InstanceLoader] [39m[32mAdminModule dependencies initialized[39m[38;5;3m +1ms[39m
[32m[Nest] 29264  - [39m29/05/2026 21:46:59 [32m    LOG[39m [38;5;3m[InstanceLoader] [39m[32mPaymentsModule dependencies initialized[39m[38;5;3m +1ms[39m
[32m[Nest] 29264  - [39m29/05/2026 21:46:59 [32m    LOG[39m [38;5;3m[InstanceLoader] [39m[32mRatingsModule dependencies initialized[39m[38;5;3m +0ms[39m
[32m[Nest] 29264  - [39m29/05/2026 21:46:59 [32m    LOG[39m [38;5;3m[InstanceLoader] [39m[32mComplianceModule dependencies initialized[39m[38;5;3m +0ms[39m
[32m[Nest] 29264  - [39m29/05/2026 21:46:59 [32m    LOG[39m [38;5;3m[InstanceLoader] [39m[32mAuthModule dependencies initialized[39m[38;5;3m +0ms[39m
[32m[Nest] 29264  - [39m29/05/2026 21:46:59 [32m    LOG[39m [38;5;3m[InstanceLoader] [39m[32mAttendanceModule dependencies initialized[39m[38;5;3m +0ms[39m
[32m[Nest] 29264  - [39m29/05/2026 21:46:59 [32m    LOG[39m [38;5;3m[InstanceLoader] [39m[32mShiftsModule dependencies initialized[39m[38;5;3m +0ms[39m
[32m[Nest] 29264  - [39m29/05/2026 21:47:00 [32m    LOG[39m [38;5;3m[RoutesResolver] [39m[32mAppController {/api}:[39m[38;5;3m +914ms[39m
[32m[Nest] 29264  - [39m29/05/2026 21:47:00 [32m    LOG[39m [38;5;3m[RouterExplorer] [39m[32mMapped {/api, GET} route[39m[38;5;3m +2ms[39m
[32m[Nest] 29264  - [39m29/05/2026 21:47:00 [32m    LOG[39m [38;5;3m[RoutesResolver] [39m[32mHealthController {/api/health}:[39m[38;5;3m +1ms[39m
[32m[Nest] 29264  - [39m29/05/2026 21:47:00 [32m    LOG[39m [38;5;3m[RouterExplorer] [39m[32mMapped {/api/health, GET} route[39m[38;5;3m +0ms[39m
[32m[Nest] 29264  - [39m29/05/2026 21:47:00 [32m    LOG[39m [38;5;3m[RoutesResolver] [39m[32mAuthController {/api/auth}:[39m[38;5;3m +0ms[39m
[32m[Nest] 29264  - [39m29/05/2026 21:47:00 [32m    LOG[39m [38;5;3m[RouterExplorer] [39m[32mMapped {/api/auth/send-otp, POST} route[39m[38;5;3m +1ms[39m
[32m[Nest] 29264  - [39m29/05/2026 21:47:00 [32m    LOG[39m [38;5;3m[RouterExplorer] [39m[32mMapped {/api/auth/verify-otp, POST} route[39m[38;5;3m +0ms[39m
[32m[Nest] 29264  - [39m29/05/2026 21:47:00 [32m    LOG[39m [38;5;3m[RouterExplorer] [39m[32mMapped {/api/auth/register/employer, POST} route[39m[38;5;3m +1ms[39m
[32m[Nest] 29264  - [39m29/05/2026 21:47:00 [32m    LOG[39m [38;5;3m[RouterExplorer] [39m[32mMapped {/api/auth/login/employer, POST} route[39m[38;5;3m +0ms[39m
[32m[Nest] 29264  - [39m29/05/2026 21:47:00 [32m    LOG[39m [38;5;3m[RouterExplorer] [39m[32mMapped {/api/auth/verify-email/:token, GET} route[39m[38;5;3m +0ms[39m
[32m[Nest] 29264  - [39m29/05/2026 21:47:00 [32m    LOG[39m [38;5;3m[RouterExplorer] [39m[32mMapped {/api/auth/google/verify-token, POST} route[39m[38;5;3m +0ms[39m
[32m[Nest] 29264  - [39m29/05/2026 21:47:00 [32m    LOG[39m [38;5;3m[RouterExplorer] [39m[32mMapped {/api/auth/refresh, POST} route[39m[38;5;3m +0ms[39m
[32m[Nest] 29264  - [39m29/05/2026 21:47:00 [32m    LOG[39m [38;5;3m[RouterExplorer] [39m[32mMapped {/api/auth/logout, POST} route[39m[38;5;3m +1ms[39m
[32m[Nest] 29264  - [39m29/05/2026 21:47:00 [32m    LOG[39m [38;5;3m[RouterExplorer] [39m[32mMapped {/api/auth/worker/profile, POST} route[39m[38;5;3m +0ms[39m
[32m[Nest] 29264  - [39m29/05/2026 21:47:00 [32m    LOG[39m [38;5;3m[RouterExplorer] [39m[32mMapped {/api/auth/worker/profile, PATCH} route[39m[38;5;3m +0ms[39m
[32m[Nest] 29264  - [39m29/05/2026 21:47:00 [32m    LOG[39m [38;5;3m[RouterExplorer] [39m[32mMapped {/api/auth/worker/photo, POST} route[39m[38;5;3m +0ms[39m
[32m[Nest] 29264  - [39m29/05/2026 21:47:00 [32m    LOG[39m [38;5;3m[RouterExplorer] [39m[32mMapped {/api/auth/me, GET} route[39m[38;5;3m +0ms[39m
[32m[Nest] 29264  - [39m29/05/2026 21:47:00 [32m    LOG[39m [38;5;3m[RouterExplorer] [39m[32mMapped {/api/auth/worker/push-token, POST} route[39m[38;5;3m +0ms[39m
[32m[Nest] 29264  - [39m29/05/2026 21:47:00 [32m    LOG[39m [38;5;3m[RoutesResolver] [39m[32mComplianceController {/api/compliance}:[39m[38;5;3m +0ms[39m
[32m[Nest] 29264  - [39m29/05/2026 21:47:00 [32m    LOG[39m [38;5;3m[RouterExplorer] [39m[32mMapped {/api/compliance/employer/tsu-report, GET} route[39m[38;5;3m +1ms[39m
[32m[Nest] 29264  - [39m29/05/2026 21:47:00 [32m    LOG[39m [38;5;3m[RouterExplorer] [39m[32mMapped {/api/compliance/employer/mcd-contracts, GET} route[39m[38;5;3m +0ms[39m
[32m[Nest] 29264  - [39m29/05/2026 21:47:00 [32m    LOG[39m [38;5;3m[RouterExplorer] [39m[32mMapped {/api/compliance/employer/audit-log, GET} route[39m[38;5;3m +0ms[39m
[32m[Nest] 29264  - [39m29/05/2026 21:47:00 [32m    LOG[39m [38;5;3m[RouterExplorer] [39m[32mMapped {/api/compliance/worker/dependency, GET} route[39m[38;5;3m +0ms[39m
[32m[Nest] 29264  - [39m29/05/2026 21:47:00 [32m    LOG[39m [38;5;3m[RouterExplorer] [39m[32mMapped {/api/compliance/worker/external-income, PATCH} route[39m[38;5;3m +0ms[39m
[32m[Nest] 29264  - [39m29/05/2026 21:47:00 [32m    LOG[39m [38;5;3m[RoutesResolver] [39m[32mAttendanceController {/api/attendance}:[39m[38;5;3m +0ms[39m
[32m[Nest] 29264  - [39m29/05/2026 21:47:00 [32m    LOG[39m [38;5;3m[RouterExplorer] [39m[32mMapped {/api/attendance/employer-qr, GET} route[39m[38;5;3m +0ms[39m
[32m[Nest] 29264  - [39m29/05/2026 21:47:00 [32m    LOG[39m [38;5;3m[RouterExplorer] [39m[32mMapped {/api/attendance/:shiftId/manual-confirm, POST} route[39m[38;5;3m +0ms[39m
[32m[Nest] 29264  - [39m29/05/2026 21:47:00 [32m    LOG[39m [38;5;3m[RouterExplorer] [39m[32mMapped {/api/attendance/:shiftId/dispute/employer, POST} route[39m[38;5;3m +1ms[39m
[32m[Nest] 29264  - [39m29/05/2026 21:47:00 [32m    LOG[39m [38;5;3m[RouterExplorer] [39m[32mMapped {/api/attendance/check-in, POST} route[39m[38;5;3m +0ms[39m
[32m[Nest] 29264  - [39m29/05/2026 21:47:00 [32m    LOG[39m [38;5;3m[RouterExplorer] [39m[32mMapped {/api/attendance/check-out, POST} route[39m[38;5;3m +0ms[39m
[32m[Nest] 29264  - [39m29/05/2026 21:47:00 [32m    LOG[39m [38;5;3m[RouterExplorer] [39m[32mMapped {/api/attendance/:shiftId/dispute/worker, POST} route[39m[38;5;3m +0ms[39m
[32m[Nest] 29264  - [39m29/05/2026 21:47:00 [32m    LOG[39m [38;5;3m[RouterExplorer] [39m[32mMapped {/api/attendance/:shiftId, GET} route[39m[38;5;3m +0ms[39m
[32m[Nest] 29264  - [39m29/05/2026 21:47:00 [32m    LOG[39m [38;5;3m[RoutesResolver] [39m[32mPaymentsController {/api/payments}:[39m[38;5;3m +0ms[39m
[32m[Nest] 29264  - [39m29/05/2026 21:47:00 [32m    LOG[39m [38;5;3m[RouterExplorer] [39m[32mMapped {/api/payments/employer/setup-intent, POST} route[39m[38;5;3m +0ms[39m
[32m[Nest] 29264  - [39m29/05/2026 21:47:00 [32m    LOG[39m [38;5;3m[RouterExplorer] [39m[32mMapped {/api/payments/employer/save-payment-method, POST} route[39m[38;5;3m +0ms[39m
[32m[Nest] 29264  - [39m29/05/2026 21:47:00 [32m    LOG[39m [38;5;3m[RouterExplorer] [39m[32mMapped {/api/payments/employer/subscribe, POST} route[39m[38;5;3m +0ms[39m
[32m[Nest] 29264  - [39m29/05/2026 21:47:00 [32m    LOG[39m [38;5;3m[RouterExplorer] [39m[32mMapped {/api/payments/employer/cancel-subscription, POST} route[39m[38;5;3m +0ms[39m
[32m[Nest] 29264  - [39m29/05/2026 21:47:00 [32m    LOG[39m [38;5;3m[RouterExplorer] [39m[32mMapped {/api/payments/employer/spending, GET} route[39m[38;5;3m +0ms[39m
[32m[Nest] 29264  - [39m29/05/2026 21:47:00 [32m    LOG[39m [38;5;3m[RouterExplorer] [39m[32mMapped {/api/payments/worker/connect, POST} route[39m[38;5;3m +1ms[39m
[32m[Nest] 29264  - [39m29/05/2026 21:47:00 [32m    LOG[39m [38;5;3m[RouterExplorer] [39m[32mMapped {/api/payments/worker/dashboard-link, GET} route[39m[38;5;3m +0ms[39m
[32m[Nest] 29264  - [39m29/05/2026 21:47:00 [32m    LOG[39m [38;5;3m[RouterExplorer] [39m[32mMapped {/api/payments/worker/earnings, GET} route[39m[38;5;3m +0ms[39m
[32m[Nest] 29264  - [39m29/05/2026 21:47:00 [32m    LOG[39m [38;5;3m[RouterExplorer] [39m[32mMapped {/api/payments/webhook, POST} route[39m[38;5;3m +0ms[39m
[32m[Nest] 29264  - [39m29/05/2026 21:47:00 [32m    LOG[39m [38;5;3m[RoutesResolver] [39m[32mRatingsController {/api/ratings}:[39m[38;5;3m +0ms[39m
[32m[Nest] 29264  - [39m29/05/2026 21:47:00 [32m    LOG[39m [38;5;3m[RouterExplorer] [39m[32mMapped {/api/ratings, POST} route[39m[38;5;3m +0ms[39m
[32m[Nest] 29264  - [39m29/05/2026 21:47:00 [32m    LOG[39m [38;5;3m[RouterExplorer] [39m[32mMapped {/api/ratings/worker/:id, GET} route[39m[38;5;3m +0ms[39m
[32m[Nest] 29264  - [39m29/05/2026 21:47:00 [32m    LOG[39m [38;5;3m[RouterExplorer] [39m[32mMapped {/api/ratings/shift/:shiftId/mine, GET} route[39m[38;5;3m +0ms[39m
[32m[Nest] 29264  - [39m29/05/2026 21:47:00 [32m    LOG[39m [38;5;3m[RouterExplorer] [39m[32mMapped {/api/ratings/no-show/:shiftId, POST} route[39m[38;5;3m +0ms[39m
[32m[Nest] 29264  - [39m29/05/2026 21:47:00 [32m    LOG[39m [38;5;3m[RouterExplorer] [39m[32mMapped {/api/ratings/favourites, GET} route[39m[38;5;3m +0ms[39m
[32m[Nest] 29264  - [39m29/05/2026 21:47:00 [32m    LOG[39m [38;5;3m[RouterExplorer] [39m[32mMapped {/api/ratings/favourites/:workerId, POST} route[39m[38;5;3m +0ms[39m
[32m[Nest] 29264  - [39m29/05/2026 21:47:00 [32m    LOG[39m [38;5;3m[RouterExplorer] [39m[32mMapped {/api/ratings/favourites/:workerId, DELETE} route[39m[38;5;3m +1ms[39m
[32m[Nest] 29264  - [39m29/05/2026 21:47:00 [32m    LOG[39m [38;5;3m[RoutesResolver] [39m[32mShiftsController {/api/shifts}:[39m[38;5;3m +0ms[39m
[32m[Nest] 29264  - [39m29/05/2026 21:47:00 [32m    LOG[39m [38;5;3m[RouterExplorer] [39m[32mMapped {/api/shifts, POST} route[39m[38;5;3m +0ms[39m
[32m[Nest] 29264  - [39m29/05/2026 21:47:00 [32m    LOG[39m [38;5;3m[RouterExplorer] [39m[32mMapped {/api/shifts/employer/mine, GET} route[39m[38;5;3m +0ms[39m
[32m[Nest] 29264  - [39m29/05/2026 21:47:00 [32m    LOG[39m [38;5;3m[RouterExplorer] [39m[32mMapped {/api/shifts/employer/workers, GET} route[39m[38;5;3m +0ms[39m
[32m[Nest] 29264  - [39m29/05/2026 21:47:00 [32m    LOG[39m [38;5;3m[RouterExplorer] [39m[32mMapped {/api/shifts/:id, PATCH} route[39m[38;5;3m +0ms[39m
[32m[Nest] 29264  - [39m29/05/2026 21:47:00 [32m    LOG[39m [38;5;3m[RouterExplorer] [39m[32mMapped {/api/shifts/:id/cancel, POST} route[39m[38;5;3m +0ms[39m
[32m[Nest] 29264  - [39m29/05/2026 21:47:00 [32m    LOG[39m [38;5;3m[RouterExplorer] [39m[32mMapped {/api/shifts/:id/applications, GET} route[39m[38;5;3m +0ms[39m
[32m[Nest] 29264  - [39m29/05/2026 21:47:00 [32m    LOG[39m [38;5;3m[RouterExplorer] [39m[32mMapped {/api/shifts/:id/applications/:appId/approve, POST} route[39m[38;5;3m +0ms[39m
[32m[Nest] 29264  - [39m29/05/2026 21:47:00 [32m    LOG[39m [38;5;3m[RouterExplorer] [39m[32mMapped {/api/shifts/search, GET} route[39m[38;5;3m +0ms[39m
[32m[Nest] 29264  - [39m29/05/2026 21:47:00 [32m    LOG[39m [38;5;3m[RouterExplorer] [39m[32mMapped {/api/shifts/:id/apply, POST} route[39m[38;5;3m +0ms[39m
[32m[Nest] 29264  - [39m29/05/2026 21:47:00 [32m    LOG[39m [38;5;3m[RouterExplorer] [39m[32mMapped {/api/shifts/worker/applied, GET} route[39m[38;5;3m +1ms[39m
[32m[Nest] 29264  - [39m29/05/2026 21:47:00 [32m    LOG[39m [38;5;3m[RouterExplorer] [39m[32mMapped {/api/shifts/:id, GET} route[39m[38;5;3m +0ms[39m
[32m[Nest] 29264  - [39m29/05/2026 21:47:00 [32m    LOG[39m [38;5;3m[RoutesResolver] [39m[32mAdminController {/api/admin}:[39m[38;5;3m +0ms[39m
[32m[Nest] 29264  - [39m29/05/2026 21:47:00 [32m    LOG[39m [38;5;3m[RouterExplorer] [39m[32mMapped {/api/admin/workers/pending, GET} route[39m[38;5;3m +0ms[39m
[32m[Nest] 29264  - [39m29/05/2026 21:47:00 [32m    LOG[39m [38;5;3m[RouterExplorer] [39m[32mMapped {/api/admin/workers/:id/approve, POST} route[39m[38;5;3m +0ms[39m
[32m[Nest] 29264  - [39m29/05/2026 21:47:00 [32m    LOG[39m [38;5;3m[RouterExplorer] [39m[32mMapped {/api/admin/workers/:id/reject, POST} route[39m[38;5;3m +0ms[39m
[32m[Nest] 29264  - [39m29/05/2026 21:47:00 [32m    LOG[39m [38;5;3m[RedisService] [39m[32mRedis client initialized[39m
IMPORTANT! Eviction policy is allkeys-lru. It should be "noeviction"
IMPORTANT! Eviction policy is allkeys-lru. It should be "noeviction"
IMPORTANT! Eviction policy is allkeys-lru. It should be "noeviction"
IMPORTANT! Eviction policy is allkeys-lru. It should be "noeviction"
IMPORTANT! Eviction policy is allkeys-lru. It should be "noeviction"
IMPORTANT! Eviction policy is allkeys-lru. It should be "noeviction"
IMPORTANT! Eviction policy is allkeys-lru. It should be "noeviction"
IMPORTANT! Eviction policy is allkeys-lru. It should be "noeviction"
IMPORTANT! Eviction policy is allkeys-lru. It should be "noeviction"
IMPORTANT! Eviction policy is allkeys-lru. It should be "noeviction"
IMPORTANT! Eviction policy is allkeys-lru. It should be "noeviction"
[32m[Nest] 29264  - [39m29/05/2026 21:47:00 [32m    LOG[39m [38;5;3m[QuarterlySsSchedulerService] [39m[32m[SS Scheduler] Quarterly SS reminder cron registered: 0 9 1 3,6,9,12 *[39m
[32m[Nest] 29264  - [39m29/05/2026 21:47:00 [32m    LOG[39m [38;5;3m[NestApplication] [39m[32mNest application successfully started[39m[38;5;3m +1ms[39m
[32m[Nest] 29264  - [39m29/05/2026 21:47:00 [32m    LOG[39m [38;5;3m[Bootstrap] [39m[32m🚀 Turnos API running at http://localhost:3001/api[39m
[32m[Nest] 29264  - [39m29/05/2026 21:47:00 [32m    LOG[39m [38;5;3m[Bootstrap] [39m[32m🏥 Health check: http://localhost:3001/api/health[39m
[32m[Nest] 29264  - [39m29/05/2026 21:47:00 [32m    LOG[39m [38;5;3m[Bootstrap] [39m[32m📦 Environment: development[39m
[32m[Nest] 29264  - [39m29/05/2026 21:47:02 [32m    LOG[39m [38;5;3m[ShiftsGateway] [39m[32mEmployer 273d01e9-3077-4838-b59d-913a597cde87 joined WS room[39m
[2J[3J[H[[90m21:57:50[0m] File change detected. Starting incremental compilation...

[[90m21:57:51[0m] Found 0 errors. Watching for file changes.

[2J[3J[H[[90m21:57:53[0m] File change detected. Starting incremental compilation...

[[90m21:57:54[0m] Found 0 errors. Watching for file changes.

node:internal/modules/cjs/loader:1413
  throw err;
  ^

Error: Cannot find module './app.module'
Require stack:
- C:\Users\j3_19\AppData\Roaming\MetaQuotes\Terminal\0727F3F88B5F0FE006962B330B91FF37\Turnos App\apps\api\dist\apps\api\src\main.js
    at Module._resolveFilename (node:internal/modules/cjs/loader:1410:15)
    at defaultResolveImpl (node:internal/modules/cjs/loader:1051:19)
    at resolveForCJSWithHooks (node:internal/modules/cjs/loader:1056:22)
    at Module._load (node:internal/modules/cjs/loader:1219:37)
    at TracingChannel.traceSync (node:diagnostics_channel:322:14)
    at wrapModuleLoad (node:internal/modules/cjs/loader:238:24)
    at Module.require (node:internal/modules/cjs/loader:1493:12)
    at require (node:internal/modules/helpers:152:16)
    at Object.<anonymous> (C:\Users\j3_19\AppData\Roaming\MetaQuotes\Terminal\0727F3F88B5F0FE006962B330B91FF37\Turnos App\apps\api\src\main.ts:4:1)
    at Module._compile (node:internal/modules/cjs/loader:1738:14) {
  code: 'MODULE_NOT_FOUND',
  requireStack: [
    'C:\\Users\\j3_19\\AppData\\Roaming\\MetaQuotes\\Terminal\\0727F3F88B5F0FE006962B330B91FF37\\Turnos App\\apps\\api\\dist\\apps\\api\\src\\main.js'
  ]
}

Node.js v24.6.0
node:internal/modules/cjs/loader:1413
  throw err;
  ^

Error: Cannot find module 'C:\Users\j3_19\AppData\Roaming\MetaQuotes\Terminal\0727F3F88B5F0FE006962B330B91FF37\Turnos App\apps\api\dist\apps\api\src\main'
    at Module._resolveFilename (node:internal/modules/cjs/loader:1410:15)
    at defaultResolveImpl (node:internal/modules/cjs/loader:1051:19)
    at resolveForCJSWithHooks (node:internal/modules/cjs/loader:1056:22)
    at Module._load (node:internal/modules/cjs/loader:1219:37)
    at TracingChannel.traceSync (node:diagnostics_channel:322:14)
    at wrapModuleLoad (node:internal/modules/cjs/loader:238:24)
    at Module.executeUserEntryPoint [as runMain] (node:internal/modules/run_main:154:5)
    at node:internal/main/run_main_module:33:47 {
  code: 'MODULE_NOT_FOUND',
  requireStack: []
}

Node.js v24.6.0
[2J[3J[H[[90m21:58:00[0m] File change detected. Starting incremental compilation...

[[90m21:58:02[0m] Found 0 errors. Watching for file changes.

node:internal/modules/cjs/loader:1413
  throw err;
  ^

Error: Cannot find module 'C:\Users\j3_19\AppData\Roaming\MetaQuotes\Terminal\0727F3F88B5F0FE006962B330B91FF37\Turnos App\apps\api\dist\apps\api\src\main'
    at Module._resolveFilename (node:internal/modules/cjs/loader:1410:15)
    at defaultResolveImpl (node:internal/modules/cjs/loader:1051:19)
    at resolveForCJSWithHooks (node:internal/modules/cjs/loader:1056:22)
    at Module._load (node:internal/modules/cjs/loader:1219:37)
    at TracingChannel.traceSync (node:diagnostics_channel:322:14)
    at wrapModuleLoad (node:internal/modules/cjs/loader:238:24)
    at Module.executeUserEntryPoint [as runMain] (node:internal/modules/run_main:154:5)
    at node:internal/main/run_main_module:33:47 {
  code: 'MODULE_NOT_FOUND',
  requireStack: []
}

Node.js v24.6.0
[2J[3J[H[[90m21:58:18[0m] File change detected. Starting incremental compilation...

[[90m21:58:25[0m] Found 0 errors. Watching for file changes.

node:internal/modules/cjs/loader:1413
  throw err;
  ^

Error: Cannot find module 'C:\Users\j3_19\AppData\Roaming\MetaQuotes\Terminal\0727F3F88B5F0FE006962B330B91FF37\Turnos App\apps\api\dist\apps\api\src\main'
    at Module._resolveFilename (node:internal/modules/cjs/loader:1410:15)
    at defaultResolveImpl (node:internal/modules/cjs/loader:1051:19)
    at resolveForCJSWithHooks (node:internal/modules/cjs/loader:1056:22)
    at Module._load (node:internal/modules/cjs/loader:1219:37)
    at TracingChannel.traceSync (node:diagnostics_channel:322:14)
    at wrapModuleLoad (node:internal/modules/cjs/loader:238:24)
    at Module.executeUserEntryPoint [as runMain] (node:internal/modules/run_main:154:5)
    at node:internal/main/run_main_module:33:47 {
  code: 'MODULE_NOT_FOUND',
  requireStack: []
}

Node.js v24.6.0
[2J[3J[H[[90m22:29:12[0m] File change detected. Starting incremental compilation...

[[90m22:29:13[0m] Found 0 errors. Watching for file changes.

[2J[3J[H[[90m22:29:14[0m] File change detected. Starting incremental compilation...

[[90m22:29:16[0m] Found 0 errors. Watching for file changes.

[2J[3J[H[[90m22:29:17[0m] File change detected. Starting incremental compilation...

[[90m22:29:19[0m] Found 0 errors. Watching for file changes.

[2J[3J[H[[90m22:29:23[0m] File change detected. Starting incremental compilation...

[[90m22:29:24[0m] Found 0 errors. Watching for file changes.

[2J[3J[H[[90m22:29:25[0m] File change detected. Starting incremental compilation...

[[90m22:29:26[0m] Found 0 errors. Watching for file changes.

[2J[3J[H[[90m22:29:32[0m] File change detected. Starting incremental compilation...

[32m[Nest] 4400  - [39m29/05/2026 22:29:34 [32m    LOG[39m [38;5;3m[NestFactory] [39m[32mStarting Nest application...[39m
[32m[Nest] 4400  - [39m29/05/2026 22:29:34 [32m    LOG[39m [38;5;3m[InstanceLoader] [39m[32mTypeOrmModule dependencies initialized[39m[38;5;3m +53ms[39m
[32m[Nest] 4400  - [39m29/05/2026 22:29:34 [32m    LOG[39m [38;5;3m[InstanceLoader] [39m[32mPassportModule dependencies initialized[39m[38;5;3m +1ms[39m
[32m[Nest] 4400  - [39m29/05/2026 22:29:34 [32m    LOG[39m [38;5;3m[InstanceLoader] [39m[32mMulterModule dependencies initialized[39m[38;5;3m +0ms[39m
[32m[Nest] 4400  - [39m29/05/2026 22:29:34 [32m    LOG[39m [38;5;3m[InstanceLoader] [39m[32mThrottlerModule dependencies initialized[39m[38;5;3m +0ms[39m
[32m[Nest] 4400  - [39m29/05/2026 22:29:34 [32m    LOG[39m [38;5;3m[InstanceLoader] [39m[32mJwtModule dependencies initialized[39m[38;5;3m +0ms[39m
[32m[Nest] 4400  - [39m29/05/2026 22:29:34 [32m    LOG[39m [38;5;3m[InstanceLoader] [39m[32mConfigHostModule dependencies initialized[39m[38;5;3m +1ms[39m
[32m[Nest] 4400  - [39m29/05/2026 22:29:34 [32m    LOG[39m [38;5;3m[InstanceLoader] [39m[32mDiscoveryModule dependencies initialized[39m[38;5;3m +0ms[39m
[32m[Nest] 4400  - [39m29/05/2026 22:29:34 [32m    LOG[39m [38;5;3m[InstanceLoader] [39m[32mServeStaticModule dependencies initialized[39m[38;5;3m +2ms[39m
[32m[Nest] 4400  - [39m29/05/2026 22:29:34 [32m    LOG[39m [38;5;3m[InstanceLoader] [39m[32mConfigModule dependencies initialized[39m[38;5;3m +0ms[39m
[32m[Nest] 4400  - [39m29/05/2026 22:29:34 [32m    LOG[39m [38;5;3m[InstanceLoader] [39m[32mConfigModule dependencies initialized[39m[38;5;3m +0ms[39m
[33m[Nest] 4400  - [39m29/05/2026 22:29:34 [33m   WARN[39m [38;5;3m[MailService] [39m[33mMAIL_HOST/MAIL_USER not set — emails will be logged to console only[39m
[33m[Nest] 4400  - [39m29/05/2026 22:29:34 [33m   WARN[39m [38;5;3m[StorageService] [39m[33mR2 credentials absent — using local disk storage[39m
[32m[Nest] 4400  - [39m29/05/2026 22:29:34 [32m    LOG[39m [38;5;3m[InstanceLoader] [39m[32mHealthModule dependencies initialized[39m[38;5;3m +2ms[39m
[32m[Nest] 4400  - [39m29/05/2026 22:29:34 [32m    LOG[39m [38;5;3m[InstanceLoader] [39m[32mAppModule dependencies initialized[39m[38;5;3m +0ms[39m
[32m[Nest] 4400  - [39m29/05/2026 22:29:34 [32m    LOG[39m [38;5;3m[InstanceLoader] [39m[32mBullModule dependencies initialized[39m[38;5;3m +122ms[39m
[32m[Nest] 4400  - [39m29/05/2026 22:29:34 [32m    LOG[39m [38;5;3m[InstanceLoader] [39m[32mBullModule dependencies initialized[39m[38;5;3m +0ms[39m
[32m[Nest] 4400  - [39m29/05/2026 22:29:34 [32m    LOG[39m [38;5;3m[InstanceLoader] [39m[32mRedisModule dependencies initialized[39m[38;5;3m +14ms[39m
[32m[Nest] 4400  - [39m29/05/2026 22:29:34 [32m    LOG[39m [38;5;3m[InstanceLoader] [39m[32mMailModule dependencies initialized[39m[38;5;3m +0ms[39m
[32m[Nest] 4400  - [39m29/05/2026 22:29:34 [32m    LOG[39m [38;5;3m[InstanceLoader] [39m[32mStorageModule dependencies initialized[39m[38;5;3m +0ms[39m
[32m[Nest] 4400  - [39m29/05/2026 22:29:34 [32m    LOG[39m [38;5;3m[InstanceLoader] [39m[32mJwtModule dependencies initialized[39m[38;5;3m +0ms[39m
[32m[Nest] 4400  - [39m29/05/2026 22:29:34 [32m    LOG[39m [38;5;3m[InstanceLoader] [39m[32mBullModule dependencies initialized[39m[38;5;3m +6ms[39m
[32m[Nest] 4400  - [39m29/05/2026 22:29:34 [32m    LOG[39m [38;5;3m[InstanceLoader] [39m[32mBullModule dependencies initialized[39m[38;5;3m +1ms[39m
[32m[Nest] 4400  - [39m29/05/2026 22:29:34 [32m    LOG[39m [38;5;3m[InstanceLoader] [39m[32mBullModule dependencies initialized[39m[38;5;3m +0ms[39m
[32m[Nest] 4400  - [39m29/05/2026 22:29:34 [32m    LOG[39m [38;5;3m[InstanceLoader] [39m[32mBullModule dependencies initialized[39m[38;5;3m +0ms[39m
[32m[Nest] 4400  - [39m29/05/2026 22:29:34 [32m    LOG[39m [38;5;3m[InstanceLoader] [39m[32mBullModule dependencies initialized[39m[38;5;3m +0ms[39m
[32m[Nest] 4400  - [39m29/05/2026 22:29:34 [32m    LOG[39m [38;5;3m[InstanceLoader] [39m[32mBullModule dependencies initialized[39m[38;5;3m +0ms[39m
IMPORTANT! Eviction policy is allkeys-lru. It should be "noeviction"
IMPORTANT! Eviction policy is allkeys-lru. It should be "noeviction"
IMPORTANT! Eviction policy is allkeys-lru. It should be "noeviction"
IMPORTANT! Eviction policy is allkeys-lru. It should be "noeviction"
IMPORTANT! Eviction policy is allkeys-lru. It should be "noeviction"
IMPORTANT! Eviction policy is allkeys-lru. It should be "noeviction"
(node:4400) DeprecationWarning: Calling client.query() when the client is already executing a query is deprecated and will be removed in pg@9.0. Use async/await or an external async flow control mechanism instead.
(Use `node --trace-deprecation ...` to show where the warning was created)
[32m[Nest] 4400  - [39m29/05/2026 22:29:34 [32m    LOG[39m [38;5;3m[InstanceLoader] [39m[32mTypeOrmCoreModule dependencies initialized[39m[38;5;3m +437ms[39m
[32m[Nest] 4400  - [39m29/05/2026 22:29:34 [32m    LOG[39m [38;5;3m[InstanceLoader] [39m[32mTypeOrmModule dependencies initialized[39m[38;5;3m +0ms[39m
[32m[Nest] 4400  - [39m29/05/2026 22:29:34 [32m    LOG[39m [38;5;3m[InstanceLoader] [39m[32mTypeOrmModule dependencies initialized[39m[38;5;3m +0ms[39m
[32m[Nest] 4400  - [39m29/05/2026 22:29:34 [32m    LOG[39m [38;5;3m[InstanceLoader] [39m[32mTypeOrmModule dependencies initialized[39m[38;5;3m +0ms[39m
[32m[Nest] 4400  - [39m29/05/2026 22:29:34 [32m    LOG[39m [38;5;3m[InstanceLoader] [39m[32mTypeOrmModule dependencies initialized[39m[38;5;3m +0ms[39m
[32m[Nest] 4400  - [39m29/05/2026 22:29:34 [32m    LOG[39m [38;5;3m[InstanceLoader] [39m[32mTypeOrmModule dependencies initialized[39m[38;5;3m +1ms[39m
[32m[Nest] 4400  - [39m29/05/2026 22:29:34 [32m    LOG[39m [38;5;3m[InstanceLoader] [39m[32mTypeOrmModule dependencies initialized[39m[38;5;3m +0ms[39m
[32m[Nest] 4400  - [39m29/05/2026 22:29:34 [32m    LOG[39m [38;5;3m[InstanceLoader] [39m[32mTypeOrmModule dependencies initialized[39m[38;5;3m +0ms[39m
[32m[Nest] 4400  - [39m29/05/2026 22:29:34 [32m    LOG[39m [38;5;3m[InstanceLoader] [39m[32mTypeOrmModule dependencies initialized[39m[38;5;3m +0ms[39m
[32m[Nest] 4400  - [39m29/05/2026 22:29:34 [32m    LOG[39m [38;5;3m[InstanceLoader] [39m[32mUsersModule dependencies initialized[39m[38;5;3m +8ms[39m
[32m[Nest] 4400  - [39m29/05/2026 22:29:34 [32m    LOG[39m [38;5;3m[InstanceLoader] [39m[32mGatewayModule dependencies initialized[39m[38;5;3m +0ms[39m
[33m[Nest] 4400  - [39m29/05/2026 22:29:34 [33m   WARN[39m [38;5;3m[AuthService] [39m[33mTwilio credentials absent — using Mock OTP (code: 123456)[39m
[32m[Nest] 4400  - [39m29/05/2026 22:29:34 [32m    LOG[39m [38;5;3m[InstanceLoader] [39m[32mNotificationsModule dependencies initialized[39m[38;5;3m +1ms[39m
[32m[Nest] 4400  - [39m29/05/2026 22:29:34 [32m    LOG[39m [38;5;3m[InstanceLoader] [39m[32mAdminModule dependencies initialized[39m[38;5;3m +1ms[39m
[32m[Nest] 4400  - [39m29/05/2026 22:29:34 [32m    LOG[39m [38;5;3m[InstanceLoader] [39m[32mPaymentsModule dependencies initialized[39m[38;5;3m +2ms[39m
[32m[Nest] 4400  - [39m29/05/2026 22:29:34 [32m    LOG[39m [38;5;3m[InstanceLoader] [39m[32mRatingsModule dependencies initialized[39m[38;5;3m +0ms[39m
[32m[Nest] 4400  - [39m29/05/2026 22:29:34 [32m    LOG[39m [38;5;3m[InstanceLoader] [39m[32mComplianceModule dependencies initialized[39m[38;5;3m +0ms[39m
[32m[Nest] 4400  - [39m29/05/2026 22:29:34 [32m    LOG[39m [38;5;3m[InstanceLoader] [39m[32mAuthModule dependencies initialized[39m[38;5;3m +0ms[39m
[32m[Nest] 4400  - [39m29/05/2026 22:29:34 [32m    LOG[39m [38;5;3m[InstanceLoader] [39m[32mAttendanceModule dependencies initialized[39m[38;5;3m +0ms[39m
[32m[Nest] 4400  - [39m29/05/2026 22:29:34 [32m    LOG[39m [38;5;3m[InstanceLoader] [39m[32mShiftsModule dependencies initialized[39m[38;5;3m +0ms[39m
[[90m22:29:35[0m] Found 0 errors. Watching for file changes.

[2J[3J[H[[90m22:29:36[0m] File change detected. Starting incremental compilation...

[[90m22:29:37[0m] Found 0 errors. Watching for file changes.

[32m[Nest] 3052  - [39m29/05/2026 22:29:43 [32m    LOG[39m [38;5;3m[NestFactory] [39m[32mStarting Nest application...[39m
[32m[Nest] 3052  - [39m29/05/2026 22:29:44 [32m    LOG[39m [38;5;3m[InstanceLoader] [39m[32mTypeOrmModule dependencies initialized[39m[38;5;3m +40ms[39m
[32m[Nest] 3052  - [39m29/05/2026 22:29:44 [32m    LOG[39m [38;5;3m[InstanceLoader] [39m[32mPassportModule dependencies initialized[39m[38;5;3m +1ms[39m
[32m[Nest] 3052  - [39m29/05/2026 22:29:44 [32m    LOG[39m [38;5;3m[InstanceLoader] [39m[32mMulterModule dependencies initialized[39m[38;5;3m +0ms[39m
[32m[Nest] 3052  - [39m29/05/2026 22:29:44 [32m    LOG[39m [38;5;3m[InstanceLoader] [39m[32mThrottlerModule dependencies initialized[39m[38;5;3m +0ms[39m
[32m[Nest] 3052  - [39m29/05/2026 22:29:44 [32m    LOG[39m [38;5;3m[InstanceLoader] [39m[32mJwtModule dependencies initialized[39m[38;5;3m +0ms[39m
[32m[Nest] 3052  - [39m29/05/2026 22:29:44 [32m    LOG[39m [38;5;3m[InstanceLoader] [39m[32mConfigHostModule dependencies initialized[39m[38;5;3m +0ms[39m
[32m[Nest] 3052  - [39m29/05/2026 22:29:44 [32m    LOG[39m [38;5;3m[InstanceLoader] [39m[32mDiscoveryModule dependencies initialized[39m[38;5;3m +1ms[39m
[32m[Nest] 3052  - [39m29/05/2026 22:29:44 [32m    LOG[39m [38;5;3m[InstanceLoader] [39m[32mServeStaticModule dependencies initialized[39m[38;5;3m +1ms[39m
[32m[Nest] 3052  - [39m29/05/2026 22:29:44 [32m    LOG[39m [38;5;3m[InstanceLoader] [39m[32mConfigModule dependencies initialized[39m[38;5;3m +0ms[39m
[32m[Nest] 3052  - [39m29/05/2026 22:29:44 [32m    LOG[39m [38;5;3m[InstanceLoader] [39m[32mConfigModule dependencies initialized[39m[38;5;3m +0ms[39m
[33m[Nest] 3052  - [39m29/05/2026 22:29:44 [33m   WARN[39m [38;5;3m[MailService] [39m[33mMAIL_HOST/MAIL_USER not set — emails will be logged to console only[39m
[33m[Nest] 3052  - [39m29/05/2026 22:29:44 [33m   WARN[39m [38;5;3m[StorageService] [39m[33mR2 credentials absent — using local disk storage[39m
[32m[Nest] 3052  - [39m29/05/2026 22:29:44 [32m    LOG[39m [38;5;3m[InstanceLoader] [39m[32mHealthModule dependencies initialized[39m[38;5;3m +1ms[39m
[32m[Nest] 3052  - [39m29/05/2026 22:29:44 [32m    LOG[39m [38;5;3m[InstanceLoader] [39m[32mAppModule dependencies initialized[39m[38;5;3m +1ms[39m
[32m[Nest] 3052  - [39m29/05/2026 22:29:44 [32m    LOG[39m [38;5;3m[InstanceLoader] [39m[32mBullModule dependencies initialized[39m[38;5;3m +83ms[39m
[32m[Nest] 3052  - [39m29/05/2026 22:29:44 [32m    LOG[39m [38;5;3m[InstanceLoader] [39m[32mBullModule dependencies initialized[39m[38;5;3m +1ms[39m
[32m[Nest] 3052  - [39m29/05/2026 22:29:44 [32m    LOG[39m [38;5;3m[InstanceLoader] [39m[32mRedisModule dependencies initialized[39m[38;5;3m +11ms[39m
[32m[Nest] 3052  - [39m29/05/2026 22:29:44 [32m    LOG[39m [38;5;3m[InstanceLoader] [39m[32mMailModule dependencies initialized[39m[38;5;3m +1ms[39m
[32m[Nest] 3052  - [39m29/05/2026 22:29:44 [32m    LOG[39m [38;5;3m[InstanceLoader] [39m[32mStorageModule dependencies initialized[39m[38;5;3m +0ms[39m
[32m[Nest] 3052  - [39m29/05/2026 22:29:44 [32m    LOG[39m [38;5;3m[InstanceLoader] [39m[32mJwtModule dependencies initialized[39m[38;5;3m +0ms[39m
[32m[Nest] 3052  - [39m29/05/2026 22:29:44 [32m    LOG[39m [38;5;3m[InstanceLoader] [39m[32mBullModule dependencies initialized[39m[38;5;3m +6ms[39m
[32m[Nest] 3052  - [39m29/05/2026 22:29:44 [32m    LOG[39m [38;5;3m[InstanceLoader] [39m[32mBullModule dependencies initialized[39m[38;5;3m +0ms[39m
[32m[Nest] 3052  - [39m29/05/2026 22:29:44 [32m    LOG[39m [38;5;3m[InstanceLoader] [39m[32mBullModule dependencies initialized[39m[38;5;3m +0ms[39m
[32m[Nest] 3052  - [39m29/05/2026 22:29:44 [32m    LOG[39m [38;5;3m[InstanceLoader] [39m[32mBullModule dependencies initialized[39m[38;5;3m +0ms[39m
[32m[Nest] 3052  - [39m29/05/2026 22:29:44 [32m    LOG[39m [38;5;3m[InstanceLoader] [39m[32mBullModule dependencies initialized[39m[38;5;3m +0ms[39m
[32m[Nest] 3052  - [39m29/05/2026 22:29:44 [32m    LOG[39m [38;5;3m[InstanceLoader] [39m[32mBullModule dependencies initialized[39m[38;5;3m +0ms[39m
IMPORTANT! Eviction policy is allkeys-lru. It should be "noeviction"
IMPORTANT! Eviction policy is allkeys-lru. It should be "noeviction"
IMPORTANT! Eviction policy is allkeys-lru. It should be "noeviction"
IMPORTANT! Eviction policy is allkeys-lru. It should be "noeviction"
IMPORTANT! Eviction policy is allkeys-lru. It should be "noeviction"
IMPORTANT! Eviction policy is allkeys-lru. It should be "noeviction"
(node:3052) DeprecationWarning: Calling client.query() when the client is already executing a query is deprecated and will be removed in pg@9.0. Use async/await or an external async flow control mechanism instead.
(Use `node --trace-deprecation ...` to show where the warning was created)
[32m[Nest] 3052  - [39m29/05/2026 22:29:44 [32m    LOG[39m [38;5;3m[InstanceLoader] [39m[32mTypeOrmCoreModule dependencies initialized[39m[38;5;3m +335ms[39m
[32m[Nest] 3052  - [39m29/05/2026 22:29:44 [32m    LOG[39m [38;5;3m[InstanceLoader] [39m[32mTypeOrmModule dependencies initialized[39m[38;5;3m +0ms[39m
[32m[Nest] 3052  - [39m29/05/2026 22:29:44 [32m    LOG[39m [38;5;3m[InstanceLoader] [39m[32mTypeOrmModule dependencies initialized[39m[38;5;3m +0ms[39m
[32m[Nest] 3052  - [39m29/05/2026 22:29:44 [32m    LOG[39m [38;5;3m[InstanceLoader] [39m[32mTypeOrmModule dependencies initialized[39m[38;5;3m +0ms[39m
[32m[Nest] 3052  - [39m29/05/2026 22:29:44 [32m    LOG[39m [38;5;3m[InstanceLoader] [39m[32mTypeOrmModule dependencies initialized[39m[38;5;3m +0ms[39m
[32m[Nest] 3052  - [39m29/05/2026 22:29:44 [32m    LOG[39m [38;5;3m[InstanceLoader] [39m[32mTypeOrmModule dependencies initialized[39m[38;5;3m +0ms[39m
[32m[Nest] 3052  - [39m29/05/2026 22:29:44 [32m    LOG[39m [38;5;3m[InstanceLoader] [39m[32mTypeOrmModule dependencies initialized[39m[38;5;3m +0ms[39m
[32m[Nest] 3052  - [39m29/05/2026 22:29:44 [32m    LOG[39m [38;5;3m[InstanceLoader] [39m[32mTypeOrmModule dependencies initialized[39m[38;5;3m +0ms[39m
[32m[Nest] 3052  - [39m29/05/2026 22:29:44 [32m    LOG[39m [38;5;3m[InstanceLoader] [39m[32mTypeOrmModule dependencies initialized[39m[38;5;3m +0ms[39m
[32m[Nest] 3052  - [39m29/05/2026 22:29:44 [32m    LOG[39m [38;5;3m[InstanceLoader] [39m[32mUsersModule dependencies initialized[39m[38;5;3m +8ms[39m
[32m[Nest] 3052  - [39m29/05/2026 22:29:44 [32m    LOG[39m [38;5;3m[InstanceLoader] [39m[32mGatewayModule dependencies initialized[39m[38;5;3m +0ms[39m
[33m[Nest] 3052  - [39m29/05/2026 22:29:44 [33m   WARN[39m [38;5;3m[AuthService] [39m[33mTwilio credentials absent — using Mock OTP (code: 123456)[39m
[32m[Nest] 3052  - [39m29/05/2026 22:29:44 [32m    LOG[39m [38;5;3m[InstanceLoader] [39m[32mNotificationsModule dependencies initialized[39m[38;5;3m +1ms[39m
[32m[Nest] 3052  - [39m29/05/2026 22:29:44 [32m    LOG[39m [38;5;3m[InstanceLoader] [39m[32mAdminModule dependencies initialized[39m[38;5;3m +0ms[39m
[32m[Nest] 3052  - [39m29/05/2026 22:29:44 [32m    LOG[39m [38;5;3m[InstanceLoader] [39m[32mPaymentsModule dependencies initialized[39m[38;5;3m +2ms[39m
[32m[Nest] 3052  - [39m29/05/2026 22:29:44 [32m    LOG[39m [38;5;3m[InstanceLoader] [39m[32mRatingsModule dependencies initialized[39m[38;5;3m +0ms[39m
[32m[Nest] 3052  - [39m29/05/2026 22:29:44 [32m    LOG[39m [38;5;3m[InstanceLoader] [39m[32mComplianceModule dependencies initialized[39m[38;5;3m +0ms[39m
[32m[Nest] 3052  - [39m29/05/2026 22:29:44 [32m    LOG[39m [38;5;3m[InstanceLoader] [39m[32mAuthModule dependencies initialized[39m[38;5;3m +0ms[39m
[32m[Nest] 3052  - [39m29/05/2026 22:29:44 [32m    LOG[39m [38;5;3m[InstanceLoader] [39m[32mAttendanceModule dependencies initialized[39m[38;5;3m +0ms[39m
[32m[Nest] 3052  - [39m29/05/2026 22:29:44 [32m    LOG[39m [38;5;3m[InstanceLoader] [39m[32mShiftsModule dependencies initialized[39m[38;5;3m +0ms[39m
[32m[Nest] 3052  - [39m29/05/2026 22:29:45 [32m    LOG[39m [38;5;3m[RoutesResolver] [39m[32mAppController {/api}:[39m[38;5;3m +1200ms[39m
[32m[Nest] 3052  - [39m29/05/2026 22:29:45 [32m    LOG[39m [38;5;3m[RouterExplorer] [39m[32mMapped {/api, GET} route[39m[38;5;3m +3ms[39m
[32m[Nest] 3052  - [39m29/05/2026 22:29:45 [32m    LOG[39m [38;5;3m[RoutesResolver] [39m[32mHealthController {/api/health}:[39m[38;5;3m +0ms[39m
[32m[Nest] 3052  - [39m29/05/2026 22:29:45 [32m    LOG[39m [38;5;3m[RouterExplorer] [39m[32mMapped {/api/health, GET} route[39m[38;5;3m +1ms[39m
[32m[Nest] 3052  - [39m29/05/2026 22:29:45 [32m    LOG[39m [38;5;3m[RoutesResolver] [39m[32mAuthController {/api/auth}:[39m[38;5;3m +0ms[39m
[32m[Nest] 3052  - [39m29/05/2026 22:29:45 [32m    LOG[39m [38;5;3m[RouterExplorer] [39m[32mMapped {/api/auth/send-otp, POST} route[39m[38;5;3m +1ms[39m
[32m[Nest] 3052  - [39m29/05/2026 22:29:45 [32m    LOG[39m [38;5;3m[RouterExplorer] [39m[32mMapped {/api/auth/verify-otp, POST} route[39m[38;5;3m +0ms[39m
[32m[Nest] 3052  - [39m29/05/2026 22:29:45 [32m    LOG[39m [38;5;3m[RouterExplorer] [39m[32mMapped {/api/auth/register/employer, POST} route[39m[38;5;3m +0ms[39m
[32m[Nest] 3052  - [39m29/05/2026 22:29:45 [32m    LOG[39m [38;5;3m[RouterExplorer] [39m[32mMapped {/api/auth/login/employer, POST} route[39m[38;5;3m +1ms[39m
[32m[Nest] 3052  - [39m29/05/2026 22:29:45 [32m    LOG[39m [38;5;3m[RouterExplorer] [39m[32mMapped {/api/auth/verify-email/:token, GET} route[39m[38;5;3m +0ms[39m
[32m[Nest] 3052  - [39m29/05/2026 22:29:45 [32m    LOG[39m [38;5;3m[RouterExplorer] [39m[32mMapped {/api/auth/google/verify-token, POST} route[39m[38;5;3m +0ms[39m
[32m[Nest] 3052  - [39m29/05/2026 22:29:45 [32m    LOG[39m [38;5;3m[RouterExplorer] [39m[32mMapped {/api/auth/refresh, POST} route[39m[38;5;3m +1ms[39m
[32m[Nest] 3052  - [39m29/05/2026 22:29:45 [32m    LOG[39m [38;5;3m[RouterExplorer] [39m[32mMapped {/api/auth/logout, POST} route[39m[38;5;3m +0ms[39m
[32m[Nest] 3052  - [39m29/05/2026 22:29:45 [32m    LOG[39m [38;5;3m[RouterExplorer] [39m[32mMapped {/api/auth/worker/profile, POST} route[39m[38;5;3m +0ms[39m
[32m[Nest] 3052  - [39m29/05/2026 22:29:45 [32m    LOG[39m [38;5;3m[RouterExplorer] [39m[32mMapped {/api/auth/worker/profile, PATCH} route[39m[38;5;3m +1ms[39m
[32m[Nest] 3052  - [39m29/05/2026 22:29:45 [32m    LOG[39m [38;5;3m[RouterExplorer] [39m[32mMapped {/api/auth/worker/photo, POST} route[39m[38;5;3m +0ms[39m
[32m[Nest] 3052  - [39m29/05/2026 22:29:45 [32m    LOG[39m [38;5;3m[RouterExplorer] [39m[32mMapped {/api/auth/me, GET} route[39m[38;5;3m +0ms[39m
[32m[Nest] 3052  - [39m29/05/2026 22:29:45 [32m    LOG[39m [38;5;3m[RouterExplorer] [39m[32mMapped {/api/auth/worker/push-token, POST} route[39m[38;5;3m +0ms[39m
[32m[Nest] 3052  - [39m29/05/2026 22:29:45 [32m    LOG[39m [38;5;3m[RoutesResolver] [39m[32mComplianceController {/api/compliance}:[39m[38;5;3m +0ms[39m
[32m[Nest] 3052  - [39m29/05/2026 22:29:45 [32m    LOG[39m [38;5;3m[RouterExplorer] [39m[32mMapped {/api/compliance/employer/tsu-report, GET} route[39m[38;5;3m +1ms[39m
[32m[Nest] 3052  - [39m29/05/2026 22:29:45 [32m    LOG[39m [38;5;3m[RouterExplorer] [39m[32mMapped {/api/compliance/employer/mcd-contracts, GET} route[39m[38;5;3m +0ms[39m
[32m[Nest] 3052  - [39m29/05/2026 22:29:45 [32m    LOG[39m [38;5;3m[RouterExplorer] [39m[32mMapped {/api/compliance/employer/audit-log, GET} route[39m[38;5;3m +0ms[39m
[32m[Nest] 3052  - [39m29/05/2026 22:29:45 [32m    LOG[39m [38;5;3m[RouterExplorer] [39m[32mMapped {/api/compliance/worker/dependency, GET} route[39m[38;5;3m +0ms[39m
[32m[Nest] 3052  - [39m29/05/2026 22:29:45 [32m    LOG[39m [38;5;3m[RouterExplorer] [39m[32mMapped {/api/compliance/worker/external-income, PATCH} route[39m[38;5;3m +1ms[39m
[32m[Nest] 3052  - [39m29/05/2026 22:29:45 [32m    LOG[39m [38;5;3m[RoutesResolver] [39m[32mAttendanceController {/api/attendance}:[39m[38;5;3m +0ms[39m
[32m[Nest] 3052  - [39m29/05/2026 22:29:45 [32m    LOG[39m [38;5;3m[RouterExplorer] [39m[32mMapped {/api/attendance/employer-qr, GET} route[39m[38;5;3m +0ms[39m
[32m[Nest] 3052  - [39m29/05/2026 22:29:45 [32m    LOG[39m [38;5;3m[RouterExplorer] [39m[32mMapped {/api/attendance/:shiftId/manual-confirm, POST} route[39m[38;5;3m +0ms[39m
[32m[Nest] 3052  - [39m29/05/2026 22:29:45 [32m    LOG[39m [38;5;3m[RouterExplorer] [39m[32mMapped {/api/attendance/:shiftId/dispute/employer, POST} route[39m[38;5;3m +0ms[39m
[32m[Nest] 3052  - [39m29/05/2026 22:29:45 [32m    LOG[39m [38;5;3m[RouterExplorer] [39m[32mMapped {/api/attendance/check-in, POST} route[39m[38;5;3m +0ms[39m
[32m[Nest] 3052  - [39m29/05/2026 22:29:45 [32m    LOG[39m [38;5;3m[RouterExplorer] [39m[32mMapped {/api/attendance/check-out, POST} route[39m[38;5;3m +1ms[39m
[32m[Nest] 3052  - [39m29/05/2026 22:29:45 [32m    LOG[39m [38;5;3m[RouterExplorer] [39m[32mMapped {/api/attendance/:shiftId/dispute/worker, POST} route[39m[38;5;3m +0ms[39m
[32m[Nest] 3052  - [39m29/05/2026 22:29:45 [32m    LOG[39m [38;5;3m[RouterExplorer] [39m[32mMapped {/api/attendance/:shiftId, GET} route[39m[38;5;3m +0ms[39m
[32m[Nest] 3052  - [39m29/05/2026 22:29:45 [32m    LOG[39m [38;5;3m[RoutesResolver] [39m[32mPaymentsController {/api/payments}:[39m[38;5;3m +0ms[39m
[32m[Nest] 3052  - [39m29/05/2026 22:29:45 [32m    LOG[39m [38;5;3m[RouterExplorer] [39m[32mMapped {/api/payments/employer/setup-intent, POST} route[39m[38;5;3m +0ms[39m
[32m[Nest] 3052  - [39m29/05/2026 22:29:45 [32m    LOG[39m [38;5;3m[RouterExplorer] [39m[32mMapped {/api/payments/employer/save-payment-method, POST} route[39m[38;5;3m +0ms[39m
[32m[Nest] 3052  - [39m29/05/2026 22:29:45 [32m    LOG[39m [38;5;3m[RouterExplorer] [39m[32mMapped {/api/payments/employer/subscribe, POST} route[39m[38;5;3m +0ms[39m
[32m[Nest] 3052  - [39m29/05/2026 22:29:45 [32m    LOG[39m [38;5;3m[RouterExplorer] [39m[32mMapped {/api/payments/employer/cancel-subscription, POST} route[39m[38;5;3m +0ms[39m
[32m[Nest] 3052  - [39m29/05/2026 22:29:45 [32m    LOG[39m [38;5;3m[RouterExplorer] [39m[32mMapped {/api/payments/employer/spending, GET} route[39m[38;5;3m +1ms[39m
[32m[Nest] 3052  - [39m29/05/2026 22:29:45 [32m    LOG[39m [38;5;3m[RouterExplorer] [39m[32mMapped {/api/payments/worker/connect, POST} route[39m[38;5;3m +0ms[39m
[32m[Nest] 3052  - [39m29/05/2026 22:29:45 [32m    LOG[39m [38;5;3m[RouterExplorer] [39m[32mMapped {/api/payments/worker/dashboard-link, GET} route[39m[38;5;3m +0ms[39m
[32m[Nest] 3052  - [39m29/05/2026 22:29:45 [32m    LOG[39m [38;5;3m[RouterExplorer] [39m[32mMapped {/api/payments/worker/earnings, GET} route[39m[38;5;3m +0ms[39m
[32m[Nest] 3052  - [39m29/05/2026 22:29:45 [32m    LOG[39m [38;5;3m[RouterExplorer] [39m[32mMapped {/api/payments/webhook, POST} route[39m[38;5;3m +0ms[39m
[32m[Nest] 3052  - [39m29/05/2026 22:29:45 [32m    LOG[39m [38;5;3m[RoutesResolver] [39m[32mRatingsController {/api/ratings}:[39m[38;5;3m +0ms[39m
[32m[Nest] 3052  - [39m29/05/2026 22:29:45 [32m    LOG[39m [38;5;3m[RouterExplorer] [39m[32mMapped {/api/ratings, POST} route[39m[38;5;3m +0ms[39m
[32m[Nest] 3052  - [39m29/05/2026 22:29:45 [32m    LOG[39m [38;5;3m[RouterExplorer] [39m[32mMapped {/api/ratings/worker/:id, GET} route[39m[38;5;3m +0ms[39m
[32m[Nest] 3052  - [39m29/05/2026 22:29:45 [32m    LOG[39m [38;5;3m[RouterExplorer] [39m[32mMapped {/api/ratings/shift/:shiftId/mine, GET} route[39m[38;5;3m +1ms[39m
[32m[Nest] 3052  - [39m29/05/2026 22:29:45 [32m    LOG[39m [38;5;3m[RouterExplorer] [39m[32mMapped {/api/ratings/no-show/:shiftId, POST} route[39m[38;5;3m +0ms[39m
[32m[Nest] 3052  - [39m29/05/2026 22:29:45 [32m    LOG[39m [38;5;3m[RouterExplorer] [39m[32mMapped {/api/ratings/favourites, GET} route[39m[38;5;3m +0ms[39m
[32m[Nest] 3052  - [39m29/05/2026 22:29:45 [32m    LOG[39m [38;5;3m[RouterExplorer] [39m[32mMapped {/api/ratings/favourites/:workerId, POST} route[39m[38;5;3m +0ms[39m
[32m[Nest] 3052  - [39m29/05/2026 22:29:45 [32m    LOG[39m [38;5;3m[RouterExplorer] [39m[32mMapped {/api/ratings/favourites/:workerId, DELETE} route[39m[38;5;3m +0ms[39m
[32m[Nest] 3052  - [39m29/05/2026 22:29:45 [32m    LOG[39m [38;5;3m[RoutesResolver] [39m[32mShiftsController {/api/shifts}:[39m[38;5;3m +0ms[39m
[32m[Nest] 3052  - [39m29/05/2026 22:29:45 [32m    LOG[39m [38;5;3m[RouterExplorer] [39m[32mMapped {/api/shifts, POST} route[39m[38;5;3m +1ms[39m
[32m[Nest] 3052  - [39m29/05/2026 22:29:45 [32m    LOG[39m [38;5;3m[RouterExplorer] [39m[32mMapped {/api/shifts/employer/mine, GET} route[39m[38;5;3m +0ms[39m
[32m[Nest] 3052  - [39m29/05/2026 22:29:45 [32m    LOG[39m [38;5;3m[RouterExplorer] [39m[32mMapped {/api/shifts/employer/workers, GET} route[39m[38;5;3m +0ms[39m
[32m[Nest] 3052  - [39m29/05/2026 22:29:45 [32m    LOG[39m [38;5;3m[RouterExplorer] [39m[32mMapped {/api/shifts/:id, PATCH} route[39m[38;5;3m +0ms[39m
[32m[Nest] 3052  - [39m29/05/2026 22:29:45 [32m    LOG[39m [38;5;3m[RouterExplorer] [39m[32mMapped {/api/shifts/:id/cancel, POST} route[39m[38;5;3m +0ms[39m
[32m[Nest] 3052  - [39m29/05/2026 22:29:45 [32m    LOG[39m [38;5;3m[RouterExplorer] [39m[32mMapped {/api/shifts/:id/applications, GET} route[39m[38;5;3m +0ms[39m
[32m[Nest] 3052  - [39m29/05/2026 22:29:45 [32m    LOG[39m [38;5;3m[RouterExplorer] [39m[32mMapped {/api/shifts/:id/applications/:appId/approve, POST} route[39m[38;5;3m +0ms[39m
[32m[Nest] 3052  - [39m29/05/2026 22:29:45 [32m    LOG[39m [38;5;3m[RouterExplorer] [39m[32mMapped {/api/shifts/search, GET} route[39m[38;5;3m +1ms[39m
[32m[Nest] 3052  - [39m29/05/2026 22:29:45 [32m    LOG[39m [38;5;3m[RouterExplorer] [39m[32mMapped {/api/shifts/:id/apply, POST} route[39m[38;5;3m +0ms[39m
[32m[Nest] 3052  - [39m29/05/2026 22:29:45 [32m    LOG[39m [38;5;3m[RouterExplorer] [39m[32mMapped {/api/shifts/worker/applied, GET} route[39m[38;5;3m +0ms[39m
[32m[Nest] 3052  - [39m29/05/2026 22:29:45 [32m    LOG[39m [38;5;3m[RouterExplorer] [39m[32mMapped {/api/shifts/:id, GET} route[39m[38;5;3m +0ms[39m
[32m[Nest] 3052  - [39m29/05/2026 22:29:45 [32m    LOG[39m [38;5;3m[RoutesResolver] [39m[32mAdminController {/api/admin}:[39m[38;5;3m +0ms[39m
[32m[Nest] 3052  - [39m29/05/2026 22:29:45 [32m    LOG[39m [38;5;3m[RouterExplorer] [39m[32mMapped {/api/admin/workers/pending, GET} route[39m[38;5;3m +0ms[39m
[32m[Nest] 3052  - [39m29/05/2026 22:29:45 [32m    LOG[39m [38;5;3m[RouterExplorer] [39m[32mMapped {/api/admin/workers/:id/approve, POST} route[39m[38;5;3m +0ms[39m
[32m[Nest] 3052  - [39m29/05/2026 22:29:45 [32m    LOG[39m [38;5;3m[RouterExplorer] [39m[32mMapped {/api/admin/workers/:id/reject, POST} route[39m[38;5;3m +1ms[39m
[32m[Nest] 3052  - [39m29/05/2026 22:29:45 [32m    LOG[39m [38;5;3m[RedisService] [39m[32mRedis client initialized[39m
IMPORTANT! Eviction policy is allkeys-lru. It should be "noeviction"
IMPORTANT! Eviction policy is allkeys-lru. It should be "noeviction"
IMPORTANT! Eviction policy is allkeys-lru. It should be "noeviction"
IMPORTANT! Eviction policy is allkeys-lru. It should be "noeviction"
IMPORTANT! Eviction policy is allkeys-lru. It should be "noeviction"
IMPORTANT! Eviction policy is allkeys-lru. It should be "noeviction"
IMPORTANT! Eviction policy is allkeys-lru. It should be "noeviction"
IMPORTANT! Eviction policy is allkeys-lru. It should be "noeviction"
IMPORTANT! Eviction policy is allkeys-lru. It should be "noeviction"
IMPORTANT! Eviction policy is allkeys-lru. It should be "noeviction"
IMPORTANT! Eviction policy is allkeys-lru. It should be "noeviction"
[32m[Nest] 3052  - [39m29/05/2026 22:29:45 [32m    LOG[39m [38;5;3m[QuarterlySsSchedulerService] [39m[32m[SS Scheduler] Quarterly SS reminder cron registered: 0 9 1 3,6,9,12 *[39m
[32m[Nest] 3052  - [39m29/05/2026 22:29:45 [32m    LOG[39m [38;5;3m[NestApplication] [39m[32mNest application successfully started[39m[38;5;3m +2ms[39m
[31m[Nest] 3052  - [39m29/05/2026 22:29:45 [31m  ERROR[39m [38;5;3m[NestApplication] [39m[31mError: listen EADDRINUSE: address already in use :::3001[39m[38;5;3m +2ms[39m
node:net:1940
    const ex = new UVExceptionWithHostPort(err, 'listen', address, port);
               ^

Error: listen EADDRINUSE: address already in use :::3001
    at Server.setupListenHandle [as _listen2] (node:net:1940:16)
    at listenInCluster (node:net:1997:12)
    at Server.listen (node:net:2102:7)
    at ExpressAdapter.listen (C:\Users\j3_19\AppData\Roaming\MetaQuotes\Terminal\0727F3F88B5F0FE006962B330B91FF37\Turnos App\node_modules\@nestjs\platform-express\adapters\express-adapter.js:95:32)
    at C:\Users\j3_19\AppData\Roaming\MetaQuotes\Terminal\0727F3F88B5F0FE006962B330B91FF37\Turnos App\node_modules\@nestjs\core\nest-application.js:183:30
    at new Promise (<anonymous>)
    at NestApplication.listen (C:\Users\j3_19\AppData\Roaming\MetaQuotes\Terminal\0727F3F88B5F0FE006962B330B91FF37\Turnos App\node_modules\@nestjs\core\nest-application.js:173:16)
    at process.processTicksAndRejections (node:internal/process/task_queues:105:5)
    at async bootstrap (C:\Users\j3_19\AppData\Roaming\MetaQuotes\Terminal\0727F3F88B5F0FE006962B330B91FF37\Turnos App\apps\api\src\main.ts:37:3) {
  code: 'EADDRINUSE',
  errno: -4091,
  syscall: 'listen',
  address: '::',
  port: 3001
}

Node.js v24.6.0
